fact,scheduled,sent,received,accepted,fast,commit,wallet,member
b3e087c5e0a7ea4fbc74ef719d4513f6a0a3b2e019480514039d2feb3d93a266,1789808698671423000,1789808698671455000,1789808698690160000,1789808698691021000,1789808698710402000,1789808699132334000,1789808699585691000,1789808699611616000
10792647bf8d7511cfd17cac73375203e9e39a48b394d4369dafecaef9071a06,1789808698696423000,1789808698696717000,1789808698752235000,1789808698753072000,1789808698769409000,1789808699670338000,1789808700094455000,1789808700182238000
20af40399030417c2bd3a0cb4985116d68db7a21074759519bccd73e5c58076b,1789808698721423000,1789808698721513000,1789808698766227000,1789808698767073000,1789808698787377000,1789808699670338000,1789808700087593000,1789808700182271000
d8ad3de7b7cd1cf3d828d89ef9aa1a8c1eccac2a0945f9965968829238f68d27,1789808698746423000,1789808698746558000,1789808698774155000,1789808698774967000,1789808698809517000,1789808699670338000,1789808700084557000,1789808700162684000
e18dfb3e69e921755c2863aa207d6986e82e1ec3ec007d6a3b94324d089ac61e,1789808698771423000,1789808698771595000,1789808698864636000,1789808698866695000,1789808698890375000,1789808699670338000,1789808700090624000,1789808700182138000
f694f244c8412e8d0d7862150e5d2ab712af093c18d43009a8aece3205ba0ebb,1789808698796423000,1789808698796495000,1789808698864596000,1789808698865990000,1789808698912491000,1789808699670338000,1789808700087575000,1789808700182357000
e461e5c22cb637586fe272bec01752c915605660d93b278f9f43e5348a6f04a2,1789808698821423000,1789808698821524000,1789808698864374000,1789808698865270000,1789808698912513000,1789808699670338000,1789808700087599000,1789808700163281000
64b1621e6c8af7ea36be7949b3c93905c3d5e6318843958f3fc28a3601611ea5,1789808698846423000,1789808698846626000,1789808698895208000,1789808698909141000,1789808698929364000,1789808699670338000,1789808700104524000,1789808700162534000
defcd6698dfa2d406cd16a5443e91f50d916fa570c98b37d5a2b16075dcdda45,1789808698871423000,1789808698871579000,1789808699077438000,1789808699078901000,1789808699128365000,1789808700147350000,1789808700734642000,1789808700897873000
1199b0a6a25e997f1b2da30082e00644797f197389ba8af853b226fc78cc903c,1789808698896423000,1789808698896878000,1789808699082275000,1789808699083041000,1789808699128360000,1789808700147350000,1789808700734531000,1789808700897852000
ba68cfb0887f0ddc2aeab3b85b16699a84e126b1e500aa374accc89b5125f80d,1789808698921423000,1789808698921736000,1789808699077415000,1789808699078219000,1789808699109436000,1789808700147350000,1789808700734851000,1789808700897901000
e53acd513c861ae61c3208c93f35b3b7d4d107f0321caae10b0d746583d658d0,1789808698946423000,1789808698946735000,1789808698992455000,1789808698993295000,1789808699012358000,1789808700147350000,1789808700712352000,1789808700897733000
562aa54f15dd192fd3ffad8bae6e9b234110b3c168ed8547f8bedfec0492a71e,1789808698971423000,1789808698971554000,1789808699077716000,1789808699079531000,1789808699128355000,1789808700147350000,1789808700734788000,1789808700897842000
039c5fa0e6c6ad72e590d25b0e7891eee3ca8c2d80047ae22e93f3f571c5d467,1789808698996423000,1789808698996505000,1789808699101172000,1789808699101975000,1789808699128382000,1789808700147350000,1789808700734729000,1789808700897719000
b13c39ffb995132a70f8f322bf82f6e30da3965e9f7307d424c1cbfb35e7e009,1789808699021423000,1789808699021939000,1789808699114182000,1789808699141202000,1789808699150394000,1789808700147350000,1789808700734413000,1789808700897937000
ad4e39f6787ee4471d08ce3c6ec648969934f168f7d6d73aa235db710b921c13,1789808699046423000,1789808699046917000,1789808699121283000,1789808699142649000,1789808699150389000,1789808700147350000,1789808700734492000,1789808700897857000
598a7db0f43ed90f4296920691f7f1f01e00db31c4ec4d5c12f15d112cfadf67,1789808699071423000,1789808699071707000,1789808699121223000,1789808699141934000,1789808699150397000,1789808700147350000,1789808700734743000,1789808700897895000
6105042aa4d6e5fbbf9b15bfdfb88491d6949688fcfaf188ef2ccb1263cf0a3e,1789808699096423000,1789808699096584000,1789808699189603000,1789808699190399000,1789808699218382000,1789808700147350000,1789808700718565000,1789808700897945000
d10ac48b3b157b4b8bb74b3474426a615120c4f8f0cb44ede5f5e6a5c3819a7f,1789808699121423000,1789808699121618000,1789808699208193000,1789808699209017000,1789808699242348000,1789808700147350000,1789808700717408000,1789808700897725000
a216f35b88adf61fe53f75a78f25f0b580f1f1189be815ccc27a370c5ed04c23,1789808699146423000,1789808699146537000,1789808699238928000,1789808699240244000,1789808699270343000,1789808700147350000,1789808700720456000,1789808700896062000
cc94cf1126eca0a46f2ab344c246d154fa261af341129d414b240e7fd88600aa,1789808699171423000,1789808699172065000,1789808699238709000,1789808699239523000,1789808699270331000,1789808700147350000,1789808700720485000,1789808700897847000
7565db3e7aa36e4c87254d5ab4c54dba9500771a8edf7661d9fb380b2f82d94e,1789808699196423000,1789808699196978000,1789808699265281000,1789808699266070000,1789808699283374000,1789808700147350000,1789808700734424000,1789808700884725000
a9770841b377981e6a53ff41c83720ea9e6b036a0a5e2cd70dd8c51f2f943d31,1789808699221423000,1789808699221890000,1789808699297309000,1789808699298126000,1789808699328331000,1789808700147350000,1789808700734842000,1789808700884846000
b0c58bfdd06b9709cc57a06ec446d042ea6f88d32e04774d0b1cec5c65b5f7cd,1789808699246423000,1789808699246477000,1789808699329114000,1789808699329952000,1789808699358333000,1789808700147350000,1789808700734434000,1789808700897935000
da1dc955974b1dd0c7743e7c36e3fbb5b554f0f70af13cc63753e64f5d43ebe4,1789808699271423000,1789808699271454000,1789808699380720000,1789808699381513000,1789808699409403000,1789808700147350000,1789808700734675000,1789808700897946000
0a13171f61db8cb9b892f556f6de75a2d14bfff90c7fbecbe1cece92bdcae031,1789808699296423000,1789808699296731000,1789808699381379000,1789808699382830000,1789808699429352000,1789808700147350000,1789808700734789000,1789808700884763000
16f317bf3dc7550e11739c3db1d64fa2add82d2fda7b7dd0f1764d08fcc7f4cf,1789808699321423000,1789808699321483000,1789808699381350000,1789808699382149000,1789808699429363000,1789808700147350000,1789808700734762000,1789808700884768000
2774b93ce7d32360bcc6fcd1c3fed7a8cbb8352d3f5f2cb72c97862f0efc9a82,1789808699346423000,1789808699346544000,1789808699414205000,1789808699415002000,1789808699453400000,1789808700147350000,1789808700734580000,1789808700884782000
343d2377aca42e9402a2699e24206849fbf78d51dfe4772b1de30111832713c2,1789808699371423000,1789808699371531000,1789808699440347000,1789808699441149000,1789808699488336000,1789808700147350000,1789808700713588000,1789808700884852000
14adbe6b996b92f1b76cb7e96e83ccfc186df20b958ee25d17be099e4d8898c1,1789808699396423000,1789808699396613000,1789808699493763000,1789808699494575000,1789808699524410000,1789808700147350000,1789808700724612000,1789808700897737000
026e74b9240e2b875da73bbad955f0dbec750110b9e0bad2ead1330e0f120951,1789808699421423000,1789808699421605000,1789808699548980000,1789808699549821000,1789808699621373000,1789808700823291000,1789808701296556000,1789808701335458000
2d090ca92a1a97b18226d50f180dd5298bafb3e17afcccbb1a91e1cc936e49d7,1789808699446423000,1789808699446575000,1789808699549077000,1789808699550498000,1789808699621387000,1789808700823291000,1789808701296558000,1789808701335208000
1047aa82fdf56a3c79acd1572d7610c15e975abf1f003d48fa1579f76813d19d,1789808699471423000,1789808699471480000,1789808699517347000,1789808699518115000,1789808699547438000,1789808700823291000,1789808701297495000,1789808701335242000
5a44609d076d7d2c5bff0b7cef807d5772aa009acbed0e617ec4b81a097ee59f,1789808699496423000,1789808699496560000,1789808699574486000,1789808699575194000,1789808699621392000,1789808700823291000,1789808701296539000,1789808701334130000
04198650e0985c49a7fd51388d9aab59051ef928789058f5dfefb505cf25a5f2,1789808699521423000,1789808699521709000,1789808699606262000,1789808699607087000,1789808699646337000,1789808700823291000,1789808701296560000,1789808701334136000
ac2923847c2e24557797768e2c70f7e3117d16777f3b9dc324ab23401ad67571,1789808699546423000,1789808699546507000,1789808699642859000,1789808699688328000,1789808699664357000,1789808700823291000,1789808701314567000,1789808701339912000
66dd41d0b95157153bb2886b0db7ba5f4086b4b805c732f7d44dd86850101bb5,1789808699571423000,1789808699571665000,1789808699665471000,1789808699689031000,1789808699692404000,1789808700823291000,1789808701317530000,1789808701321194000
02826e952c82a9052345c61436165c7e8046b1de7576be407c4861b565ab0dc9,1789808699596423000,1789808699596681000,1789808699711329000,1789808699712164000,1789808699741365000,1789808700823291000,1789808701316386000,1789808701329915000
92d6a8eb1863f42bd1ffe918b7414d092e185dac176f0c1da7c08f36d5525f90,1789808699621423000,1789808699621421000,1789808699738158000,1789808699738988000,1789808699761317000,1789808700823291000,1789808701311345000,1789808701337133000
293c31a4c93bec68913e7fbeb60153e5f689848c6db5457f323e7dfd59873564,1789808699646423000,1789808699646507000,1789808699784309000,1789808699785477000,1789808699777290000,1789808700823291000,1789808701302519000,1789808701334115000
34f676ee3eb148e96c097e972dbbbaa4d9a2fddc3f8333c68c4091cfddac7de6,1789808699671423000,1789808699671604000,1789808699784802000,1789808699786194000,1789808699811288000,1789808700823291000,1789808701311309000,1789808701337179000
230ba2eb0a7186b717af942d481803d7d03f228ffbcfdc2921de6d79b6cc0327,1789808699696422999,1789808699696579000,1789808699783835000,1789808699784789000,1789808699777287000,1789808700823291000,1789808701302524000,1789808701334944000
114c527fede5690c290a055d385935db5249b7945e9b8e0422b7447114dbc7c6,1789808699721423000,1789808699721674000,1789808699806586000,1789808699807373000,1789808699846376000,1789808700823291000,1789808701296515000,1789808701334141000
573cd2f1319366b71af440243eddcb0b49fa2d5b79dd576d4e16578a4abbc16c,1789808699746423000,1789808699746625000,1789808699851446000,1789808699852188000,1789808699873352000,1789808700823291000,1789808701298400000,1789808701334738000
757353d09d6f92a365d5328ebeb6111f4bc7593d9bf1005771c9312bbdece630,1789808699771423000,1789808699771627000,1789808699881708000,1789808699882559000,1789808699906330000,1789808700823291000,1789808701306485000,1789808701335203000
4614a4320d821d12ac5358de5952fe51f9f79f98299c3c0cfe168fa3bb2c82fb,1789808699796423000,1789808699796634000,1789808699901321000,1789808699902779000,1789808699930341000,1789808700823291000,1789808701305525000,1789808701335518000
e3958e1cf0173a9738fd5a6066629775bb5c1fa7dbb435a544681beec64fa6a4,1789808699821423000,1789808699821580000,1789808699901267000,1789808699902071000,1789808699930380000,1789808700823291000,1789808701305506000,1789808701333916000
7bdfdc982eb932781d608c5e28fdb50d4e152df917dc8e4f1735de22a192b202,1789808699846423000,1789808699846646000,1789808699911631000,1789808699912416000,1789808699949334000,1789808700823291000,1789808701299533000,1789808701334173000
ffbd09928a9de59eb7472abb56f443b36dfc260591e83df90d22b7781570aa84,1789808699871423000,1789808699871475000,1789808699927294000,1789808699928135000,1789808699949357000,1789808700823291000,1789808701299549000,1789808701335472000
b036806fab15b6ba85dc46596b2036142a83d899b84fb4eb624169bba5c074a4,1789808699896423000,1789808699896420000,1789808699943202000,1789808699943944000,1789808699966318000,1789808700823291000,1789808701316396000,1789808701334202000
6e6cf23ef07080007c0b6ff54342685f7d4b151ebe8f99290b4e348918c88a56,1789808699921423000,1789808699921462000,1789808700007304000,1789808700008098000,1789808700038322000,1789808700823291000,1789808701313544000,1789808701339140000
7e5de32849870f218e975aa72e44a762703fc019b5e7715b873665483ee736ba,1789808699946423000,1789808699946555000,1789808700042726000,1789808700044044000,1789808700093329000,1789808700823291000,1789808701293576000,1789808701334146000
f80ecf498af26abf8677523eb28517dedc66368f835637e1b11b4dfc7c870c2e,1789808699971423000,1789808699971480000,1789808700023227000,1789808700023939000,1789808700065335000,1789808700823291000,1789808701315528000,1789808701334125000
d5ec1734cfa66b2f4baccb1b26c6d011064b1455617bb8d6c7757bdadeb1c391,1789808699996423000,1789808699996580000,1789808700060305000,1789808700061141000,1789808700093322000,1789808700823291000,1789808701293608000,1789808701334135000
b14bdf2632f70eff5e853461d12b66059735bc15d3c0c1c868738b36f088988e,1789808700021423000,1789808700021647000,1789808700094374000,1789808700096803000,1789808700119327000,1789808700823291000,1789808701294483000,1789808701329913000
1a51b3768e19367e9acaf591ac7893856fef27f7eb451155874e96d9499b2340,1789808700046423000,1789808700046476000,1789808700163837000,1789808700164648000,1789808700194338000,1789808700823291000,1789808701294504000,1789808701345065000
f436afd35aa1b40bc5628f17bde27e0a040512ac9c159d68d8f8a6b786d5a79c,1789808700071423000,1789808700071550000,1789808700179119000,1789808700180547000,1789808700234346000,1789808700823291000,1789808701309608000,1789808701335512000
a8837fb64797c4fff78a425bafb553a86214ea352fac38b95cb553601dd61449,1789808700096423000,1789808700096579000,1789808700179101000,1789808700179897000,1789808700234351000,1789808700823291000,1789808701309608000,1789808701335476000
c7a3eb0b782920aeabf885df572945c7f58dfd45175a2d1305a8dd92b2295521,1789808700121423000,1789808700121519000,1789808700163928000,1789808700165355000,1789808700234369000,1789808700823291000,1789808701309628000,1789808701335515000
4621e7ba6a4a9d7b16dc61b9e7e14ea88887a0829e762ba222386e077b541223,1789808700146423000,1789808700146674000,1789808700189441000,1789808700190243000,1789808700234343000,1789808701360383000,1789808701884494000,1789808701966632000
b4a7f7c4d7d8181466703ba57ef044bb1fdc4ed0a7b3a768ac0709b56216d781,1789808700171423000,1789808700171612000,1789808700280900000,1789808700282231000,1789808700327360000,1789808701360383000,1789808701877405000,1789808701966600000
c20e4e580486ad06179b93ba6ff3feed4b58a7684fe2148e77fd4b19c6bd3832,1789808700196423000,1789808700196424000,1789808700252234000,1789808700253055000,1789808700276312000,1789808701360383000,1789808701877026000,1789808701966459000
eb62ce3d15ebb8b912c1ad119cde54f95884708fe8150dbc1f2878a5cbb367b5,1789808700221423000,1789808700221568000,1789808700280687000,1789808700281531000,1789808700308358000,1789808701360383000,1789808701883528000,1789808701966508000
5763b1f6aa69195852bbf8410e6e65b2364edbf353b95445afbb0729c3b0ea83,1789808700246423000,1789808700246420000,1789808700302470000,1789808700303423000,1789808700327383000,1789808701360383000,1789808701877388000,1789808701933511000
b6b7d4f1cc4de2de0ff529c18d6834320d4e23a23d64ad8922b61c78d1cf6df7,1789808700271423000,1789808700271565000,1789808700324925000,1789808700325723000,1789808700348291000,1789808701360383000,1789808701910690000,1789808701928302000
250094e2883cccf1c3f2b83324abb9f5072e0a5bbec726f086acd152008a3c73,1789808700296423000,1789808700296417000,1789808700360367000,1789808700361190000,1789808700408300000,1789808701360383000,1789808701883505000,1789808701933501000
44c422598913dc467afad5da456c09c1d729f114216eea34a1b68a6eb813bbdf,1789808700321423000,1789808700321409000,1789808700422387000,1789808700423166000,1789808700448323000,1789808701360383000,1789808701910839000,1789808701966620000
1b411e0d189b98f180555f616fa9134b573e602c57351e059906118af79bbbef,1789808700346423000,1789808700346523000,1789808700403964000,1789808700411815000,1789808700431394000,1789808701360383000,1789808701881427000,1789808701966594000
0c4746b898090c17c50827e72fa5e097a63384c7f84a154387f536d37028d8f3,1789808700371423000,1789808700371501000,1789808700459266000,1789808700460696000,1789808700509387000,1789808701360383000,1789808701884501000,1789808701928299000
d556b6298273a4432a38b84a0c833ce75781af3283edf3adef9cb59fa54ec1f7,1789808700396423000,1789808700396519000,1789808700459172000,1789808700459994000,1789808700488455000,1789808701360383000,1789808701888570000,1789808701966574000
ec03aa7dfa455315b2265cea42deaca984f2338de04f4e0678372a66c8d46009,1789808700421423000,1789808700421422000,1789808700489318000,1789808700490134000,1789808700531318000,1789808701360383000,1789808701881402000,1789808701933541000
194e98a0138ed327ac30ab66179c29f44103f7f230779c67c63423b8d40c30db,1789808700446423000,1789808700446558000,1789808700507129000,1789808700507920000,1789808700531328000,1789808701360383000,1789808701881406000,1789808701966629000
ed75bf441104995069d43bc6191f906681ad37a9da87301db40730c68b1a4c67,1789808700471423000,1789808700471528000,1789808700553796000,1789808700554597000,1789808700559335000,1789808701360383000,1789808701884516000,1789808701966611000
ad1177f75113affea3c6cbd8b986b0212e2a034b130ca19bbbf97b8e1bf74567,1789808700496423000,1789808700496581000,1789808700564370000,1789808700565175000,1789808700585371000,1789808701360383000,1789808701885512000,1789808701966635000
2c7ae44c6bbb2d1395acd042b2adb1034896cf09e26f8b009a574721a97785d9,1789808700521423000,1789808700521574000,1789808700601774000,1789808700602651000,1789808700616390000,1789808701360383000,1789808701891473000,1789808701966580000
c00c4f93537060fdd73061cd2c9546af8b3bfe712bcaf772bfff6a75cfb938cd,1789808700546423000,1789808700546408000,1789808700621288000,1789808700622102000,1789808700644336000,1789808701360383000,1789808701910506000,1789808701966614000
5779d949f9e3206c094c6eb4e8153b4e1deceb0d43dfc07070c5bfbfd0aeab16,1789808700571423000,1789808700571552000,1789808700645703000,1789808700646596000,1789808700673485000,1789808701360383000,1789808701910838000,1789808701928277000
406e8388cd0abf8de8ecf38a949bbb0392ba6b5d40b7bb359b811c41a0a44f8d,1789808700596423000,1789808700596589000,1789808700667295000,1789808700668029000,1789808700694418000,1789808701360383000,1789808701910490000,1789808701933513000
2a2c1d0ea846c1ff633a5c70f8823609367605af45ad9afbea54ce4b70ff5430,1789808700621423000,1789808700621487000,1789808700716171000,1789808700750993000,1789808700719299000,1789808701360383000,1789808701910793000,1789808701966590000
e75b61f08d35a92191ee675e5e34cf0674b97f81759b8fe381ab4bf6b8289076,1789808700646423000,1789808700646525000,1789808700720364000,1789808700751647000,1789808700741310000,1789808701360383000,1789808701891497000,1789808701928299000
d95901025ef61019f3a844c629f308676009c67d5e5d40e38640ff7f54bc9053,1789808700671423000,1789808700671571000,1789808700925560000,1789808700927828000,1789808700962312000,1789808701972349000,1789808702487471000,1789808702548676000
1a9cb53be1a2d7ce4111e35418e0c0e63e7b980d020fd9da8d68569e11c77400,1789808700696423000,1789808700696437000,1789808700926325000,1789808700928516000,1789808700962304000,1789808701972349000,1789808702487491000,1789808702533542000
3d63d7b13637bd7668924e310b476766f282f10b6a93303d80c18419c63c39ca,1789808700721422999,1789808700721414000,1789808700923708000,1789808700925804000,1789808700962310000,1789808701972349000,1789808702487442000,1789808702533556000
2259ec86fee9e1e5473327700d800ee52f32c3796821c1ff84f11b24d5ca6bf0,1789808700746423000,1789808700746466000,1789808700923649000,1789808700924408000,1789808700932329000,1789808701972349000,1789808702507428000,1789808702533546000
146966b68bce9534c80fe37e0cce9feebbb89a311971b251e29ae1cc16be11de,1789808700771423000,1789808700771479000,1789808700924957000,1789808700927157000,1789808700962283000,1789808701972349000,1789808702487469000,1789808702533581000
18429aff000206c85d3c5e8a4159dbea5a1b258ae8a79cd6b4bb385a1511f352,1789808700796423000,1789808700796532000,1789808700923822000,1789808700925112000,1789808700962294000,1789808701972349000,1789808702487457000,1789808702548759000
162aed4828d8fc3ad85c62f160a3c0b58e39d0e5648fce96abfbce5562567c51,1789808700821423000,1789808700821637000,1789808700923719000,1789808700926500000,1789808700962286000,1789808701972349000,1789808702487475000,1789808702548673000
ac5c8269dfbafbb224683cd5ad1969af76feb46d5317badf2cb96b506cb258cf,1789808700846423000,1789808700846468000,1789808700926999000,1789808700929195000,1789808700962301000,1789808701972349000,1789808702487464000,1789808702533640000
6b961cb5efe48f8bb3031344ef8c9550fc43710eaadeb7cd3856a15a29665094,1789808700871423000,1789808700871702000,1789808700927592000,1789808700929862000,1789808700962321000,1789808701972349000,1789808702487450000,1789808702533578000
a3bb112992fe235d8b797faa5f1e78ec12cb26c425c4f4f5c4add5ed6e6f9094,1789808700896423000,1789808700896449000,1789808700954105000,1789808700954940000,1789808700979353000,1789808701972349000,1789808702504461000,1789808702533676000
95455f5e84aa986342096e8e038eabea0c4096a847b194005eaee01d743c7966,1789808700921423000,1789808700921814000,1789808701005250000,1789808701006692000,1789808701045302000,1789808701972349000,1789808702495696000,1789808702533533000
f3ffa66f2b5193226cadd2127476a6c87784cbf4a0170ff9ef9e532f1098a15b,1789808700946423000,1789808700946771000,1789808701005141000,1789808701005975000,1789808701029300000,1789808701972349000,1789808702504476000,1789808702533551000
8372ca1bd92109813e7ad5c232a955a038f68b0b487e3754acf9a7941c2ba2d6,1789808700971423000,1789808700971406000,1789808701030211000,1789808701031047000,1789808701060294000,1789808701972349000,1789808702485526000,1789808702533573000
6cf225643a3a27150771ff2c0716764639c89650051e60e1391aadab13e86a34,1789808700996423000,1789808700996865000,1789808701057140000,1789808701057967000,1789808701081354000,1789808701972349000,1789808702506384000,1789808702542679000
37013c94e5f65bf8c4d1507df8ef2df4ee60067f49fed0f846530623ef1a2b48,1789808701021423000,1789808701021431000,1789808701119250000,1789808701120087000,1789808701142279000,1789808701972349000,1789808702492307000,1789808702533576000
9443c1ca2a5bdf87477df1a118522599b6ab56485924f4f493fd358c67703556,1789808701046423000,1789808701046806000,1789808701149578000,1789808701151039000,1789808701197300000,1789808701972349000,1789808702497444000,1789808702533579000
c9ce9a3dfd0e4eeb9eee69d5d1ec1b9e916635c57a44bfee4229405eeecf93d4,1789808701071423000,1789808701073600000,1789808701149589000,1789808701151674000,1789808701177355000,1789808701972349000,1789808702502445000,1789808702533678000
f48bb39cc17d40f5f3d28728ab6ac29aee4437da98613a34a735ea32b423eab7,1789808701096423000,1789808701096628000,1789808701149576000,1789808701150380000,1789808701197309000,1789808701972349000,1789808702497437000,1789808702533573000
274375c9640c3e9be24162328fe08adf3b103499e622c4be8bd70bf78472d7ed,1789808701121423000,1789808701121544000,1789808701194368000,1789808701195179000,1789808701218375000,1789808701972349000,1789808702493408000,1789808702533538000
e1f0901a11e6175cbf252f023306ec3375b90b6e2a379074fde6b0206e7b43b3,1789808701146423000,1789808701146407000,1789808701278981000,1789808701301752000,1789808701323334000,1789808702650337000,1789808703198443000,1789808703199092000
6ae1fe490f4576a37de9f4948256f7cb0af9ad8f28857264d59a92beb743b119,1789808701171423000,1789808701171408000,1789808701246493000,1789808701247275000,1789808701272231000,1789808702650337000,1789808703197399000,1789808703198018000
8f7f2c92f207be3c9ba6d262920f68ca2b8f083b4db17f0ce96106e776c14a51,1789808701196423000,1789808701196494000,1789808701290405000,1789808701302426000,1789808701323327000,1789808702650337000,1789808703198421000,1789808703198979000
dc7f592ac66ab90e68ef0a4ba67017a9ee4824645f1b0b248f3b0debf8b33138,1789808701221423000,1789808701221586000,1789808701278922000,1789808701301106000,1789808701323341000,1789808702650337000,1789808703198454000,1789808703199011000
a2d4b2ece2fdb0e36942cd53dd8a8badb3de5e9fd842009f3e55cf8d42a2e6ac,1789808701246423000,1789808701246523000,1789808701337684000,1789808701376575000,1789808701368296000,1789808702650337000,1789808703193314000,1789808703194173000
37b1c30d4e587035878f4be1b41a685d9f5cd3df11958b2d4280708ab0c55d1b,1789808701271423000,1789808701271619000,1789808701337608000,1789808701375887000,1789808701393332000,1789808702650337000,1789808703193357000,1789808703194179000
acf94b126a104aec38da325904e83f6afd9a17ee9fe79b42741a308bfe8475be,1789808701296423000,1789808701296567000,1789808701373147000,1789808701377216000,1789808701407385000,1789808702650337000,1789808703207418000,1789808703208027000
4bf7e7520bf83429c84b93c5c61ca01e97713b118edeb54a9dd8b856673f9260,1789808701321423000,1789808701321406000,1789808701386118000,1789808701386887000,1789808701407384000,1789808702650337000,1789808703207422000,1789808703207990000
c3a9e8f8c248cf14a3165aa861e480ccdd7c6b49668449ff8249873109ebf147,1789808701346423000,1789808701346523000,1789808701412101000,1789808701412905000,1789808701455339000,1789808702650337000,1789808703205599000,1789808703206217000
4981f93782f23fba19bb129213a9d93ff7e888021922be60dee428291d65107a,1789808701371423000,1789808701371624000,1789808701451461000,1789808701452269000,1789808701472313000,1789808702650337000,1789808703197433000,1789808703198014000
fb512a1d6d50934fbc58881bacc536bc84f092e789e7832a3b4136aa6b4cb77a,1789808701396423000,1789808701396643000,1789808701484082000,1789808701484910000,1789808701515329000,1789808702650337000,1789808703190521000,1789808703215881000
c7e62206fc66a79be53d2f9050c5e21b6232894d723c13f2cec4e51eb79748be,1789808701421423000,1789808701421420000,1789808701510159000,1789808701510957000,1789808701531338000,1789808702650337000,1789808703206364000,1789808703206921000
eb21fb6df4a46d6d1368fd0efefce5c00e355b6a3836b96070f794702121ab47,1789808701446423000,1789808701446538000,1789808701552307000,1789808701553135000,1789808701595309000,1789808702650337000,1789808703195592000,1789808703196295000
5153d3205b57e07593e831ba1d510a3ac48faceb68dcf929c32351489d63deaa,1789808701471423000,1789808701471634000,1789808701535853000,1789808701536683000,1789808701563397000,1789808702650337000,1789808703188505000,1789808703214162000
4900324ae8e560011feb6a1b2c74a946088d51f94f2092f88bc1c680aa2cdef4,1789808701496423000,1789808701496438000,1789808701558045000,1789808701558873000,1789808701595325000,1789808702650337000,1789808703195612000,1789808703196291000
78de521fddbd9a9fb78fb754414e5d05fa56fa2ac437622b489aeb6dc5ba4813,1789808701521423000,1789808701521651000,1789808701586780000,1789808701587562000,1789808701610312000,1789808702650337000,1789808703185352000,1789808703211105000
e93d2762b4b39fff60265dd2b85731e1bc1826d9eb7332b155f4480ccb2fc61b,1789808701546423000,1789808701546526000,1789808701611262000,1789808701612087000,1789808701638346000,1789808702650337000,1789808703188526000,1789808703214163000
fb6a32b34a43411a5d2585a0979a03dddf038815ca133f0f7ad1fc5f70fa7286,1789808701571423000,1789808701571629000,1789808701645665000,1789808701646486000,1789808701668338000,1789808702650337000,1789808703193345000,1789808703194135000
4da347c1b06bf03e0153ae1323717bcc7fdc277aa5a12051ed6486e747a6ec62,1789808701596423000,1789808701596645000,1789808701673289000,1789808701674134000,1789808701708405000,1789808702650337000,1789808703208864000,1789808703209478000
57ed786cc3195e20805d0d89187c4abf9b0cce2242998c4e6e1cbff7b5a4f38a,1789808701621423000,1789808701621606000,1789808701693959000,1789808701694778000,1789808701735317000,1789808702650337000,1789808703185389000,1789808703211099000
876d1b89f7e0a5a11b6fb19071bca66e98d421cb4f7fd184b6e1ce7dc9250f48,1789808701646423000,1789808701646462000,1789808701709269000,1789808701710016000,1789808701761421000,1789808702650337000,1789808703186520000,1789808703211981000
c834cdf9919bb186846977d0877889aafec0702860e6ea144f8a74ef01804930,1789808701671423000,1789808701671547000,1789808701725892000,1789808701726621000,1789808701761420000,1789808702650337000,1789808703186499000,1789808703211981000
ba2ae2d69c8e679d54a184d158bb16df456c13f8fb133b1cd93e0b34f019d435,1789808701696423000,1789808701696663000,1789808701791108000,1789808701791929000,1789808701826350000,1789808702650337000,1789808703201919000,1789808703202646000
0fd769e8857e5793eea42c558d32fb137b7681142503ac62ed173d8f14c4cfb9,1789808701721423000,1789808701721469000,1789808701824319000,1789808701825760000,1789808701859368000,1789808703238259000,1789808703794928000,1789808703835299000
cf1f0a8e4f4a00149a644692c60e06db84fc79158ac6ea2796bd47804ff784f0,1789808701746423000,1789808701746583000,1789808701824303000,1789808701825094000,1789808701859355000,1789808703238259000,1789808703794921000,1789808703835257000
6b8edd1c05952c19caba907361fa3d3afd6a1f8e39994e2fabce6ac796e32b32,1789808701771423000,1789808701771528000,1789808701824324000,1789808701826419000,1789808701859351000,1789808703238259000,1789808703794649000,1789808703835478000
574a0e034485f85acec29f28635a64cc1aa2cef2717b241d476d2f3bf61bd34a,1789808701796423000,1789808701796534000,1789808701886384000,1789808701891939000,1789808701927371000,1789808703238259000,1789808703835061000,1789808703852662000
73b466993305aa3c9ba2bbb939ca3498d69a266a107bfd6b5efad776e21d301f,1789808701821423000,1789808701821625000,1789808701886407000,1789808701892601000,1789808701972368000,1789808703238259000,1789808703834689000,1789808703852574000
62d13ff766c0ed62d99c940621bdaa39ce7168e8946e7954b25c6ec2ca6e50b2,1789808701846423000,1789808701846525000,1789808701947175000,1789808701990049000,1789808702016371000,1789808703238259000,1789808703794454000,1789808703835381000
501660124d58deeea9fc7552ff53b09d150ba0263710895405631c1821cc0326,1789808701871423000,1789808701871565000,1789808701967478000,1789808701990737000,1789808702016383000,1789808703238259000,1789808703794884000,1789808703834984000
4ecb7ea5ba0427a44263e3357ec3f43ad403f0ea4de4175b23fbccc93ca1a1cc,1789808701896423000,1789808701910818000,1789808702029891000,1789808702030735000,1789808702042328000,1789808703238259000,1789808703794682000,1789808703852513000
8dad9466ad717ec9afe59b27231656cd4c362e9860a78fa3415cb9523e9d46d3,1789808701921423000,1789808701927672000,1789808702007868000,1789808702008738000,1789808702042305000,1789808703238259000,1789808703795063000,1789808703835325000
e7d279ae6cd1f60ddb8644ad26048ecc8bd9e2a5c921e896c405e5d705bf0e7c,1789808701946423000,1789808701946554000,1789808702030593000,1789808702031436000,1789808702058362000,1789808703238259000,1789808703783452000,1789808703834929000
5e75404694b31170dd710873ef73bb6cc36ac3897b7eca83e9e7d1c1394ce7ef,1789808701971423000,1789808701971584000,1789808702059256000,1789808702065187000,1789808702103309000,1789808703238259000,1789808703835208000,1789808703852692000
ba634ecde5c5bb35cf620ff9542e20fd8dda1aafba74189bb64f067817e8638a,1789808701996423000,1789808701996567000,1789808702059258000,1789808702065901000,1789808702082312000,1789808703238259000,1789808703782758000,1789808703852565000
e5e353e7e170d05b4e505ba9916c6cdade2e9fdf28cf3d1bae31017157d33ddd,1789808702021423000,1789808702021606000,1789808702125115000,1789808702125926000,1789808702146376000,1789808703238259000,1789808703834682000,1789808703852752000
608c314cec857f70ec924480441989b06716865b0eef7ad42cf356be06aa7121,1789808702046423000,1789808702046473000,1789808702125133000,1789808702126611000,1789808702166322000,1789808703238259000,1789808703794958000,1789808703835284000
ba94d20a5ebe0ccea27c185d373db27f0867e943bb8b00f13f170f6dbd4604a3,1789808702071423000,1789808702071558000,1789808702147368000,1789808702159461000,1789808702198369000,1789808703238259000,1789808703834763000,1789808703852689000
24614b44b8894c4d362dda0d287bbfe024b94915bd4d39b1cac7683510285416,1789808702096423000,1789808702096513000,1789808702147498000,1789808702160117000,1789808702198495000,1789808703238259000,1789808703834831000,1789808703852858000
4cec8272dd9c0ab50d73100ad3f72f0a2a26e690550f481a444da41af20f9cee,1789808702121423000,1789808702121512000,1789808702174491000,1789808702175182000,1789808702218371000,1789808703238259000,1789808703794804000,1789808703835292000
54ae7ac9588141af33ed09109beb49efcd1d719c1a38b979a94a8eb9bbadb81d,1789808702146423000,1789808702146428000,1789808702232108000,1789808702232934000,1789808702272389000,1789808703238259000,1789808703834726000,1789808703852843000
7aa4bfad476974825428570831a592d025cf7fcecdafc4cfce9020e262ac5742,1789808702171423000,1789808702171643000,1789808702226171000,1789808702226973000,1789808702260328000,1789808703238259000,1789808703794805000,1789808703835421000
3588356e6dd25b421b475c7e7c2eba657ab441a283a6cd71df900731f6509683,1789808702196423000,1789808702196602000,1789808702272629000,1789808702273429000,1789808702289306000,1789808703238259000,1789808703794807000,1789808703852653000
80f3b42896a0b26622c72025f148f4c48571a3b4e786a942e46b289227862ecb,1789808702221423000,1789808702221430000,1789808702273272000,1789808702274133000,1789808702330291000,1789808703238259000,1789808703780540000,1789808703852505000
20a4472f86e9fb8cdafdc37b97b2509ae2bcc93c9c2f62a62b085c11cc8c45bc,1789808702246423000,1789808702246535000,1789808702321085000,1789808702321868000,1789808702353285000,1789808703238259000,1789808703835191000,1789808703852688000
25bb9ff8a1863fb1c6ff23b80518cbfd14d060189128ddcd12e1235fbf233009,1789808702271423000,1789808702271637000,1789808702369335000,1789808702370166000,1789808702421370000,1789808703238259000,1789808703834668000,1789808703852517000
45e40d5a5c94158c5b677254ac629f46977e0f360f5afdb9eda8e7d341ca77b9,1789808702296423000,1789808702296518000,1789808702358043000,1789808702358856000,1789808702379320000,1789808703238259000,1789808703779382000,1789808703834794000
5ec1fd07412c024ef3d95240652764b0025f244123850df1ec36693a0cbd0d06,1789808702321423000,1789808702321475000,1789808702406140000,1789808702406952000,1789808702441298000,1789808703900377000,1789808704416302000,1789808704434929000
c55020ffdf6853bbba34eb7145ebdf740df18295dd3e01d60c35f5fa1837e8cd,1789808702346423000,1789808702346456000,1789808702416171000,1789808702416990000,1789808702441278000,1789808703900377000,1789808704416320000,1789808704435229000
3ae29bb7acaea0b128353f63c3be9b056b58c08069747cc1b3a5815ba05b0aec,1789808702371423000,1789808702371426000,1789808702479432000,1789808702514518000,1789808702512267000,1789808703900377000,1789808704412405000,1789808704423786000
e3cbf23b4b747873f096e64ddab1f50e190b518ca7074efd7cb4f70ffe3b371f,1789808702396423000,1789808702396403000,1789808702442866000,1789808702443663000,1789808702464573000,1789808703900377000,1789808704414601000,1789808704434925000
e21db53e33101ec88f3359439c2e44d81a1620a7c3b7d6498e2340e6bda875e0,1789808702421423000,1789808702421424000,1789808702513237000,1789808702515208000,1789808702532302000,1789808703900377000,1789808704407367000,1789808704434960000
a4b7753d348b239478ca2701139b2157a3672e5d769796ab15de2f9b0e512a33,1789808702446423000,1789808702446541000,1789808702543280000,1789808702670639000,1789808702578320000,1789808703900377000,1789808704403335000,1789808704403966000
162f4aa54980b4679f6437d6edb09c31f0bb592646dd280686bf47c280a5c507,1789808702471423000,1789808702471662000,1789808702533932000,1789808702534756000,1789808702560329000,1789808703900377000,1789808704410429000,1789808704424023000
4397944dde9c790fb4d5d3cb4e3e4f6138a5500fdb8116459882a882fd588eb7,1789808702496423000,1789808702496482000,1789808702557295000,1789808702669277000,1789808702578330000,1789808703900377000,1789808704403324000,1789808704424004000
551309681d53a95a0595fce45e4adeb2347f0c6ffcf0bedc4543e672042f82c2,1789808702521423000,1789808702521513000,1789808702575204000,1789808702670024000,1789808702596294000,1789808703900377000,1789808704396472000,1789808704434906000
4ff08b923e1fc46358029470a05ad13bac993b8a310f2cbb38b66a1a86a57884,1789808702546423000,1789808702546543000,1789808702639112000,1789808702671309000,1789808702678376000,1789808703900377000,1789808704403411000,1789808704434930000
e63c1bf8a413626ce3d749e78d57854e738cd368529b9888ad5cd94c67b581ed,1789808702571423000,1789808702571538000,1789808702669881000,1789808702671947000,1789808702715400000,1789808703900377000,1789808704415411000,1789808704435253000
5469b22070fc2cfa12a8318d3281fb1b4191d92bb43e46303ac18f13805cb71c,1789808702596423000,1789808702596429000,1789808702697961000,1789808702699341000,1789808702755407000,1789808703900377000,1789808704405621000,1789808704424211000
0d5aa42ed5601d88521037a47b1051606958d4fcbf76013bb1d5209922e45594,1789808702621423000,1789808702621561000,1789808702697798000,1789808702698626000,1789808702755357000,1789808703900377000,1789808704405632000,1789808704424078000
a12c8beda0897987a03cff3c237c455ccf46f0cdd97040d89d1fd44341050700,1789808702646423000,1789808702646477000,1789808702732637000,1789808702733435000,1789808702780331000,1789808703900377000,1789808704405600000,1789808704424010000
3f1f4f1277e4ada37288dff9adc6b5919db70a88dee65fd5289ac9f793724426,1789808702671423000,1789808702671447000,1789808702756256000,1789808702757748000,1789808702805357000,1789808703900377000,1789808704405617000,1789808704434976000
653050ec026afeac90b8235b970a54b53d2af7a01029c5f1b6f985710c48c9e7,1789808702696423000,1789808702696386000,1789808702756215000,1789808702757051000,1789808702805333000,1789808703900377000,1789808704405594000,1789808704407920000
3e86785f41a859cf1327069b26c01a90798fdf7b71dde0a389148a6d2084b705,1789808702721423000,1789808702721434000,1789808702803432000,1789808702804258000,1789808702833393000,1789808703900377000,1789808704408432000,1789808704435279000
2d11e400d64098672290dca2bd70fe9bc9dd5aae236bf3f133b3988a0ea71844,1789808702746423000,1789808702746429000,1789808702820208000,1789808702821025000,1789808702860282000,1789808703900377000,1789808704410417000,1789808704424170000
5cbc30fcb43b186b0c6de56f5f6249ea8b2b986eb990adfad837b65ce40594a1,1789808702771422999,1789808702771527000,1789808702845128000,1789808702846585000,1789808702885379000,1789808703900377000,1789808704410410000,1789808704424073000
e3d36ac04d029d79cd1b502954075b4ebc2f96c136110c49e5ecf56a844561ca,1789808702796423000,1789808702796437000,1789808702845094000,1789808702845891000,1789808702885347000,1789808703900377000,1789808704410439000,1789808704424140000
92fefed4fbefc0cc2bef6dd47f7e147000400730b11e6c037a625012bd2d9620,1789808702821423000,1789808702821412000,1789808702883361000,1789808702884154000,1789808702913313000,1789808703900377000,1789808704413388000,1789808704434916000
11a259f481795ff8c2c69e19ede46b2f5109b3c39b3b9289d334bd002e45f68b,1789808702846423000,1789808702846553000,1789808702908635000,1789808702909445000,1789808702947345000,1789808703900377000,1789808704397497000,1789808704434922000
75ed9710062a4f3a0d60dfe1bd3c185049df356b607740f72459eb61bc924ce5,1789808702871423000,1789808702871461000,1789808702939174000,1789808702939981000,1789808702983307000,1789808703900377000,1789808704408425000,1789808704435228000
8259175cb4e7d27c8fe3c1dd35bfb78fbb5fbd8262898e199e0316a27d767630,1789808702896422999,1789808702896389000,1789808702948194000,1789808702949041000,1789808703009272000,1789808703900377000,1789808704409423000,1789808704435246000
f0eebf1908b77ef9b815498952737ee5deab2888e51285bd822d2198135addd0,1789808702921423000,1789808702921382000,1789808702971313000,1789808702972109000,1789808703009282000,1789808703900377000,1789808704409409000,1789808704435293000
964a21844216826705ef9fddf8ba44c3d8d72e17f0363f4e4716d8d0293259f2,1789808702946423000,1789808702946480000,1789808702997239000,1789808702998146000,1789808703036301000,1789808703900377000,1789808704411376000,1789808704424041000
490142f1da5b216daa1771b04ab9131c47ad0c62db747da96cb484b06d29adff,1789808702971423000,1789808702971381000,1789808703079498000,1789808703080338000,1789808703112357000,1789808703900377000,1789808704412433000,1789808704435230000
8d25e7e834a3211489fa19af2f4c0ad80f3a53294d2596bbf005d7e11c6915dc,1789808702996423000,1789808702996481000,1789808703057211000,1789808703057948000,1789808703085275000,1789808703900377000,1789808704410394000,1789808704424185000
8e48fc831d6bf6115476baa0d11a42494717180970e770b0768957dc6b0fdf05,1789808703021423000,1789808703021482000,1789808703089350000,1789808703090141000,1789808703128271000,1789808703900377000,1789808704403318000,1789808704403966000
e72faa6e560aad085e0d001aa2165d08c123a8be447ee9dfadd96c5143a69358,1789808703046423000,1789808703046446000,1789808703103207000,1789808703104007000,1789808703128265000,1789808703900377000,1789808704403300000,1789808704403970000
72f696cccc766921ed40159bd0fb695e69b9eb858f10f444ec813f782b6088e3,1789808703071423000,1789808703071520000,1789808703140525000,1789808703178356000,1789808703173959000,1789808703900377000,1789808704399041000,1789808704435162000
5e6b10bdd02a7f0aee5a50c1ccfdf10edb16874ed1f316712fec4d1f74288dd7,1789808703096423000,1789808703096475000,1789808703188245000,1789808703189053000,1789808703241379000,1789808703900377000,1789808704416410000,1789808704435232000
44d4e49e6887604c734a4006de044a8b3f65b3171151c0701f1b2626ba25f9eb,1789808703121423000,1789808703121465000,1789808703174602000,1789808703179047000,1789808703241325000,1789808703900377000,1789808704416326000,1789808704435426000
40de612a96459234cce95ce51c3225198e90b00d5d551d06145985fc2bf285f1,1789808703146423000,1789808703173697000,1789808703239013000,1789808703259366000,1789808703258319000,1789808703900377000,1789808704408427000,1789808704435118000
68046b3325b4da45143b0f46006ca37a5c1c04fd66a2cba79fc4c2ece22ed796,1789808703171423000,1789808703173946000,1789808703239015000,1789808703260051000,1789808703258332000,1789808703900377000,1789808704408403000,1789808704434911000
674b376b9a76a09a88a3d35de4c78e44ab8b370e48aaa70d1fd571e729891492,1789808703196423000,1789808703196404000,1789808703301067000,1789808703324714000,1789808703341428000,1789808704423273000,1789808704891514000,1789808704942162000
b28c61b0a6a5d54ceb7705318627882cd619c35ccd92821d80805d033e5799f9,1789808703221423000,1789808703221647000,1789808703253419000,1789808703260740000,1789808703285308000,1789808703900377000,1789808704410425000,1789808704424151000
823228a2b4bbf9e7e5f782177fd689cc3fb88148a43921a30577b37e2251c415,1789808703246423000,1789808703246414000,1789808703311212000,1789808703325400000,1789808703376352000,1789808704423273000,1789808704876906000,1789808704969815000
37661f9e88f22b2c135617309bc548b56b894a7fe9248747d36d20d2c6287886,1789808703271423000,1789808703272041000,1789808703342350000,1789808703343159000,1789808703400264000,1789808704423273000,1789808704875373000,1789808704957133000
6c95debe8da3ddeeb96dca5c0650da1fdc3302e18dca255d2fae1b2f870309fc,1789808703296423000,1789808703296368000,1789808703342403000,1789808703343858000,1789808703400263000,1789808704423273000,1789808704875366000,1789808704969689000
9fc18febe4f82b28e19aed09251edc79f7f4df14c7e1fbc6d7b76afb7913ca2c,1789808703321423000,1789808703322063000,1789808703405193000,1789808703405991000,1789808703424321000,1789808704423273000,1789808704899560000,1789808704957158000
cdc0cd34bbf4653b95989d1c011375556d26cfedfdc0a9d8bc0926f655a3e8df,1789808703346423000,1789808703346670000,1789808703430942000,1789808703432225000,1789808703462367000,1789808704423273000,1789808704887398000,1789808704937994000
8823d303640bc76b594f367dc3eda0115ea7f25b7bd3812431dcdda963ae1c9f,1789808703371423000,1789808703376786000,1789808703430725000,1789808703431525000,1789808703448333000,1789808704423273000,1789808704898339000,1789808704969677000
4fd24facc09dcf3d28c654dd43b14f57badfbb12b24d0e056b9713f9bb3347cc,1789808703396423000,1789808703396389000,1789808703437125000,1789808703437933000,1789808703462361000,1789808704423273000,1789808704887433000,1789808704938027000
a3bb232bc36de62ba2a229cc176a23c0bcb84567d6c0bee639369ddb4222a588,1789808703421423000,1789808703421507000,1789808703479578000,1789808703480356000,1789808703500264000,1789808704423273000,1789808704900271000,1789808704969839000
6f3ffda625b9c9e7df067265e2a7df235cec7a82697e002d2a050c5066b57944,1789808703446423000,1789808703446417000,1789808703514243000,1789808703515069000,1789808703537280000,1789808704423273000,1789808704887422000,1789808704937916000
ceef9ad82a14bd6aed5fdf69f01455cd0d096057aef5ca238d746cee20f1a108,1789808703471423000,1789808703471677000,1789808703514281000,1789808703515786000,1789808703561261000,1789808704423273000,1789808704886459000,1789808704937226000
2c815399b156f5cef485652f16a5ee34b62e0fbee48d931e632d321cf2ebaefc,1789808703496423000,1789808703496396000,1789808703562096000,1789808703562911000,1789808703587360000,1789808704423273000,1789808704887436000,1789808704938037000
8096e6092155cf7d484008489e11634912dbd10f206fce5a869348abe06db99f,1789808703521423000,1789808703522019000,1789808703635120000,1789808703635865000,1789808703663283000,1789808704423273000,1789808704888703000,1789808704939306000
dd613c791a8269314071562aa8018eaf0d8d6dc199fb9415a20fee0166950c08,1789808703546423000,1789808703546421000,1789808703596375000,1789808703597280000,1789808703627317000,1789808704423273000,1789808704877338000,1789808704969701000
c792e7521963197ea97e8d49f6f7de91927671f1b85fe55bdd2121d488624e96,1789808703571423000,1789808703571383000,1789808703668325000,1789808703669127000,1789808703696268000,1789808704423273000,1789808704896503000,1789808704969708000
23d9958a2f861921b14099a9fc0a9f9824ed846fae2fe5ef39fd260163054946,1789808703596423000,1789808703596479000,1789808703674200000,1789808703675016000,1789808703719316000,1789808704423273000,1789808704894827000,1789808704944974000
05334f173e9349d4ff498c28f86e1d0f96a83750c431700e2a6cc7cabeffcbe9,1789808703621423000,1789808703621896000,1789808703674233000,1789808703675703000,1789808703719312000,1789808704423273000,1789808704894811000,1789808704944964000
4849d0b290360b8943071cf9a7c697a4c71ed8f4ca2a9d90c91db7fd58652155,1789808703646423000,1789808703650767000,1789808703720194000,1789808703720926000,1789808703739322000,1789808704980315000,1789808705517640000,1789808705626984000
ffc31ee84d54610cc46ec2719bf6be572cc5757ab6bb80b6fa7b57ea0bfb00d1,1789808703671423000,1789808703671599000,1789808703745315000,1789808703746144000,1789808703834450000,1789808704980315000,1789808705517528000,1789808705610260000
2895488061e2b537b6683bf092c2e35a02fb9ec4c627cc1594a068775e6853b0,1789808703696423000,1789808703696574000,1789808703773353000,1789808703809170000,1789808703834431000,1789808704980315000,1789808705517925000,1789808705610260000
6f9d92c3559af377502bcda217a152aef16f42081065d1825666976213e9f20d,1789808703721423000,1789808703721380000,1789808703809329000,1789808703810103000,1789808703867331000,1789808704980315000,1789808705517355000,1789808705627148000
91168dee565e0ab915e9557d6386675a366f3e085dd5e66bc6f6429424971d3f,1789808703746423000,1789808703746691000,1789808703841321000,1789808703916984000,1789808703890365000,1789808704980315000,1789808705517798000,1789808705620672000
d4110b17f27d96256cd0e3b2d3cc29168b9ac76c4e55a9dfe3be47c640e03abd,1789808703771423000,1789808703771742000,1789808703841501000,1789808703915569000,1789808703890360000,1789808704980315000,1789808705517377000,1789808705620616000
3f0505e8944b8f22e75d30b7c5ce75a47320243e7f1d929ec27fa46c82bd0bc8,1789808703796423000,1789808703834622000,1789808703901220000,1789808703916259000,1789808703973368000,1789808704980315000,1789808705530760000,1789808705626984000
0169c86dad53c2b29769821d8ba5f82071dbee0c2690c762f9ecca5e27938033,1789808703821423000,1789808703835247000,1789808703907057000,1789808703917688000,1789808704014293000,1789808704980315000,1789808705517934000,1789808705626784000
79a982e8324f76ef461b8fa71aa6f886147dfb8a0f9417d6189912f03683c316,1789808703846423000,1789808703846634000,1789808703939339000,1789808703940740000,1789808704014293000,1789808704980315000,1789808705517821000,1789808705620598000
eeb05c983582d4bda3122f41e2083e8fb67572721b2ad2da334651003db06be5,1789808703871423000,1789808703871749000,1789808703939267000,1789808703940071000,1789808704014286000,1789808704980315000,1789808705517933000,1789808705617858000
99ffb70b9273c35c43f07a2965d625c220ac2de718dfd06b7bd200cd451d3c11,1789808703896423000,1789808703896708000,1789808703945109000,1789808703945909000,1789808704014270000,1789808704980315000,1789808705517893000,1789808705620604000
d4052515487c35ce3c78da7e7b2fef6ed9a36678c69e702b02803d8eacc8a07e,1789808703921423000,1789808703921385000,1789808704015361000,1789808704016186000,1789808704040281000,1789808704980315000,1789808705517343000,1789808705620658000
f06016d79e265fd4bf4351fb35ff153ac3c9288da3025c0332a1bc9255b970d5,1789808703946423000,1789808703946734000,1789808704054907000,1789808704056595000,1789808704085282000,1789808704980315000,1789808705517357000,1789808705626807000
bcf76c0e0292945e7bf6eb6ba2cb69f41f3399f225cd48578fcb13b89336668b,1789808703971423000,1789808703971458000,1789808704054428000,1789808704055257000,1789808704062337000,1789808704980315000,1789808705517819000,1789808705620522000
bb9748a61a5805078a94db865751829f9035185524351d038de4df0fd517f252,1789808703996423000,1789808703996642000,1789808704054907000,1789808704055935000,1789808704085290000,1789808704980315000,1789808705517660000,1789808705627065000
f18f7679e00c4f29f6ca690398184938109d8cebb21d1ebc36fb50a23b9048a0,1789808704021423000,1789808704021675000,1789808704070126000,1789808704077344000,1789808704115301000,1789808704980315000,1789808705517809000,1789808705620577000
984cf8f2d42e945a5bf72003d067df596ede515a82848035d1c3556dd5082e08,1789808704046423000,1789808704046378000,1789808704161409000,1789808704162136000,1789808704188305000,1789808704980315000,1789808705517656000,1789808705626796000
54a6b2cf593fc6a202d2c72af7faab01601f956f837c679442ed67f0c0ccebc7,1789808704071423000,1789808704071700000,1789808704193059000,1789808704193774000,1789808704235270000,1789808704980315000,1789808705517593000,1789808705620558000
5cb313b7f0a0984eeb1878e616bc6236f02935762941d9698496bd1748151d81,1789808704096423000,1789808704096757000,1789808704164400000,1789808704165189000,1789808704220309000,1789808704980315000,1789808705530661000,1789808705627073000
3b976d68be29668ff333c6237cd816a3d562e0f03b9f7b277937714b6788ad7a,1789808704121423000,1789808704121389000,1789808704164514000,1789808704165885000,1789808704220321000,1789808704980315000,1789808705530687000,1789808705626998000
156868fdc1bd800aea3acbcc2598868e523094eb671d02445f70ca6cf4ca0664,1789808704146423000,1789808704146480000,1789808704193061000,1789808704194385000,1789808704235267000,1789808704980315000,1789808705517577000,1789808705617804000
09aecb352a2ae70c75c3fa2515e8795521e32485290ea8384d93718262b18a87,1789808704171423000,1789808704171768000,1789808704251153000,1789808704251971000,1789808704280248000,1789808704980315000,1789808705505329000,1789808705630940000
f0e13f25bf62ae53e822d30bf17a4e28bfcff55ecbe5e782a43eff343b0cf7bb,1789808704196423000,1789808704196774000,1789808704289381000,1789808704290202000,1789808704324366000,1789808704980315000,1789808705530772000,1789808705627077000
723f4d57d12db0d42f82badc4c253b8816ac787a5a494faf2877f3b7bf7d9691,1789808704221423000,1789808704221651000,1789808704289409000,1789808704290877000,1789808704352501000,1789808704980315000,1789808705503160000,1789808705628667000
b9f85e0e48c78b4096ce1499c35f55d180a55cc7a756a47312bb9dad9011c5d9,1789808704246423000,1789808704246399000,1789808704289484000,1789808704291556000,1789808704352487000,1789808704980315000,1789808705503180000,1789808705628666000
5e567ad1161032e294704a6baf020b24f15f6d8306384682cc81dcc87cb81f0c,1789808704271423000,1789808704271406000,1789808704326422000,1789808704327233000,1789808704380386000,1789808705562260000,1789808706080409000,1789808706161173000
2c7a9b061b54f2fd30f4b6db808bb46178b5037647852ab0289039ea51c04cd8,1789808704296423000,1789808704296484000,1789808704402117000,1789808704441162000,1789808704430276000,1789808705562260000,1789808706080415000,1789808706161125000
f8024d6d8db2848f09b0be78bdd357712d4e45de7968e4b184e4914f0bbdb121,1789808704321423000,1789808704321376000,1789808704402285000,1789808704439840000,1789808704445220000,1789808705562260000,1789808706070375000,1789808706172794000
3e4314e80c127d68e7b7c5be6ef48dc4233923a0549e54b524b02f63e5c26991,1789808704346423000,1789808704352825000,1789808704408292000,1789808704441825000,1789808704445218000,1789808705562260000,1789808706070388000,1789808706172658000
56c6e0da32d897e29951431567cb8ff1f3737bc3e365f3050311f87a3c06f74f,1789808704371423000,1789808704371354000,1789808704408273000,1789808704440507000,1789808704445225000,1789808705562260000,1789808706070353000,1789808706172756000
1122d731f78e0788e26fe80c11fe339e82f205affc2ee114eecf2f2c048136f6,1789808704396423000,1789808704396509000,1789808704446124000,1789808704446933000,1789808704465298000,1789808705562260000,1789808706090328000,1789808706167927000
261a44c217c1cc5126dbf9e99d21e4bf438b93d2ac44489cd681cb19936094f2,1789808704421423000,1789808704421451000,1789808704487022000,1789808704510379000,1789808704512241000,1789808705562260000,1789808706087492000,1789808706167854000
c467174675cd281c7a5312cba832153a590d7a73339fada51a7a48276a8194f4,1789808704446423000,1789808704446462000,1789808704540561000,1789808704541406000,1789808704562249000,1789808705562260000,1789808706087476000,1789808706167736000
3028aca6d5296fbaafc0680dd2dd1ad68b61a7f53bc55e57bdfe990d5e5bcca5,1789808704471423000,1789808704471526000,1789808704513102000,1789808704513901000,1789808704535255000,1789808705562260000,1789808706085514000,1789808706167908000
964deb6348d531644ebca65514b70cf787d665624393d4cd2896c0e756d11e93,1789808704496423000,1789808704496529000,1789808704557075000,1789808704557890000,1789808704579281000,1789808705562260000,1789808706079312000,1789808706160670000
bfa2b67429ed766c0ebc0d381d2e76254714982b7ee4c89154fb536e355444d7,1789808704521423000,1789808704521544000,1789808704584249000,1789808704585063000,1789808704620316000,1789808705562260000,1789808706070381000,1789808706172751000
47908a9c8cb54325a1201e8025920558d2ccaefa7c539ede2157a812d7ab247d,1789808704546423000,1789808704546542000,1789808704611221000,1789808704612029000,1789808704642309000,1789808705562260000,1789808706067546000,1789808706172743000
8b39db6532d5649005cf8102fc4fe01a615d2464ffb848fb30e6e0ec4554233d,1789808704571423000,1789808704571528000,1789808704631233000,1789808704632045000,1789808704664294000,1789808705562260000,1789808706089351000,1789808706167644000
73eeb3d3a4f1d6c8812acae5d5aed90a2c645238c982aca507910bd12106fe52,1789808704596423000,1789808704596532000,1789808704656084000,1789808704656926000,1789808704699314000,1789808705562260000,1789808706074778000,1789808706192603000
f87735933a1b222c0ff97b219dcbb79a50a013fe988722e5738c6f0ee3aefefd,1789808704621423000,1789808704621523000,1789808704693217000,1789808704694041000,1789808704717292000,1789808705562260000,1789808706067513000,1789808706172746000
91fc79a3a272f3572ec1f39d78b290c5761cf4d22290aa8cb4ce725ea9ba89b4,1789808704646423000,1789808704646513000,1789808704714065000,1789808704714820000,1789808704739313000,1789808705562260000,1789808706089320000,1789808706167838000
cf7f12de0b588b0c818e73810aad85c2b92cd91058b8f269d476041c7cb19771,1789808704671423000,1789808704671442000,1789808704744212000,1789808704745003000,1789808704776349000,1789808705562260000,1789808706076372000,1789808706177097000
65fe4475488d827d4a6fb8b17e27f0a2777e235dc3b5507cb327426aafe02408,1789808704696423000,1789808704696532000,1789808704777261000,1789808704778091000,1789808704816240000,1789808705562260000,1789808706066270000,1789808706167431000
e1b908c115c689ef04a3f0002b9157c51bbf22e45afcf15cef627a8891a53e48,1789808704721423000,1789808704721481000,1789808704811189000,1789808704812016000,1789808704839419000,1789808705562260000,1789808706089427000,1789808706172652000
85fd32638f5f85f41c2157fabc3d5fc0ea6cda5cbe7d046bef2b74a0932fa643,1789808704746423000,1789808704746511000,1789808704840342000,1789808704841081000,1789808704907241000,1789808705562260000,1789808706082406000,1789808706167934000
8e060c49287cdf7d1087ce0d92251c4c16f4b437f254743ff530c54aac6ef426,1789808704771423000,1789808704771406000,1789808704831168000,1789808704831870000,1789808704854319000,1789808705562260000,1789808706079344000,1789808706160676000
09b03cc5ed3b946e11b3b982a102e0b0d730a83ee847f40bf7c9ae7eb1178fe3,1789808704796423000,1789808704796431000,1789808704867197000,1789808704868005000,1789808704956342000,1789808705562260000,1789808706081451000,1789808706161141000
cb22226bc4b23acbd0a2475712b91396f6fdaae7cf18055101b131353b7cc42f,1789808704821423000,1789808704821531000,1789808704916600000,1789808704919941000,1789808704991243000,1789808705562260000,1789808706066287000,1789808706172663000
bb449751cee68e19d79a5726eebc0139e582c3e8e5bf46e59703a70975a96cf3,1789808704846423000,1789808704846460000,1789808704961232000,1789808704997560000,1789808705015268000,1789808705562260000,1789808706090344000,1789808706167855000
1f76ddcf9616f2cc8e379b20267d52763d598404e3b9f9d6777450d47ac50a9a,1789808704871423000,1789808704871508000,1789808704961190000,1789808704996839000,1789808705015255000,1789808705562260000,1789808706090354000,1789808706167426000
3f38d2966bd72c49492cef3c865bf85175ddec64af63451a0f0b64d87221f525,1789808704896423000,1789808704896500000,1789808704945088000,1789808704945898000,1789808704991285000,1789808705562260000,1789808706066297000,1789808706167791000
1483e60dba95126241d9e605ab0f4534986a674d9c64c7ca860b3fb32c7417e5,1789808704921423000,1789808704921370000,1789808704998173000,1789808704998961000,1789808705035861000,1789808705562260000,1789808706085889000,1789808706167309000
1af0e9b32f84dc7855ba21b1b3bdcaa49c95c927cf060d998dda62b7bbdd2740,1789808704946423000,1789808704946498000,1789808705029080000,1789808705029881000,1789808705063295000,1789808706156220000,1789808706663310000,1789808706688906000
74e88a39c74886827cccd547574b2d3a966d197393b40a117a6c8dd32c404419,1789808704971423000,1789808704971605000,1789808705079139000,1789808705080644000,1789808705143241000,1789808706156220000,1789808706643267000,1789808706689067000
6dcee34b43181822d813393ec8ddb0945365c7b893cf02124f1cef3f9d280e79,1789808704996423000,1789808704996443000,1789808705079137000,1789808705079974000,1789808705122230000,1789808706156220000,1789808706647240000,1789808706684690000
3dd0cb248eaace834ebe90bda4382f7507a6aec5e07e890e3727c68d2201a70c,1789808705021423000,1789808705024422000,1789808705096309000,1789808705097111000,1789808705143264000,1789808706156220000,1789808706643275000,1789808706688964000
4a5e80f954a8c2485c65cd2fe8e94d3e494bab3789d7e6596f7435996fddd4be,1789808705046423000,1789808705046357000,1789808705127056000,1789808705127862000,1789808705169228000,1789808706156220000,1789808706644303000,1789808706684677000
8041e3b58863aa1382888035866071a6a5452d8cdcf8a969a364bdf29c6ad099,1789808705071423000,1789808705071374000,1789808705127079000,1789808705128546000,1789808705169231000,1789808706156220000,1789808706644305000,1789808706684640000
633e96b3832898c4441524030c42624b01f496e60a6030c1e5a317a638f76c86,1789808705096423000,1789808705096529000,1789808705177345000,1789808705178163000,1789808705197216000,1789808706156220000,1789808706647208000,1789808706684687000
bc17a5ea9f1130a0d9c688ef69eee754a3b06bf2d724341662fd0b5ba45b31c9,1789808705121423000,1789808705121434000,1789808705213821000,1789808705215992000,1789808705239382000,1789808706156220000,1789808706664495000,1789808706688936000
abd743fc24ab1c806850773e80594340e496a22f20703a5f62a16dab5fa14a22,1789808705146423000,1789808705146525000,1789808705213788000,1789808705215277000,1789808705255224000,1789808706156220000,1789808706655273000,1789808706689080000
48664ed653aa42ddae86b00618e6ae4586cc8cf98372b1a9e53683fcd057f46e,1789808705171423000,1789808705171490000,1789808705213747000,1789808705214583000,1789808705255212000,1789808706156220000,1789808706655298000,1789808706689176000
e8c3e3d6e062dde07ae1d6ff6bf3ad56e9b21c3e480009f91c80e604bb976d05,1789808705196423000,1789808705196554000,1789808705252162000,1789808705253017000,1789808705275223000,1789808706156220000,1789808706650433000,1789808706684661000
f05052d8df33c91a15fb8547bc3c5852924d1678270b2cbc7aed87276902750f,1789808705221423000,1789808705221502000,1789808705311406000,1789808705312218000,1789808705342363000,1789808706156220000,1789808706684359000,1789808706688633000
26047feb6518184f90a85592c1bae6f41e5c0c3c4938292a2199ab0462b7cadb,1789808705246423000,1789808705246587000,1789808705323086000,1789808705323893000,1789808705377371000,1789808706156220000,1789808706652488000,1789808706688909000
af54a17dbbb612adaf72bbbf3554221954c6acb72de1313d54cc2842b0fe1936,1789808705271423000,1789808705271561000,1789808705353345000,1789808705354189000,1789808705403249000,1789808706156220000,1789808706653345000,1789808706688970000
de6939441de434fc602e8c700ace8d6e386fc92662cb797120d950e58d9d2e8a,1789808705296423000,1789808705296458000,1789808705353427000,1789808705354873000,1789808705403252000,1789808706156220000,1789808706653370000,1789808706689073000
f0d02089de14df7af578ae859b9173bdf76956066cbbeb887cfc99c2d0d1ec39,1789808705321423000,1789808705321408000,1789808705408267000,1789808705409739000,1789808705434306000,1789808706156220000,1789808706659477000,1789808706689177000
699762ed33ba4fe7102e6f9bfec6d4098860bc742f60bd4d29765668af714a75,1789808705346423000,1789808705346604000,1789808705408244000,1789808705409072000,1789808705457289000,1789808706156220000,1789808706657395000,1789808706689108000
5e2dda5a33f656d102c497bee2652b68abc320c8b501f537cd8d475e70fdc3db,1789808705371423000,1789808705371518000,1789808705441171000,1789808705441972000,1789808705484247000,1789808706156220000,1789808706659473000,1789808706689191000
57367a726064bd3f0c5da7e91eb58eae403749da408647ba11b2a820e165bd03,1789808705396423000,1789808705396579000,1789808705469448000,1789808705509896000,1789808705517599000,1789808706156220000,1789808706684558000,1789808706688753000
bf197f710f723b3ec43aee58a015762f0b95a0531b0823f9ead11290d5b0bcdf,1789808705421423000,1789808705421365000,1789808705510340000,1789808705511164000,1789808705537909000,1789808706156220000,1789808706663111000,1789808706688978000
6e4d0129d8e9303efd81f87c4d09340c9b23e2a14832fc949ef029f23c88c519,1789808705446423000,1789808705446580000,1789808705563152000,1789808705575195000,1789808705614236000,1789808706156220000,1789808706664476000,1789808706688913000
1bc172934e66290c2c7e1f64a464a46da75c3b5d1e9f1dd6fe5a3a659b42ac6f,1789808705471423000,1789808705471405000,1789808705633814000,1789808705635802000,1789808705701268000,1789808706678215000,1789808707301463000,1789808707385578000
f5adf3a9c119da8f853159b609ef81174d82f5769adaa037b9d33e22a66a8fac,1789808705496423000,1789808705496513000,1789808705553299000,1789808705574526000,1789808705586259000,1789808706156220000,1789808706661637000,1789808706689193000
ab31118f4df301b428db89ca99120be8949a1c51192f148c2dd045470025aaeb,1789808705521423000,1789808705530726000,1789808705633679000,1789808705634477000,1789808705701262000,1789808706678215000,1789808707301453000,1789808707370569000
3ef810c3d4f6d6a32862a3c9f3c0b763d69f4a6c0dd9b01d934e5299d359883c,1789808705546423000,1789808705546344000,1789808705633697000,1789808705635143000,1789808705674321000,1789808706678215000,1789808707299510000,1789808707385545000
f6aaabdd8dafaffc7e9205212e90c4d53066eca2a8980c811305a69266aead9d,1789808705571423000,1789808705571519000,1789808705727306000,1789808705728244000,1789808705750301000,1789808706678215000,1789808707300416000,1789808707370453000
2bb626c490c7fcbd3480bc19e325cf0c2ff7a8e40810a76d339173fada0a247f,1789808705596423000,1789808705596466000,1789808705672070000,1789808705672924000,1789808705701281000,1789808706678215000,1789808707301423000,1789808707385399000
725366a7a87419127d96a7b6dc55344e51c100b35d6ab22b21af901e78b27e7a,1789808705621423000,1789808705621493000,1789808705696203000,1789808705697046000,1789808705716297000,1789808706678215000,1789808707291654000,1789808707370636000
aa96a57f848dd1a0f0e43ac0c67cbe9572be3347af133d80ad4cb1dc3ac885cc,1789808705646423000,1789808705646469000,1789808705751370000,1789808705752196000,1789808705776483000,1789808706678215000,1789808707301670000,1789808707370571000
058e0947e8e592d2adc2cd25ef911c4ea4a7f2900681925a8e2c90034e1dc868,1789808705671423000,1789808705671554000,1789808705751371000,1789808705752899000,1789808705797292000,1789808706678215000,1789808707297573000,1789808707385537000
247ac6187006900310bad6a4a71d7efea10f9bbc77053792c07b67c44d66e9f6,1789808705696423000,1789808705696539000,1789808705808236000,1789808705809085000,1789808705842279000,1789808706678215000,1789808707292399000,1789808707370502000
d65219d219d0f1de0b945465aef32488561e3bc4d23e3e486b1e3f683b7f4db7,1789808705721423000,1789808705721596000,1789808705777866000,1789808705778678000,1789808705820333000,1789808706678215000,1789808707295448000,1789808707385449000
16b0228c13f4f6061711bb1f52c8bbd362ac929cf13258f903c453936cb1f94a,1789808705746423000,1789808705746408000,1789808705817277000,1789808705818082000,1789808705842272000,1789808706678215000,1789808707292418000,1789808707385568000
731004c390998b5ecc35b8c4cbcef886243b8cf9028a1592953395d7cae1cb38,1789808705771423000,1789808705771542000,1789808705843032000,1789808705843867000,1789808705867288000,1789808706678215000,1789808707292424000,1789808707385580000
39eb198038b48c387f3beaa7a6fca7fe0c718f19e734cc805200c93fac06f556,1789808705796423000,1789808705797514000,1789808705856115000,1789808705856911000,1789808705894270000,1789808706678215000,1789808707294691000,1789808707385519000
ee9847b4b439ff979791158d2514f5916d14a89ed67f8f259b661ab386ada249,1789808705821423000,1789808705821580000,1789808705889151000,1789808705889900000,1789808705924278000,1789808706678215000,1789808707299527000,1789808707385530000
ee632cce93de7223607819d7ae3a86e0822ac503c388c827f8f0fae615172a3f,1789808705846423000,1789808705846395000,1789808705919342000,1789808705920112000,1789808705942271000,1789808706678215000,1789808707292375000,1789808707370566000
990fd42860a4bc957861d4bc9268a3ee75f4cb5583e80bed35bb5dd296fb5a53,1789808705871423000,1789808705871600000,1789808705919388000,1789808705920810000,1789808705942261000,1789808706678215000,1789808707292431000,1789808707385571000
7d52c5a068cf470676f43fe35a15f79fd36765edd22728a84abb0ae94451ae26,1789808705896423000,1789808705896606000,1789808705975037000,1789808705975862000,1789808706008267000,1789808706678215000,1789808707308370000,1789808707385466000
1bd81696fe091008070e5aa0fe5a364fcebb794c481a611378ef6a62882df7fb,1789808705921423000,1789808705921569000,1789808706035021000,1789808706035816000,1789808706104281000,1789808707392193000,1789808707829391000,1789808707864538000
4b725e7a5f7823daa5a1d178f47188f64b7d1817cf0cf76e214eaaf891cb9e18,1789808705946423000,1789808705946946000,1789808706003207000,1789808706004090000,1789808706031246000,1789808707392193000,1789808707806270000,1789808707864499000
6e862d25cb7ef2432b6e95f4bb940d76aed5fe143968fbaa5cb74cfccb2205a1,1789808705971423000,1789808705971510000,1789808706026378000,1789808706027171000,1789808706079290000,1789808707392193000,1789808707804289000,1789808707864494000
a76c966685f75643eae3d54c757cfd4a0f925f5c0906bd61ea9ff97d32e9eed2,1789808705996423000,1789808705996535000,1789808706070236000,1789808706071021000,1789808706104295000,1789808707392193000,1789808707804294000,1789808707864496000
dc42b062ea5e5856829d9d561a2ad24d038e84e932bd2a27551bcabed7814980,1789808706021423000,1789808706021567000,1789808706099150000,1789808706115411000,1789808706122244000,1789808707392193000,1789808707822261000,1789808707855095000
95c5203f9008879bd77abb43e775ce6ec88b880fd16b952ff00fc82b80866ba6,1789808706046423000,1789808706046561000,1789808706173681000,1789808706174507000,1789808706247004000,1789808707392193000,1789808707822117000,1789808707847608000
b80517aa3d4b32075188a92a43cf5dc133b513827f36a34fe26a330c603219c8,1789808706071423000,1789808706071426000,1789808706173763000,1789808706175211000,1789808706223284000,1789808707392193000,1789808707823387000,1789808707855075000
03f6903448abf5e95a30c20bf1307f6228c2583111bcdc2c83b591eb387424fb,1789808706096423000,1789808706096424000,1789808706173808000,1789808706175912000,1789808706246996000,1789808707392193000,1789808707822136000,1789808707847571000
58d4bc5e405fe199f6cb9cbfa5e079d6bd27f8848586fad05685f30e11aa8a90,1789808706121423000,1789808706121461000,1789808706173908000,1789808706176603000,1789808706247000000,1789808707392193000,1789808707822142000,1789808707847537000
fa9afb93f0942ca92dabab492cbbead402a3decae3fe3bcec53d1f1ab2b5eaa3,1789808706146423000,1789808706146489000,1789808706199314000,1789808706200190000,1789808706247018000,1789808707392193000,1789808707822126000,1789808707847613000
f7bb1645b4ced4c1dd3e58da6c5aeda63c3770f94fa22956984b9c48cc90e777,1789808706171423000,1789808706171529000,1789808706246003000,1789808706246818000,1789808706273217000,1789808707392193000,1789808707823380000,1789808707855054000
206b4018fca27b4012f1993842b737718bdcfbc3dfc5cef35051c3253773242b,1789808706196423000,1789808706196342000,1789808706267563000,1789808706268358000,1789808706288234000,1789808707392193000,1789808707813459000,1789808707839107000
66e20b45d3941e7b5628d3e560eadd6573227d104b00b1751e73ce612698291e,1789808706221423000,1789808706221342000,1789808706289177000,1789808706289979000,1789808706307287000,1789808707392193000,1789808707807519000,1789808707864526000
92c5f3db2fa581e0db85d771832fc74074bf98f4e57e63129da63437beea149a,1789808706246423000,1789808706246577000,1789808706308149000,1789808706308977000,1789808706334270000,1789808707392193000,1789808707809429000,1789808707878432000
b986a8f99a6a38b22cbc44e4fbd1bffdebc008319f076f00d25934de0f01ec0a,1789808706271423000,1789808706271393000,1789808706335163000,1789808706335973000,1789808706358294000,1789808707392193000,1789808707808341000,1789808707864693000
c1028d98c20c54ebe603f9376dff1492ba7156c0b65c0340a67ece352df95d7c,1789808706296423000,1789808706296350000,1789808706363720000,1789808706364548000,1789808706388327000,1789808707392193000,1789808707813471000,1789808707839020000
4039c86c33c8d6919383f38afad84359dc2458999f20fa22da70542753773eea,1789808706321423000,1789808706321522000,1789808706389087000,1789808706389927000,1789808706428292000,1789808707392193000,1789808707828437000,1789808707855009000
1f2b1401e1da027a12d59163bc3a8d359bb0756ec3d93eebc1ed5658efe0443d,1789808706346423000,1789808706346521000,1789808706389169000,1789808706390589000,1789808706455264000,1789808707392193000,1789808707805440000,1789808707864548000
71182eaa5ab81ce4ba1e099a868206641cacce2e078c5ca0e526325fab302456,1789808706371423000,1789808706371396000,1789808706450041000,1789808706450842000,1789808706482306000,1789808707392193000,1789808707807576000,1789808707864546000
8012238d83d50e2460339c1efc1f177567c9696bb3fa173f91998c8772a025cf,1789808706396423000,1789808706396561000,1789808706498861000,1789808706499994000,1789808706526244000,1789808707392193000,1789808707826455000,1789808707864493000
eb766f50f5ab17b39fd2dcd7ca76feb9a94035cc80389b88872ea2e032d560f7,1789808706421423000,1789808706421473000,1789808706474137000,1789808706474941000,1789808706503242000,1789808707392193000,1789808707828452000,1789808707864496000
a26074fa392399d9cd24d1cffa536dea1d3cb21d1e8c323b16239b7b84539e6d,1789808706446423000,1789808706446552000,1789808706498494000,1789808706499315000,1789808706526247000,1789808707392193000,1789808707826442000,1789808707855077000
4d75a5b597a226486a2f69a4df066e88bdde77226c64419e1c7ff417c9f65dd5,1789808706471423000,1789808706471479000,1789808706531136000,1789808706531945000,1789808706555237000,1789808707392193000,1789808707805422000,1789808707864547000
cbd3d1f0dff9fd24e469cf4b399961e8e9843fb4434c87cf8b18f090ed667002,1789808706496423000,1789808706496382000,1789808706559548000,1789808706560342000,1789808706616244000,1789808707392193000,1789808707816280000,1789808707841995000
d72e72e97226b8276653ecf386e08480301bdc5238bbf5f38b5487170b9f639b,1789808706521423000,1789808706521504000,1789808706605112000,1789808706617709000,1789808706658235000,1789808707392193000,1789808707808333000,1789808707878443000
4bfa2727ca4222a497ad8ef1d7700038ee32d9a2a5cc2c6bb4d82135dd21fff6,1789808706546423000,1789808706546577000,1789808706653215000,1789808706695410000,1789808706684326000,1789808707392193000,1789808707809449000,1789808707864692000
af8ee76ed9be74fe961da556b4c2ab3487c1f1ebb9863568875bb4084cbee856,1789808706571423000,1789808706571547000,1789808706689358000,1789808706696790000,1789808706721290000,1789808707392193000,1789808707821318000,1789808707846966000
24f91ee6550826d6b07b3d27f5fdc4bfe19e7474201a0a7bc1ca54aa46e88dcb,1789808706596423000,1789808706596530000,1789808706653215000,1789808706696099000,1789808706684544000,1789808707392193000,1789808707809557000,1789808707878437000
0b03722b6b96d95d55bf709a2702b4b438660aa350253bb9aa1628733e2c9e3a,1789808706621423000,1789808706621530000,1789808706735063000,1789808706735893000,1789808706782297000,1789808707870237000,1789808708407296000,1789808708458090000
e2f42d01a8bbf538a80005186a11a6c04e1be8a695f3dfd42a2122b070b85a89,1789808706646423000,1789808706646393000,1789808706712089000,1789808706712924000,1789808706750258000,1789808707392193000,1789808707825323000,1789808707855085000
33507f95442afae622dcef762a94c0e1b9abcd957018abc79d4b1208a2a8f902,1789808706671423000,1789808706684408000,1789808706759107000,1789808706759901000,1789808706809247000,1789808707870237000,1789808708409428000,1789808708459917000
2273f3ae26e5213166c2e4a372d499a8e4ad5721cb870a2dee0bca3f8c7d6733,1789808706696423000,1789808706696548000,1789808706768097000,1789808706768945000,1789808706809299000,1789808707870237000,1789808708409480000,1789808708459918000
900b87ed2f171904047d25897d8ab3a10b2ce18a0befdb03a9b887e48b4a9521,1789808706721423000,1789808706721321000,1789808706800191000,1789808706801054000,1789808706835563000,1789808707870237000,1789808708410606000,1789808708461121000
150298d1ece11ada11ba62e467be7c762958bd4d1469bfb963c94284a9237677,1789808706746422999,1789808706746424000,1789808706853079000,1789808706853900000,1789808706878209000,1789808707870237000,1789808708403443000,1789808708453769000
a8e0617423769f71961e48fb7973a0f34f717339ea69a3ca25ccd6eff5f5bc8d,1789808706771423000,1789808706771497000,1789808706879450000,1789808706880487000,1789808706914288000,1789808707870237000,1789808708389418000,1789808708448947000
730ac5db25ffbc27e57722605b5e9e6362513f6a5322194c9868e52323c830d5,1789808706796423000,1789808706796564000,1789808706879540000,1789808706881396000,1789808706937294000,1789808707870237000,1789808708412424000,1789808708449044000
db959743aa18c31e7532c24ad32b441b3046efcc62538c51478f55e961086d6a,1789808706821423000,1789808706821408000,1789808706924299000,1789808706925101000,1789808706937313000,1789808707870237000,1789808708412382000,1789808708462806000
b7f336defafeb91ac30a1c56392c52c87553351081283c18e49cea6fd61fe727,1789808706846423000,1789808706846545000,1789808706899075000,1789808706899883000,1789808706937298000,1789808707870237000,1789808708412401000,1789808708448937000
a9cb9def64b8de208d87e9ee89ed67776d1edce6764a88e2ec053e914cc701ce,1789808706871422999,1789808706871435000,1789808706928083000,1789808706928895000,1789808706958202000,1789808707870237000,1789808708408371000,1789808708458862000
7561f3a77a3f25d37a59e2118a8f48193abf001399ac1fb94b2535ee464e5c07,1789808706896423000,1789808706896329000,1789808706962266000,1789808706972925000,1789808706984261000,1789808707870237000,1789808708409411000,1789808708459928000
ec95698b1b26ac28d2e840bb0cc8a1a1b4f3d5e993871ca4f3d86fb6cb3b13c2,1789808706921423000,1789808706921531000,1789808706998476000,1789808706999294000,1789808707047270000,1789808707870237000,1789808708397448000,1789808708449014000
c7f7abaaf4f780fc88a45e54c06afd3d58c4e29249765088bd87034248871535,1789808706946423000,1789808706946540000,1789808706998530000,1789808706999990000,1789808707022613000,1789808707870237000,1789808708397651000,1789808708449043000
82a416f9c5897039b84bc9025b3325925fd0b70e00ba9a15b05eb174d18afc73,1789808706971423000,1789808706971564000,1789808707023428000,1789808707024486000,1789808707077301000,1789808707870237000,1789808708402393000,1789808708453028000
bc3870447fc8b7a2561bcf34b4509da1cd187f314715f46023c39109178f82ea,1789808706996422999,1789808706996529000,1789808707045164000,1789808707046002000,1789808707077299000,1789808707870237000,1789808708402381000,1789808708453028000
2aeebdb5704a7e3ee98dee007464a78658adb5e47c9328acb6d140e03787008b,1789808707021423000,1789808707021544000,1789808707082141000,1789808707082982000,1789808707112213000,1789808707870237000,1789808708412427000,1789808708449000000
f4a9ef1e66690d3fa798801aebd2f6696c8b3e48c24b4a846c277d097e229b61,1789808707046423000,1789808707046529000,1789808707153169000,1789808707153951000,1789808707187230000,1789808707870237000,1789808708412408000,1789808708448969000
26e8a27eb5bb9abc397c4eac8a7d10f13552aa114d34d66fd3ebb7d435652465,1789808707071423000,1789808707071551000,1789808707131090000,1789808707131897000,1789808707161276000,1789808707870237000,1789808708411350000,1789808708461819000
40305fae78683c2215be15247d70e373b6d3cad08f871d6ea62ae88de2afc5f2,1789808707096423000,1789808707096513000,1789808707198212000,1789808707199009000,1789808707248267000,1789808708474217000,1789808708923278000,1789808708949221000
275d96b69fd6db573021e062de02e31b4ff68079ea3b4577174eaf7e918ad098,1789808707121422999,1789808707121569000,1789808707162227000,1789808707163037000,1789808707227271000,1789808708474217000,1789808708927403000,1789808708981694000
a62f2f85bff1544480a8ea4d24737cb4d9cc518f46ef22a6db743ba5247266c4,1789808707146423000,1789808707146351000,1789808707235260000,1789808707236052000,1789808707269432000,1789808708474217000,1789808708919596000,1789808708945070000
ea09213fe03d6fe1d1fd7ad094bebabd011dc5823badca89a5fb283e9c2d1b80,1789808707171423000,1789808707171379000,1789808707290157000,1789808707309236000,1789808707331217000,1789808708474217000,1789808708906308000,1789808708981635000
1de7bafdac4c2e328485a2364b96ede2e9d9b39b13fc21106ee8603a0b9910c7,1789808707196423000,1789808707196537000,1789808707269216000,1789808707308605000,1789808707315374000,1789808708474217000,1789808708915388000,1789808708981730000
12df5ef5dd8fdb2d22e9841acb94684d7323cb479c30fb8d9a9194257d2c8991,1789808707221423000,1789808707221503000,1789808707336097000,1789808707336899000,1789808707385209000,1789808708474217000,1789808708910400000,1789808708981688000
3cf4d567ab396a1c7f78484d6d2ea09019f3dc59e305385e85b38262ffbbce44,1789808707246422999,1789808707246337000,1789808707360281000,1789808707361131000,1789808707410229000,1789808708474217000,1789808708910408000,1789808708981700000
ca824be68ae6b7a859d5857ffdfb22eb3c3f40ca1f45eff41e42de40c59f17b1,1789808707271423000,1789808707271409000,1789808707451265000,1789808707452087000,1789808707466215000,1789808708474217000,1789808708916325000,1789808708941938000
0d036e9d63bc35c575b60adee872fc4c2a80f208bacac85a89cf2883729a81e2,1789808707296423000,1789808707296479000,1789808707498481000,1789808707500664000,1789808707506208000,1789808708474217000,1789808708906320000,1789808708981894000
d328dac03fd70f5880aa9f588f8fab317d56092a17acdf99139ed0178b7eb5d7,1789808707321423000,1789808707321475000,1789808707374188000,1789808707409047000,1789808707410228000,1789808708474217000,1789808708910391000,1789808708981679000
6c9f3f51424dc13b9c6f102ab8a9ad60d4052e094b700b2fcec2513286322605,1789808707346423000,1789808707346344000,1789808707484065000,1789808707484865000,1789808707506239000,1789808708474217000,1789808708906278000,1789808708981723000
0a37514c29c89c66fc7b132665aee087538ffcca7c93773155fcd320c2cc2359,1789808707371423000,1789808707371426000,1789808707498448000,1789808707499322000,1789808707506221000,1789808708474217000,1789808708906287000,1789808708981647000
522d7dd0128bafe7bc921ecbbe741011c74c5b8914f7cb29c03e2e514eb2e50e,1789808707396423000,1789808707396600000,1789808707498454000,1789808707499997000,1789808707506215000,1789808708474217000,1789808708906330000,1789808708981907000
cfae2ab98b6afcb74f3b2044f791494d43cf1d53e336e607ba0d7ad98f8a6160,1789808707421423000,1789808707421386000,1789808707461176000,1789808707461992000,1789808707486261000,1789808708474217000,1789808708911448000,1789808708981694000
d032dfebeb86e067a94abb30199e226e15b1e73ae8b7a2ba4bde9f118f394d72,1789808707446423000,1789808707446445000,1789808707499168000,1789808707501322000,1789808707521252000,1789808708474217000,1789808708921555000,1789808708946882000
c57b9149e1404c2ad2f79de3ae9ce6e2434428cb40d22803f7cc48bf97baa476,1789808707471423000,1789808707471650000,1789808707556196000,1789808707557006000,1789808707575278000,1789808708474217000,1789808708925295000,1789808708981903000
5dbd55f6abc35b826aa9322977853f2de3756c246da30a586ebd3520327c4d1d,1789808707496423000,1789808707496422000,1789808707580213000,1789808707581607000,1789808707599214000,1789808708474217000,1789808708924364000,1789808708949787000
bcbeb4eb6d70817fcb6df938eaa2fb27f02981d419b1ac1b059a0f8e01b623cb,1789808707521423000,1789808707521500000,1789808707580111000,1789808707580920000,1789808707625226000,1789808708474217000,1789808708925296000,1789808708981321000
ff59a9d3c3bf3f08b363dff39296e17f4627668abea22c0cf9bc4ccb52d38124,1789808707546423000,1789808707546753000,1789808707607075000,1789808707607889000,1789808707652213000,1789808708474217000,1789808708927385000,1789808708981730000
fa48d3808fbd097016705e23635dacd535754b0a25142280384a136bcbb4e7ae,1789808707571423000,1789808707571558000,1789808707613155000,1789808707613972000,1789808707652185000,1789808708474217000,1789808708927391000,1789808708981681000
b8175e0d517deb5ece79e5f8e01284420ce071b343fecf12a1094ebe1f3c1d0b,1789808707596423000,1789808707596320000,1789808707666026000,1789808707666841000,1789808707687225000,1789808708474217000,1789808708912383000,1789808708981622000
89afb0cbb5347c26625bcd58a8984ca2cb3d33ecbf152aac7e65d4ad18a18b4f,1789808707621423000,1789808707621437000,1789808707694023000,1789808707694866000,1789808707718211000,1789808708474217000,1789808708918452000,1789808708943846000
8a82ccda9bfa15944fd3bcc580de4989e29eb245609cc1506cff803f5b77d010,1789808707646423000,1789808707646748000,1789808707710156000,1789808707710976000,1789808707747659000,1789808708474217000,1789808708922865000,1789808708948476000
8b4ac2e82fbdde8b2f97f2090365aa6b7b5d64e55d8c30ee54e82cdb3c4b93ff,1789808707671423000,1789808707671579000,1789808707747247000,1789808707748104000,1789808707768353000,1789808708474217000,1789808708918432000,1789808708943889000
654e0b9cdfed7d9556d17a6ccf88bd1cc27cd75ce93aebb7e3b45b83d5442c46,1789808707696423000,1789808707696353000,1789808707775145000,1789808707795108000,1789808707848271000,1789808708474217000,1789808708923305000,1789808708949160000
a266e6bfbf5ebc6f5c5de5c682afbc5852f06e70de6512dda301d575e5ab8d1c,1789808707721423000,1789808707721556000,1789808707817259000,1789808707818056000,1789808707848275000,1789808708474217000,1789808708923304000,1789808708949278000
59994c5a895b7e53d2b7b39f7e4a88b9d00539d418627acebff5dc87b2b59301,1789808707746423000,1789808707746639000,1789808707817279000,1789808707818664000,1789808707848298000,1789808708474217000,1789808708923292000,1789808708949237000
3a9e52c708cce00a031271071ba9daf5114600248a9ef7894728270a22d39315,1789808707771423000,1789808707771369000,1789808707845292000,1789808707887483000,1789808707874244000,1789808708474217000,1789808708924425000,1789808708949787000
c1f0ff04cd4c3ce5e83b66bad4cbc63b0c1a03e6665a719e67dfb0ab623a1b3f,1789808707796423000,1789808707796662000,1789808707879170000,1789808707888178000,1789808707914247000,1789808708474217000,1789808708914454000,1789808708981598000
ba8ce03e9c43c3cf695aee22524436c419c410708357269dc747d66bd37cdd1c,1789808707821423000,1789808707821324000,1789808707901164000,1789808707901985000,1789808707940228000,1789808708474217000,1789808708915290000,1789808708981610000
bfc74ad6d0e7b20bc71f476a0ceb750ba180ca8a5a426d67d43f5289ed1f9eb0,1789808707846423000,1789808707846360000,1789808707932016000,1789808707934238000,1789808707959305000,1789808708981158000,1789808709484438000,1789808709509890000
e984f5fa67439821c737d88a0ecaa27732dc38d0b524f5933d9e737de0fb2700,1789808707871423000,1789808707871367000,1789808707926219000,1789808707933559000,1789808707959331000,1789808708981158000,1789808709484419000,1789808709509896000
756b53792ebf90d6ccfe822eaf93b0d7c8b397d4d5c7dee5a1f3ff834df28e15,1789808707896423000,1789808707896317000,1789808707970045000,1789808707970869000,1789808708005248000,1789808708981158000,1789808709480334000,1789808709505895000
26e4ff1481d0a6641868f97dd1a7337e361c5490b5996207d6110b06240ea606,1789808707921423000,1789808707921319000,1789808708003191000,1789808708004011000,1789808708025192000,1789808708981158000,1789808709475224000,1789808709504481000
294b16403d37dd84659be562efa6c8584af8c925603145e803443f758ee79910,1789808707946423000,1789808707946667000,1789808708033074000,1789808708033888000,1789808708063265000,1789808708981158000,1789808709488353000,1789808709514468000
5d3474c98891d168808188b096249e330e70fd74e53262cdb7cfc86b0b558f38,1789808707971423000,1789808707971757000,1789808708084051000,1789808708104032000,1789808708115189000,1789808708981158000,1789808709490307000,1789808709515850000
d2d3dce84dbe1eaf76b4e6b375580f1a225441360f26d9c78dc4b69d0333d44b,1789808707996423000,1789808707996304000,1789808708039139000,1789808708039939000,1789808708089199000,1789808708981158000,1789808709489273000,1789808709514689000
95516bf89e7ddfc44a2529edc729034fb8aee392b9a7dabba48df7df2cdcd838,1789808708021423000,1789808708021315000,1789808708120138000,1789808708120939000,1789808708151268000,1789808708981158000,1789808709476357000,1789808709504481000
2697bf89438d6a121a51f9a3baf67bccd09295901456580d220866652b5025ee,1789808708046423000,1789808708046339000,1789808708141372000,1789808708142751000,1789808708168298000,1789808708981158000,1789808709468410000,1789808709504445000
57e7540f86d305100ca7a41179ff3f0f50162a0167f5124c2957e3cf39a24315,1789808708071423000,1789808708071402000,1789808708141313000,1789808708142096000,1789808708168278000,1789808708981158000,1789808709468429000,1789808709519082000
cc0a728050228ddec9ca42772c98c41df6c78098b6b082f10889936b10ca3ad7,1789808708096423000,1789808708096456000,1789808708166157000,1789808708167221000,1789808708188186000,1789808708981158000,1789808709488338000,1789808709514475000
b3ff4efad6bdf640539c9dd99be17f57f2123dd8d358b16843dbae7714846566,1789808708121423000,1789808708121695000,1789808708196112000,1789808708196923000,1789808708224340000,1789808708981158000,1789808709474373000,1789808709504391000
4d57985e6d30c65455787b97707564037302ffb7f6178ebbf7baa5dba71c2879,1789808708146423000,1789808708146563000,1789808708219028000,1789808708219823000,1789808708250237000,1789808708981158000,1789808709475235000,1789808709504385000
be68cb3e6d41c2a9f7f950c6d04c931624cece99078243e1b58bc5649e3d7e9b,1789808708171423000,1789808708171348000,1789808708251157000,1789808708251900000,1789808708283191000,1789808708981158000,1789808709483421000,1789808709508862000
afb113b9ab2b6f1dd459bbf1feba43ad91a5d19cf7d4b83a37df1e5ea19a15fe,1789808708196423000,1789808708196335000,1789808708288425000,1789808708289216000,1789808708306211000,1789808708981158000,1789808709481317000,1789808709506815000
091a120d16352b72afa4af5c19d0212795e45fddbd708b674ffb3a135bf309c9,1789808708221423000,1789808708221691000,1789808708302078000,1789808708302919000,1789808708349252000,1789808708981158000,1789808709474354000,1789808709504412000
677563815222b1776dcf2b67a6371e5dd90dccff337c327553489ab10e9d62ae,1789808708246423000,1789808708246351000,1789808708295073000,1789808708295870000,1789808708349234000,1789808708981158000,1789808709474607000,1789808709504404000
f1aa3cb1093d289dfb95772661a4273aa673e3a16460eec6e8ad864517d6b505,1789808708271423000,1789808708271647000,1789808708332996000,1789808708334083000,1789808708368640000,1789808709532170000,1789808710093777000,1789808710111428000
15c933ac13f47274e3ff8b3b7e46829db7dd8d07b45c2bb2d56d8620ff1f718c,1789808708296423000,1789808708296340000,1789808708369566000,1789808708370384000,1789808708417225000,1789808709532170000,1789808710092363000,1789808710117948000
42037871a22aee6be86775820e6db3d5bba855c7c793d33337cf62f3c23d7421,1789808708321423000,1789808708326545000,1789808708369642000,1789808708371071000,1789808708417234000,1789808709532170000,1789808710092417000,1789808710117953000
297b9676a7fa10902c962c667c4c0111359f27bd173bd509721a61981f162cc7,1789808708346423000,1789808708349556000,1789808708436012000,1789808708487718000,1789808708478213000,1789808709532170000,1789808710103223000,1789808710111949000
db75aebc7105eda3e6d5192c3b552f1f060f63de85ec760ce7adb900079b37f2,1789808708371423000,1789808708371328000,1789808708469183000,1789808708487047000,1789808708502247000,1789808709532170000,1789808710102492000,1789808710111471000
b68b5e6d014051c4d27b17ef61a9b8b4389ee9239c2710a7af094d43b48ffd1f,1789808708396423000,1789808708396467000,1789808708469149000,1789808708486371000,1789808708502261000,1789808709532170000,1789808710102362000,1789808710112038000
935111de4a84578b312cf96b4d59e999afbf5203ad00a1eb514912ce209fac08,1789808708421423000,1789808708421336000,1789808708472282000,1789808708488400000,1789808708502242000,1789808709532170000,1789808710102469000,1789808710112022000
2d850697d5f43eb2aa4f4de8dfe723b671abb553bbfadb740994fdf05320151d,1789808708446423000,1789808708446689000,1789808708503168000,1789808708504003000,1789808708526219000,1789808709532170000,1789808710101315000,1789808710111417000
ff7b72eaa36640e7fc9a16f8f069a549df32967c188e28e74285a878c731754f,1789808708471423000,1789808708471566000,1789808708569996000,1789808708589364000,1789808708592222000,1789808709532170000,1789808710092455000,1789808710111507000
30ca88a272dc4191c78f7a2b76c6d6a786687237ad5821dbd4d0c95cb04933ad,1789808708496423000,1789808708496735000,1789808708588317000,1789808708590052000,1789808708616209000,1789808709532170000,1789808710091344000,1789808710111433000
d0889df4509a80f815694818b4aa0fb930c1e242a7adceee10cafb8cfcce2b9c,1789808708521423000,1789808708521331000,1789808708606117000,1789808708606940000,1789808708635213000,1789808709532170000,1789808710085224000,1789808710111989000
181516c3ef03773ed5565ffb947366ecde9c36a39c8ec3bd052845572a6e3818,1789808708546423000,1789808708546529000,1789808708603092000,1789808708603900000,1789808708635172000,1789808709532170000,1789808710085236000,1789808710111490000
82e82669e2c3355d97bc1afea797e8adfeb6083796386fcee81f0f121a2cc602,1789808708571423000,1789808708571312000,1789808708631139000,1789808708631938000,1789808708649202000,1789808709532170000,1789808710099406000,1789808710111997000
ac71cade3da0eb89fc30a5fe66075c5fdb4d7161cfe415900e5b0ca17236c0fa,1789808708596423000,1789808708596424000,1789808708686044000,1789808708686781000,1789808708717214000,1789808709532170000,1789808710092439000,1789808710111474000
6c0887a55c14eecb69b438fa1352a7a9e094c31fe1489a76bf473f641fbc186b,1789808708621423000,1789808708621669000,1789808708721172000,1789808708722001000,1789808708760238000,1789808709532170000,1789808710085254000,1789808710111495000
7eab4d35a75b11b97d7bee86bde18564f30156e46ca99affb54b63346203b5cb,1789808708646423000,1789808708646589000,1789808708733044000,1789808708733844000,1789808708785235000,1789808709532170000,1789808710085231000,1789808710111526000
702c610cc15d02ec6c5995baff3fcdd6cb161ce8277f3cffcbc235de73890c25,1789808708671423000,1789808708671401000,1789808708727017000,1789808708727823000,1789808708785231000,1789808709532170000,1789808710085228000,1789808710111527000
64e2d48483b5ac444baa2703b670903c261408e55120bf082b25f85a07b13f3a,1789808708696423000,1789808708696362000,1789808708760935000,1789808708761749000,1789808708785274000,1789808709532170000,1789808710085270000,1789808710111981000
e5e454f73c5d64f164f100a1cda9012a9bc18d9c69f29a68393068fc28ef0c04,1789808708721423000,1789808708721435000,1789808708781070000,1789808708781906000,1789808708810165000,1789808709532170000,1789808710110251000,1789808710111907000
8cce285dcf0dff5cb80dc3ffecf28bbc6dae6dc494262275477b6e293e7c59a7,1789808708746423000,1789808708746422000,1789808708828307000,1789808708829119000,1789808708856210000,1789808709532170000,1789808710106264000,1789808710111582000
0e6e2b18377365d60f14860fe1b09be257688657bc450e8c21ec35dbb3bec98a,1789808708771423000,1789808708771316000,1789808708839210000,1789808708840011000,1789808708880877000,1789808710140246000,1789808710680984000,1789808710737713000
90b401d393d45a8e03e5e552f0973d48d6223c1c495b737deee7d8fc689639d1,1789808708796423000,1789808708796712000,1789808708873211000,1789808708874109000,1789808708908390000,1789808710140246000,1789808710683379000,1789808710741342000
cca02a76c720b94555af7e354f00286649bbc254aad3b756781a243382759c28,1789808708821423000,1789808708821437000,1789808708895094000,1789808708906207000,1789808708930195000,1789808710140246000,1789808710680258000,1789808710750502000
9f49f3c07e4e826ee7233ba4133ea743c79aaf6063cd4192b325ccedf399b893,1789808708846423000,1789808708846683000,1789808708934250000,1789808708996595000,1789808708948188000,1789808710140246000,1789808710698340000,1789808710737819000
5aea9ee7e7b258a06efd6e3e6ba538489ce885290ddefbb2e001ea8a3edaa773,1789808708871423000,1789808708871446000,1789808708949158000,1789808708995948000,1789808708977183000,1789808710140246000,1789808710702222000,1789808710737723000
747f070a0945925abe1ca4aaecfee026da695b633b22be123af07c4d9a0aba7c,1789808708896423000,1789808708896686000,1789808708992004000,1789808708997916000,1789808709058239000,1789808710140246000,1789808710683325000,1789808710750439000
4b340626ad03f286b6b60f3b7832fd9abea5f9478e882e41a424f08819971f70,1789808708921423000,1789808708921521000,1789808708991964000,1789808708997256000,1789808709016243000,1789808710140246000,1789808710691401000,1789808710737758000
38b923618b19e2619c9d5cf2751f4174a2b0f6f90e1a3f2840d12f0b74e3a971,1789808708946423000,1789808708946398000,1789808709017161000,1789808709017979000,1789808709079375000,1789808710140246000,1789808710679615000,1789808710750504000
4a60bf88773db22582046a17673ebed4023397c29d1557b45ae71ff513f9d565,1789808708971423000,1789808708971445000,1789808709037076000,1789808709037890000,1789808709079370000,1789808710140246000,1789808710679464000,1789808710737973000
7a1ae9d69c1fc4acb939a30bf6deafb7437a1306f8d281d30cb7abe347b3fda0,1789808708996423000,1789808708996951000,1789808709113972000,1789808709114818000,1789808709144188000,1789808710140246000,1789808710694310000,1789808710737859000
ef1acb8531f855934cea13d7df8f82a1ca450c29231ddd756799f9f1be97c373,1789808709021423000,1789808709021339000,1789808709099000000,1789808709099720000,1789808709120241000,1789808710140246000,1789808710695440000,1789808710737753000
3ba3dab7fc67281c43dfdaa8aa5b497477fa7bec1b75879dd1ec2a59a4c822f6,1789808709046423000,1789808709046971000,1789808709145342000,1789808709146831000,1789808709190351000,1789808710140246000,1789808710690406000,1789808710737734000
341054ded7e8d9f3e7f5fc6af8819bb02df04bf72634db92c27cc6fec7f34674,1789808709071423000,1789808709071358000,1789808709145330000,1789808709146140000,1789808709171260000,1789808710140246000,1789808710696351000,1789808710737732000
bc73e1bc354c6bbec9d1658eeee60be56f1ae6ec5e4c3c649b6693e084d3e77c,1789808709096423000,1789808709096468000,1789808709172180000,1789808709173025000,1789808709208196000,1789808710140246000,1789808710683339000,1789808710737712000
e36cc56f681d935e54e296c64191b81408d8991c2e8ed7cc189466e4c72c3607,1789808709121423000,1789808709121942000,1789808709183111000,1789808709183943000,1789808709208211000,1789808710140246000,1789808710683347000,1789808710737890000
5165a013b4424fbd5f985d64119aa5c1c4f3b4ec6ec865fcd5ccf1bdafe64a25,1789808709146423000,1789808709146546000,1789808709250148000,1789808709250979000,1789808709272240000,1789808710140246000,1789808710697386000,1789808710737720000
be4f295e453a51e609f4e442d8944bc81bc95a8d8697e97809b7d7bed957ffb7,1789808709171423000,1789808709171298000,1789808709211726000,1789808709212570000,1789808709221264000,1789808710140246000,1789808710696365000,1789808710724530000
e4692e051cfe4a9cc47e03c7a65fc2ac8ee2cd74a8eca9673e526acd3f1ce231,1789808709196423000,1789808709196300000,1789808709279596000,1789808709280403000,1789808709301188000,1789808710140246000,1789808710701363000,1789808710737705000
c615244961cf1721e29202542edd50fc3551fe8a1bf7a53543b5f4c1f5d80577,1789808709221423000,1789808709221290000,1789808709296239000,1789808709297051000,1789808709315256000,1789808710140246000,1789808710690414000,1789808710737743000
1cac8d90910d4567dcc95742952f2e788c825b33ca4624514e9ab7eab13935fd,1789808709246423000,1789808709246301000,1789808709296262000,1789808709297721000,1789808709315259000,1789808710140246000,1789808710690390000,1789808710724455000
d66892f9cf760a6c89df364f6de6902e04202405ede6b5da3f5a01e6f5a4642d,1789808709271423000,1789808709271513000,1789808709345176000,1789808709345993000,1789808709380323000,1789808710767224000,1789808711280331000,1789808711293463000
4f9acbfb5dc06886b67d62170513e34dabf0f57c8cc60c2f001bd31b8f6485a6,1789808709296423000,1789808709296467000,1789808709395417000,1789808709396226000,1789808709435216000,1789808710767224000,1789808711285222000,1789808711293544000
aca5ff37423988769e00856d8b0f0e7d7073e43d4a7ffdf80fd5de67915abf11,1789808709321423000,1789808709321379000,1789808709377931000,1789808709378755000,1789808709407291000,1789808710767224000,1789808711282362000,1789808711293776000
53e71b2c2670b9296eb69a1ff9d386cc80650d6a316cf3ad2291a033c592a53e,1789808709346423000,1789808709346542000,1789808709436140000,1789808709464846000,1789808709504139000,1789808710767224000,1789808711279173000,1789808711293443000
c2bc06b78441782e7d073197510d1574fd83ff791e6b20ec90c67a20673d4c24,1789808709371423000,1789808709371539000,1789808709421980000,1789808709422879000,1789808709482190000,1789808710767224000,1789808711282367000,1789808711293767000
18455a1b23766adf402a4702ac357bbb055650105a4681a1f6b9c70236e0eedc,1789808709396423000,1789808709396418000,1789808709517979000,1789808709548846000,1789808709560251000,1789808710767224000,1789808711285237000,1789808711293779000
f18b832d44e04b3c45242909b3af399cd77b479904c550c6bf177c642f1b9a83,1789808709421423000,1789808709421484000,1789808709508280000,1789808709548217000,1789808709539192000,1789808710767224000,1789808711289365000,1789808711294150000
eaf599fe163cf3e335dd401cb47db9f010a1ed2f6b83b02d4619755b40a443ff,1789808709446423000,1789808709446523000,1789808709557113000,1789808709559161000,1789808709600174000,1789808710767224000,1789808711275340000,1789808711277736000
75c2d3e050dabe1414f168bf468e89925536b13d2f49ae9016376a6332b8f6ad,1789808709471423000,1789808709471340000,1789808709557067000,1789808709558494000,1789808709600170000,1789808710767224000,1789808711275344000,1789808711293798000
a1dc1b71adb7ff0088c0829f2767e4fc8242f6a6228e11bb4636b63ef8ff49b0,1789808709496423000,1789808709496541000,1789808709557044000,1789808709557837000,1789808709600168000,1789808710767224000,1789808711275335000,1789808711281522000
bba3dd6827159f4e78d15a6db7a94ad166fc2ae63510398408baf09fbc5583ff,1789808709521423000,1789808709521500000,1789808709611023000,1789808709611831000,1789808709673185000,1789808710767224000,1789808711273183000,1789808711277766000
f289065cd604aad0780473d39c2e9ee0a19cdd3ac42c78f519371288a9c38f69,1789808709546423000,1789808709546348000,1789808709605244000,1789808709606043000,1789808709647182000,1789808710767224000,1789808711272456000,1789808711273111000
29354f39922be9c93681dcb53a704e2bda493277dff8f51bd736afbe0c677eee,1789808709571423000,1789808709571334000,1789808709653860000,1789808709655381000,1789808709698161000,1789808710767224000,1789808711273157000,1789808711277730000
07f1b6190de97e67db67534d9362d180ed99a4963f2dd9465be4018896d2f008,1789808709596423000,1789808709596467000,1789808709653860000,1789808709654683000,1789808709698160000,1789808710767224000,1789808711273175000,1789808711277822000
99f2de32122a804ead80621cfa446532b68c91d867a61d444c27445ec58b57ca,1789808709621423000,1789808709621460000,1789808709720053000,1789808709721166000,1789808709747209000,1789808710767224000,1789808711272431000,1789808711273110000
ce7f8a62af7bd4b65708784f38c055a8131571c98e008e3b1ec88f773a454073,1789808709646423000,1789808709646415000,1789808709699341000,1789808709700163000,1789808709728168000,1789808710767224000,1789808711278254000,1789808711293564000
6268c3f793d92a4ee685d3826fee17c41877f9889646553dedce4ac8ec0ea318,1789808709671423000,1789808709671318000,1789808709767107000,1789808709768603000,1789808709812169000,1789808710767224000,1789808711287195000,1789808711293453000
ab28a05526e0fc044a667444894419a84b52e47b887d488a9611d4e511a0a9c2,1789808709696423000,1789808709696303000,1789808709767106000,1789808709767907000,1789808709795255000,1789808710767224000,1789808711295343000,1789808711295862000
b7f2c24e944ac94443b0590f24bf664017b404c9ce964658ab7efae28e4021fb,1789808709721423000,1789808709721325000,1789808709816980000,1789808709817795000,1789808709839176000,1789808710767224000,1789808711289357000,1789808711294323000
699bdfb9a10c767798d50e6bab4d8b1818cfba64d0f0f7ce00d16a4e5b327be3,1789808709746423000,1789808709746339000,1789808709789134000,1789808709789919000,1789808709812166000,1789808710767224000,1789808711287217000,1789808711293774000
deee60a91e46942e6c66a74dd691127f6da6198543dcd3284a52af06f1910fc1,1789808709771423000,1789808709771516000,1789808709872361000,1789808709873176000,1789808709901195000,1789808710767224000,1789808711276204000,1789808711277830000
341677fd10693e34e4ae788f07ad60318f3c1628bc188164ca86f30a39f356eb,1789808709796423000,1789808709796528000,1789808709901987000,1789808709902803000,1789808709921175000,1789808710767224000,1789808711296254000,1789808711296783000
e51aaa3e4fae5828fb629bcdb364dbdd95444aace653b42d098c6e5a12f058d4,1789808709821423000,1789808709821476000,1789808709915123000,1789808709915936000,1789808709944265000,1789808710767224000,1789808711294304000,1789808711294857000
d4cfbb240f6b5d7e9ce451ea1b90a0ee71a2722d3817600213664d4032795579,1789808709846423000,1789808709846500000,1789808709915123000,1789808709916619000,1789808709944252000,1789808710767224000,1789808711294292000,1789808711294892000
7da732e9ea98917bb7984a32d709e8fb00c73c6c665304d7be14cbad828d4b30,1789808709871423000,1789808709871388000,1789808709926085000,1789808709926876000,1789808709967167000,1789808710767224000,1789808711292184000,1789808711294164000
8757a6a33cc9476084c94621d583ec5fa92b53df2377007fc867bdb46a3fff8a,1789808709896423000,1789808709896477000,1789808709962128000,1789808709962967000,1789808710002294000,1789808710767224000,1789808711277343000,1789808711293458000
0b441978e30ae4abae949dea9fee478618c1662f38b73a8dc9ad5c1910ce7ef9,1789808709921423000,1789808709921407000,1789808710023123000,1789808710023960000,1789808710065156000,1789808710767224000,1789808711290206000,1789808711294282000
96cb2fc382db3ffe2edaa4b0eae69861634a0d1fe78046ef94236a2b5d9faa98,1789808709946423000,1789808709946301000,1789808710033071000,1789808710033857000,1789808710108195000,1789808710767224000,1789808711283255000,1789808711293559000
98756ab85edf8e426da56a10c199f53b6fe9d27a84efbe34411c6aaaf95d83d0,1789808709971423000,1789808709971366000,1789808710076034000,1789808710086254000,1789808710128200000,1789808710767224000,1789808711278238000,1789808711293494000
f1eabba1ca457f5e865edc438cbc893c5a246230dfcbec5b0b3d6978519d5fe9,1789808709996423000,1789808710002629000,1789808710061995000,1789808710085575000,1789808710108207000,1789808710767224000,1789808711283274000,1789808711293788000
9fdb0e70ecd72e509727c7851b3a3fed9359f4f44aa5b1f574d5b80356c7bd7a,1789808710021423000,1789808710021374000,1789808710093222000,1789808710094054000,1789808710128201000,1789808710767224000,1789808711278261000,1789808711293448000
edb2ae9597a8865b0f9cfd4bc67d0e9d1a9e9cbe197ca71a6b3c39f0cb77a8c9,1789808710046423000,1789808710046425000,1789808710131968000,1789808710158999000,1789808710158190000,1789808710767224000,1789808711283263000,1789808711293761000
f86123e91a7a6dae128d7ac7466f993d42bc23d5e2f13ffb7ec0b707ad4261d0,1789808710071423000,1789808710071321000,1789808710141037000,1789808710159689000,1789808710176177000,1789808710767224000,1789808711276217000,1789808711277833000
dde01a1dcccd6086bf64eddc12ee698395154146eabe123486089468f6ab9f35,1789808710096423000,1789808710096350000,1789808710170332000,1789808710171601000,1789808710208171000,1789808710767224000,1789808711283260000,1789808711293659000
1ae055d8e84349e6df37a38b41ee51f0665357dc6877738f981274745df54009,1789808710121423000,1789808710121417000,1789808710170201000,1789808710171007000,1789808710208173000,1789808710767224000,1789808711283274000,1789808711293785000
87ae1644b8f01deff098bf26edd7096af327c72620ef7353db2e9da8437394ff,1789808710146423000,1789808710146398000,1789808710227022000,1789808710227816000,1789808710262143000,1789808711271188000,1789808711812408000,1789808711812936000
12893581ab252d170c278dfb3596e0ca4fe2f608a10490b156ff3a57c1be3e79,1789808710171423000,1789808710171412000,1789808710257706000,1789808710258538000,1789808710285171000,1789808711271188000,1789808711810478000,1789808711811020000
8cd2dca53ff0f07d1c0acf17bb0944a0aa871f678caf0bbf1b49d72950e228e9,1789808710196423000,1789808710196334000,1789808710262927000,1789808710263735000,1789808710308137000,1789808711271188000,1789808711808194000,1789808711808821000
a6e2ba2eb8b702942f2e48ca4c7018ea7dedfeeadcb7492335de366d7c34e2db,1789808710221423000,1789808710221367000,1789808710262947000,1789808710264434000,1789808710308152000,1789808711271188000,1789808711808208000,1789808711808810000
1c4e9cc1128caa0b26911ff582c0206b2ae698035f9796a6b0c96ddbacec0211,1789808710246423000,1789808710246301000,1789808710299222000,1789808710300017000,1789808710330148000,1789808711271188000,1789808711805178000,1789808711805760000
eb46e6f9c14702894a8f5bef742dca1287dd0c06f1d9560895ae61c2e055b16b,1789808710271423000,1789808710271277000,1789808710362979000,1789808710363787000,1789808710415221000,1789808711271188000,1789808711790371000,1789808711815809000
ec0a891035d82990e189b85e308dbf73155d7e516fba65985eae88c38c6b6ae8,1789808710296423000,1789808710296360000,1789808710346205000,1789808710349222000,1789808710390213000,1789808711271188000,1789808711790351000,1789808711815813000
52813235c8c4dfa1a32223d64795a34eb9f74c4316c14fec1e88628535b661c8,1789808710321423000,1789808710321277000,1789808710412050000,1789808710412909000,1789808710437225000,1789808711271188000,1789808711812430000,1789808711812972000
6e6f7340a604326891b938cfcd7d6cc1d1e1e1629ba894a0486de6381b4d63ca,1789808710346423000,1789808710346324000,1789808710445254000,1789808710446740000,1789808710476263000,1789808711271188000,1789808711802046000,1789808711802824000
f60d85c3507108620e513b208bd082f9d803978580418ad3ee9e00c74b32ed0d,1789808710371423000,1789808710371303000,1789808710486930000,1789808710487729000,1789808710537183000,1789808711271188000,1789808711812395000,1789808711813028000
157a1bfed04e68037148fb3dc3726ddb5cf9c7a57756ea7ef29a6f27d556d67c,1789808710396423000,1789808710396459000,1789808710445233000,1789808710446039000,1789808710507214000,1789808711271188000,1789808711807351000,1789808711807925000
ea2baecf94c2d82b05a4d312d97e4e1f76eb88a071638d96569668f3025eb2d6,1789808710421423000,1789808710421297000,1789808710500060000,1789808710500791000,1789808710537205000,1789808711271188000,1789808711812425000,1789808711812998000
a3fced0b920bb82c7e83d4cde4bab0bf00fbe5c921c35ed92e1698b0ec48d4d4,1789808710446423000,1789808710446316000,1789808710535345000,1789808710536153000,1789808710554216000,1789808711271188000,1789808711804395000,1789808711805047000
2184c7f3c5ba2a2824f9c042448bf2a8df9b3bba5dd20ee60f0516bb5d345bb3,1789808710471423000,1789808710476287000,1789808710535889000,1789808710536849000,1789808710554213000,1789808711271188000,1789808711804410000,1789808711805050000
9d4be38395c1dbec594f4157202c8fff6a1e7aec6db9e58e1c208ea8ced12a32,1789808710496423000,1789808710496440000,1789808710572906000,1789808710573744000,1789808710608289000,1789808711271188000,1789808711808350000,1789808711808898000
201fc64a5e13c9ae77870f5bd51df13b1d5332694ded6b455d2135912605a5b9,1789808710521423000,1789808710521362000,1789808710587942000,1789808710588766000,1789808710624283000,1789808711845195000,1789808712349283000,1789808712368504000
82fc393aded9fc7a9fbac7b808924a1484e336a3880e5755be77c7b470ba1e72,1789808710546423000,1789808710546288000,1789808710626329000,1789808710627147000,1789808710656225000,1789808711845195000,1789808712331268000,1789808712386897000
795c131865965d737a041b22edc632cf9a71343289d8876cc0fdb3c90528889f,1789808710571423000,1789808710571304000,1789808710626412000,1789808710627871000,1789808710693174000,1789808711845195000,1789808712343339000,1789808712354416000
329eba9f9d48d971f55c55222994e995aa3f4415e0510de7ed41acce5e3bca0c,1789808710596423000,1789808710596389000,1789808710657195000,1789808710699677000,1789808710714196000,1789808711845195000,1789808712339267000,1789808712354455000
82e7a5d4c5bc1d92638b7f5ab54e37691d8a2b7a553b2597dd210e7b536d0da6,1789808710621423000,1789808710621402000,1789808710694343000,1789808710700345000,1789808710756193000,1789808711845195000,1789808712331283000,1789808712386942000
141d64c783c8ba08499bc4613e55d81c0df851219775093e4d6c474d639dd9d4,1789808710646423000,1789808710646343000,1789808710724509000,1789808710725320000,1789808710773248000,1789808711845195000,1789808712348447000,1789808712368449000
0c2d377e8c68f77b0160096bc143939303ee5fc27787b67adfa0d21a547e574b,1789808710671423000,1789808710671410000,1789808710757026000,1789808710781328000,1789808710801174000,1789808711845195000,1789808712351338000,1789808712368304000
f385c129c609507e50600c2fa1bf40eb6e8a0f64af0ae5a64831338ae7bc67bf,1789808710696423000,1789808710696331000,1789808710805632000,1789808710806480000,1789808710822206000,1789808711845195000,1789808712347376000,1789808712386903000
7c749cca7b958de252dc841b9e962fe4388a63175fd4fb7f055bd76530d9bf95,1789808710721423000,1789808710721297000,1789808710774037000,1789808710781993000,1789808710822188000,1789808711845195000,1789808712347388000,1789808712368500000
3bbe5a74f08b044bd1e1855e5bea3d7566133aeec1bacda229cc60e58989e634,1789808710746423000,1789808710746258000,1789808710814264000,1789808710815052000,1789808710839163000,1789808711845195000,1789808712339278000,1789808712354409000
c45a88b3e6487ccbda215ac3863b1c6216fae2645c5b4c668ff4e91951fe53d8,1789808710771423000,1789808710771425000,1789808710839944000,1789808710840752000,1789808710864153000,1789808711845195000,1789808712339259000,1789808712354466000
e164287955919cb5d5c16a1f9d27d96440c127a2beeb7ff20f4b83302a73fd21,1789808710796423000,1789808710796440000,1789808710872933000,1789808710873748000,1789808710913123000,1789808711845195000,1789808712338258000,1789808712354380000
69dae3d94403c27177b3a49068e84b8823000d14ca16c0f7e5022b9bf61d6898,1789808710821423000,1789808710821382000,1789808710917550000,1789808710926912000,1789808710962304000,1789808711845195000,1789808712337324000,1789808712368490000
41625f25ce4c0169ea82fe93b70de12f04af893dc460df5b88aaa5bcbf6b6461,1789808710846423000,1789808710846321000,1789808710926012000,1789808710928207000,1789808711005241000,1789808711845195000,1789808712355402000,1789808712386917000
9c4e444f160611a5bf4ebb9e07fa2b94dde1684e47dad2836eedd6a0a7dac089,1789808710871423000,1789808710871400000,1789808710925988000,1789808710927569000,1789808711005206000,1789808711845195000,1789808712355405000,1789808712386907000
bc998815d023d5e3146439cf8202018ce0aa15dfc565370a9dc2135563f73e2b,1789808710896423000,1789808710896428000,1789808710957268000,1789808710958076000,1789808711035148000,1789808711845195000,1789808712335520000,1789808712368320000
415475a7cd3ac5b075563fe29eb05f7e1c1a4f22964e6172e5cfdcdf40946b42,1789808710921423000,1789808710921399000,1789808711002966000,1789808711003783000,1789808711035158000,1789808711845195000,1789808712335538000,1789808712368346000
2f82ef4306a64cf63ed5fa179fae9c3f5e8cd3a4d88a946a6da7ec033aff6e3a,1789808710946423000,1789808710946338000,1789808711030684000,1789808711031486000,1789808711056190000,1789808711845195000,1789808712331254000,1789808712368335000
2f04f29ba4587889c5d417a8be8c19ebab9f69a14e97edb760e66bba63882f9e,1789808710971423000,1789808710971357000,1789808711040018000,1789808711042462000,1789808711077144000,1789808711845195000,1789808712352344000,1789808712386892000
a335ac485772c4604cb8e72b5b1f2d56a07a7b6497dc7c603699a304de2c0d28,1789808710996423000,1789808710996282000,1789808711039950000,1789808711040758000,1789808711077147000,1789808711845195000,1789808712352358000,1789808712386889000
d4d38de8ff081521131e8d51708645346fad4e64684db99360eec625afc505c8,1789808711021423000,1789808711021359000,1789808711081205000,1789808711082122000,1789808711111143000,1789808711845195000,1789808712336267000,1789808712368458000
e209c2a6f8c81ac551313a8470e9b26dd3fdfedcd2af9203f2169893e294d3b3,1789808711046423000,1789808711046366000,1789808711124356000,1789808711125149000,1789808711155190000,1789808711845195000,1789808712355386000,1789808712386889000
f148cc1772abe0af20bd314f41191e21e13ed4814f6d702e85c9027f43357877,1789808711071423000,1789808711071466000,1789808711129967000,1789808711130784000,1789808711183278000,1789808711845195000,1789808712333489000,1789808712368472000
6aa4ee13e609bf98fabe90f9e2e023edbdd38af22543626ba4cc9962c2bd8f6e,1789808711096423000,1789808711096274000,1789808711170220000,1789808711171033000,1789808711287155000,1789808712383173000,1789808712962284000,1789808712965738000
59344b539140a5f473c2d97bdaa8fec83d6b697ae2d698ac073c0b241bb9d7e2,1789808711121423000,1789808711121379000,1789808711183855000,1789808711184748000,1789808711287159000,1789808712383173000,1789808712962255000,1789808712968633000
6c85cb12904ee2fbcaf061efdb981f5d6ab7d2e9bfcf40423f361691f7fd3740,1789808711146423000,1789808711146374000,1789808711242807000,1789808711287225000,1789808711317167000,1789808712383173000,1789808712942433000,1789808712968597000
7bbc6a2a5d4094c267b37809fc8e71ab350fb9b61b3b71d685127f45487cdf93,1789808711171423000,1789808711171389000,1789808711269019000,1789808711287885000,1789808711317163000,1789808712383173000,1789808712942423000,1789808712968595000
de6db79dd9d45a1cc0ec240a1eafe26e89342d56ee8081c50f5c0e46beed6e71,1789808711196423000,1789808711196327000,1789808711294358000,1789808711295184000,1789808711338646000,1789808712383173000,1789808712938726000,1789808712958241000
08a42cca3e3a8872252b2e0c7f53fe27c63295841091019faee22c7db18ff83a,1789808711221423000,1789808711221378000,1789808711269110000,1789808711288611000,1789808711317179000,1789808712383173000,1789808712942401000,1789808712965865000
0cf546ce60fd248a7996b15f55b8740c89582a5d07e79b7685d4573bf54ef362,1789808711246423000,1789808711246378000,1789808711314171000,1789808711314973000,1789808711338643000,1789808712383173000,1789808712938702000,1789808712965743000
c60f105a6ea3b945053529abbfebbc522337397a9cb06a081533289314f8e83f,1789808711271423000,1789808711271320000,1789808711365015000,1789808711365848000,1789808711403145000,1789808712383173000,1789808712953358000,1789808712965902000
4b17c9f3418179d164e356cd87bb1ba14d3f65a57e8f887beb9bb81a99d097f0,1789808711296423000,1789808711296269000,1789808711398851000,1789808711400710000,1789808711424185000,1789808712383173000,1789808712949409000,1789808712965748000
ec37bd3bc390803161b18b7dcddb58ecc43bee208e16f8c49e9ec072782d8c80,1789808711321423000,1789808711322012000,1789808711398386000,1789808711399335000,1789808711424195000,1789808712383173000,1789808712949395000,1789808712965830000
ac3a5aa379cadfc4d17a72fda853dfed6a060b43f86c204251c660a6652bd9cb,1789808711346423000,1789808711346281000,1789808711398501000,1789808711400007000,1789808711424188000,1789808712383173000,1789808712949406000,1789808712958279000
e788bde2a4f2bd55b7ebe80936f02fdd24af56db282f88da6f3cb70bdae29a11,1789808711371423000,1789808711371456000,1789808711434006000,1789808711434806000,1789808711455222000,1789808712383173000,1789808712955347000,1789808712965869000
8caae2421c7ec88e928569a7008d7d78b86f67108efe93772eec4dc643b6f54e,1789808711396423000,1789808711396523000,1789808711450908000,1789808711451711000,1789808711474153000,1789808712383173000,1789808712949401000,1789808712965760000
928a8b852e8d255a30f9d19ce5b397f8f95175b14b7e1cece768bdd3f56760a9,1789808711421423000,1789808711421410000,1789808711465233000,1789808711475719000,1789808711488150000,1789808712383173000,1789808712938242000,1789808712965821000
23d0d7116e0eb5b0a05386edb1af1269ffb9be63cd76320102f2cf1aabfde74b,1789808711446423000,1789808711446787000,1789808711492722000,1789808711493540000,1789808711513154000,1789808712383173000,1789808712938276000,1789808712965840000
3d1b804209c39ce669d26c830651db2f5b2cac9db8d9b0b89727935ca54e8250,1789808711471423000,1789808711472003000,1789808711523983000,1789808711524805000,1789808711551158000,1789808712383173000,1789808712951226000,1789808712965700000
49637c52c76bcd72ec2c1afd8c8cb61e34afa0035e64ff0ba58ecb420dae7fea,1789808711496423000,1789808711496982000,1789808711559388000,1789808711560649000,1789808711592351000,1789808712383173000,1789808712942438000,1789808712968579000
8a020fa488453e23e57521756fe65f7f75901c079dd2cf7c36f9a5408d388491,1789808711521423000,1789808711521985000,1789808711566034000,1789808711566841000,1789808711616163000,1789808712383173000,1789808712941274000,1789808712965577000
780792a3207dc1394a8a3e1af0ee3aa6cbd7d05f108bdc71593651d48f980804,1789808711546423000,1789808711546576000,1789808711606063000,1789808711606837000,1789808711641119000,1789808712383173000,1789808712941250000,1789808712965775000
f525744fa59141ad37b08244dae81c5734299110dce33363b629d518d7274ce1,1789808711571423000,1789808711571328000,1789808711671680000,1789808711672469000,1789808711696178000,1789808712383173000,1789808712946309000,1789808712958232000
4812946c19b9a81bbb50ed3ffc657309fac750c1aeddbc26df635d4cbce11067,1789808711596423000,1789808711596411000,1789808711641903000,1789808711642700000,1789808711665164000,1789808712383173000,1789808712940526000,1789808712965748000
545ef3f763f3bea497e3f25e7bba4bf7406cef921403883b0710ba71a1425747,1789808711621423000,1789808711621987000,1789808711681251000,1789808711682009000,1789808711728276000,1789808713007186000,1789808713503275000,1789808713557246000
eb8004286666176289236ffcc2aa7f721a2ff43c12c75e979ec3de38b05d21bc,1789808711646423000,1789808711646277000,1789808711720047000,1789808711720860000,1789808711763159000,1789808713007186000,1789808713513345000,1789808713577264000
4d2dd441ca75635ba58faa4b62dbcfda62999ba19953f10684f7265b1bb2a2c3,1789808711671423000,1789808711671525000,1789808711755119000,1789808711755904000,1789808711803246000,1789808713007186000,1789808713503268000,1789808713557252000
1128bcbb8e7d3c4d72f414da43ecd39656c6fd60a58d91d7175a43188d1f21b2,1789808711696423000,1789808711696284000,1789808711804081000,1789808711804878000,1789808711845216000,1789808713007186000,1789808713495312000,1789808713557246000
661d9e97fc5ec81cd93aeaf4c1cf5f8f843e8468fb006699eb694939c39432fa,1789808711721423000,1789808711728307000,1789808711779992000,1789808711792110000,1789808711824297000,1789808713007186000,1789808713499461000,1789808713557317000
44ff24590d9b8d9de37b4ce1ac481cc65dcffa172f85c19ef8d077e6c75453ef,1789808711746423000,1789808711746398000,1789808711818989000,1789808711862005000,1789808711845191000,1789808713007186000,1789808713495334000,1789808713557125000
74ab2a695ce76826787378a73683a8eb58d3d147b28749437dc6a3634d5bc4fc,1789808711771423000,1789808711771647000,1789808711845971000,1789808711862652000,1789808711875168000,1789808713007186000,1789808713500292000,1789808713556887000
f9fa29258c2c923aac34183f1928a83a6d8b194f5e749bdf4f46de74254425d2,1789808711796423000,1789808711796751000,1789808711884115000,1789808711884904000,1789808711919115000,1789808713007186000,1789808713494251000,1789808713557176000
63d90caadb986fa28e9deff4ec5fce71511cc1a331e3a7477982b00ef1006d6c,1789808711821423000,1789808711821546000,1789808711927091000,1789808711928501000,1789808711953656000,1789808713007186000,1789808713503711000,1789808713557261000
37abb1f85c33805e8b5d62319d2e00e84b5b7a9e12da1fe7ed2c26e50f0b2c5e,1789808711846423000,1789808711846411000,1789808711950556000,1789808711951339000,1789808712012139000,1789808713007186000,1789808713512281000,1789808713577143000
93d2d25c9b06116a613e4151a1263097a1510f76845b5238e0f27d75f0d3574e,1789808711871423000,1789808711871254000,1789808711927025000,1789808711927838000,1789808711976169000,1789808713007186000,1789808713501295000,1789808713557174000
0f4591a2dd49dbba79f92ed5d638323de758b41db0fb917a1ef6c5ee2f9e3e31,1789808711896423000,1789808711896260000,1789808711954519000,1789808711955298000,1789808712012144000,1789808713007186000,1789808713512281000,1789808713577223000
31574c8a734985d4f887311699f96c34bdd7035d4a3cc4061e9cca723de850fd,1789808711921423000,1789808711921268000,1789808711960013000,1789808711960796000,1789808712012138000,1789808713007186000,1789808713512287000,1789808713577258000
50adc1dc62eec1a8769abb50244eb565fa41c5394a5b825f5faa7db2f73f8e3b,1789808711946423000,1789808711953551000,1789808712012864000,1789808712013677000,1789808712052198000,1789808713007186000,1789808713502238000,1789808713557270000
67b6683bf072287d54ee17ad2b8b4861dc44fdecd3363773be120c920f6212ed,1789808711971423000,1789808711971371000,1789808712071087000,1789808712071920000,1789808712093182000,1789808713007186000,1789808713493380000,1789808713577098000
abc85badbcf44332b0d79ab1b22803bb25b148f4e6b45ec21edf15c98be97f7a,1789808711996423000,1789808711996420000,1789808712047047000,1789808712047767000,1789808712077124000,1789808713007186000,1789808713502220000,1789808713557061000
e48fe47d04218074408de565a3b21266c42da68fd3fed6f881bc79ad7ca58b24,1789808712021423000,1789808712021237000,1789808712094074000,1789808712094868000,1789808712119132000,1789808713007186000,1789808713494247000,1789808713557136000
938395f0e6406d92a09a312593fb2026bdbec107553d6d2cc373bf16c4dd3a84,1789808712046423000,1789808712046259000,1789808712104372000,1789808712105106000,1789808712150185000,1789808713007186000,1789808713500329000,1789808713557119000
821018bb6f4ed96579e600c7e41ee1d457e43c7ad0441c71d2e8234da81c1931,1789808712071423000,1789808712071310000,1789808712150962000,1789808712151748000,1789808712178134000,1789808713007186000,1789808713503146000,1789808713557164000
d152d2da8f1ab6685483f110ef0e5cf6bfb6e3a6c920e635162546fc9bb73aed,1789808712096423000,1789808712096408000,1789808712183013000,1789808712183797000,1789808712212235000,1789808713007186000,1789808713512259000,1789808713577234000
dddd94432dc0da3ed606514880aee9af1a5495fe8e279fa09ce41327a2c52a2c,1789808712121423000,1789808712121256000,1789808712213104000,1789808712213894000,1789808712267192000,1789808713007186000,1789808713517267000,1789808713577230000
684cb85a4a4ce42042777055cf3c15af588175f7d1c0d302aa69a58991b44c6b,1789808712146423000,1789808712146486000,1789808712191934000,1789808712192724000,1789808712237123000,1789808713007186000,1789808713512275000,1789808713577096000
9be4fb2ea2cf831d5d05c9634d3e6498fd09a6f63db3163cc4f260cac2c98ae3,1789808712171423000,1789808712171232000,1789808712241973000,1789808712242761000,1789808712321170000,1789808713007186000,1789808713496229000,1789808713557039000
a6e6a61432e168558af22d26ac35740fe9bbc64281902be72eb784d307e6b700,1789808712196423000,1789808712196405000,1789808712326064000,1789808712327600000,1789808712373154000,1789808713007186000,1789808713498360000,1789808713557250000
1e1c4279889ab75ce46e34182ed3d9789a9faccbc091e72d12eac0a75f8e959e,1789808712221423000,1789808712221262000,1789808712325588000,1789808712326919000,1789808712373145000,1789808713007186000,1789808713498359000,1789808713557024000
f4e056df7f8ca1774bf1358fd5d985ab260639a9260130a73b5e42296e3ffb0b,1789808712246423000,1789808712246414000,1789808712362070000,1789808712401655000,1789808712386166000,1789808713007186000,1789808713511377000,1789808713569592000
f10ed4c12e158416a91114514ef3da1c26664ed96dc86d35b06b1c0902a662ff,1789808712271423000,1789808712271370000,1789808712345986000,1789808712400049000,1789808712386155000,1789808713007186000,1789808713511397000,1789808713569551000
8759ad473790cfc6c955f5b3ba7305735fb281b13f9f2a2b2506260b7460dde7,1789808712296423000,1789808712296265000,1789808712362052000,1789808712399368000,1789808712386193000,1789808713007186000,1789808713511363000,1789808713569656000
1562066d1b0b19545968095716b63273cb678ce2e400292662972c1e20b0bc25,1789808712321423000,1789808712321425000,1789808712384043000,1789808712400747000,1789808712405129000,1789808713007186000,1789808713505218000,1789808713557018000
4acdc84f0043773c5c0e458e90adde2eefb418d4f3e188701deef51e8999add4,1789808712346423000,1789808712346418000,1789808712429930000,1789808712441846000,1789808712470215000,1789808713566098000,1789808714045531000,1789808714113253000
13165de5f65e699c28a84a28f553f564d8fb137db23af5d255463025477d23a1,1789808712371423000,1789808712371340000,1789808712474056000,1789808712474821000,1789808712518160000,1789808713566098000,1789808714043597000,1789808714113200000
3d8a577e448e3eb6fa77be8c801b938930868d0952f2a7487169857023404723,1789808712396423000,1789808712396471000,1789808712448116000,1789808712448903000,1789808712501158000,1789808713566098000,1789808714051213000,1789808714112853000
27e55cb808a75a2de3b39233e97ad9c217ca4f6c043b4980290434233f90f0fd,1789808712421423000,1789808712421340000,1789808712474074000,1789808712475478000,1789808712518248000,1789808713566098000,1789808714043632000,1789808714113245000
ce81b93fbe83f0d03022ec19bfd08376ae31b9909bffc10a5e1904b4bcb1272f,1789808712446423000,1789808712446231000,1789808712515923000,1789808712516722000,1789808712541158000,1789808713566098000,1789808714041243000,1789808714112714000
b0aa845a0d2c2318f64a38ed70597252fd5bae0ab0159a9760cfc7bc1402a57c,1789808712471423000,1789808712471345000,1789808712533079000,1789808712533876000,1789808712556167000,1789808713566098000,1789808714056520000,1789808714113126000
da70877f066c0741e8c850646d63e531d7f4b09458e6696e6ad18880bc869c85,1789808712496423000,1789808712496238000,1789808712536074000,1789808712536857000,1789808712556155000,1789808713566098000,1789808714056547000,1789808714112852000
e71f9c5a55c858c95fd6a9278111690351275665570a4a3aa5dc806ec00561fa,1789808712521423000,1789808712521303000,1789808712586301000,1789808712587097000,1789808712609126000,1789808713566098000,1789808714034139000,1789808714112888000
4e647245216eccdfe5add5861c92c2325932298d32109180bf2e421e8a2a6917,1789808712546423000,1789808712546288000,1789808712648088000,1789808712648894000,1789808712670172000,1789808713566098000,1789808714045526000,1789808714113136000
f46c634e812e51f9342859bf666810390f2fe9ef1bee7459fc166817752607fe,1789808712571423000,1789808712571295000,1789808712609960000,1789808712610693000,1789808712650157000,1789808713566098000,1789808714050270000,1789808714113196000
1f47702e52d12d1a867c0c652feb16ddd9bd3fca470be3c45f73397766c4438c,1789808712596423000,1789808712596407000,1789808712667980000,1789808712668779000,1789808712701152000,1789808713566098000,1789808714051196000,1789808714113247000
0fa0bd2c00f6e43222a66c88d490b6a3a7bd69fa7b6a63882d122917965f3147,1789808712621423000,1789808712621334000,1789808712689064000,1789808712689848000,1789808712716251000,1789808713566098000,1789808714041257000,1789808714113239000
e664682b10892eda90bcdfbab90df8d14d833c20e89f8e25c6103f2ee0d98078,1789808712646423000,1789808712646362000,1789808712704994000,1789808712705781000,1789808712748257000,1789808713566098000,1789808714048247000,1789808714113095000
9ba0b68897aff792c60d237908f0361ccc7f0c31663cdc4f5a5da189568024c7,1789808712671423000,1789808712671334000,1789808712738956000,1789808712739687000,1789808712779156000,1789808713566098000,1789808714054396000,1789808714113131000
34992e099f8717a4698baf37e123123319e6bd3fbe8077575c9e53bbe222f7ae,1789808712696423000,1789808712696400000,1789808712786150000,1789808712786958000,1789808712820669000,1789808713566098000,1789808714045678000,1789808714113112000
08390d55cc5eb109fe6e65de0f4fe8cf035fc61f606877f75cd629693891a46a,1789808712721423000,1789808712721310000,1789808712820069000,1789808712820876000,1789808712854202000,1789808713566098000,1789808714054371000,1789808714113252000
8a4c859cf0d359f76eb810f3382e912ece4549a6df2dc3375ad8f6c140c8785c,1789808712746423000,1789808712746370000,1789808712855142000,1789808712855940000,1789808712898217000,1789808714146110000,1789808714723203000,1789808714723779000
f152cfc6a09f6ef92e5400159c1ddfd16a00669daf1ae6c1c7887e46d634fbc4,1789808712771423000,1789808712771323000,1789808712820139000,1789808712821553000,1789808712854185000,1789808713566098000,1789808714054399000,1789808714113104000
0d549f7b5ba5d16d62d1de1890efb3608527a5534c5fb8cd41b9aaabc43ccc4e,1789808712796423000,1789808712796397000,1789808712886145000,1789808712886942000,1789808712948169000,1789808714146110000,1789808714723192000,1789808714723785000
b58ccaf882c1a7f27678ed07a2e6855e062db872d67258234da2b5a0208781d3,1789808712821423000,1789808712821428000,1789808712906648000,1789808712907482000,1789808712977263000,1789808714146110000,1789808714727517000,1789808714742449000
a89b40c34e0cf6ae607be7e8cef7a8bd52a46cab159f88ca9ab3a21560f5f9bf,1789808712846423000,1789808712846323000,1789808712906939000,1789808712908140000,1789808712977516000,1789808714146110000,1789808714727559000,1789808714733780000
dc474d109593adf511c400625e16c904ca7bd31a9b913a9643098a1b43dca2d7,1789808712871423000,1789808712871279000,1789808712969294000,1789808712970111000,1789808713000803000,1789808714146110000,1789808714725854000,1789808714742241000
830d3c8778d386bd291a858e358f7c88f4824df34e909005bf90e67aa54d6a59,1789808712896423000,1789808712896262000,1789808712972140000,1789808712972870000,1789808713047150000,1789808714146110000,1789808714722162000,1789808714722927000
ab231861687c4942b60061e506765a0b1bbe5907fa2014344cea555b306dddfe,1789808712921423000,1789808712921292000,1789808713004962000,1789808713021992000,1789808713065206000,1789808714146110000,1789808714718394000,1789808714742335000
f1626b9c86868e1d34830d4e701c97d9857556f18f1a0f9f35a22c6799428722,1789808712946423000,1789808712946297000,1789808713004962000,1789808713021343000,1789808713065209000,1789808714146110000,1789808714718324000,1789808714742375000
e0116662156304f32ae25c733de8573b5bcf6b924a13d8e1ac68a8270e855666,1789808712971423000,1789808712977429000,1789808713070125000,1789808713070908000,1789808713100138000,1789808714146110000,1789808714725240000,1789808714733755000
38315303d452dbc2fcb3d0215bf4473f44f3bad5fde3f3cb28d32dec195dd390,1789808712996423000,1789808712996333000,1789808713033576000,1789808713034355000,1789808713065192000,1789808714146110000,1789808714718361000,1789808714742489000
6f7f8d762cf366da97193853c47ac54978f8afa8974929241d700dab977e601f,1789808713021423000,1789808713021296000,1789808713111959000,1789808713112774000,1789808713135172000,1789808714146110000,1789808714735272000,1789808714742563000
1ec4a3e0a5000e8c1dfb38e05565664dcc923c6a510e237f41577faaf5901037,1789808713046423000,1789808713046299000,1789808713139011000,1789808713139812000,1789808713175209000,1789808714146110000,1789808714725224000,1789808714733756000
87b15a13013bf0e62865a214fe15809f3153e55257736413c49ea2951b062204,1789808713071423000,1789808713071328000,1789808713154087000,1789808713154901000,1789808713209177000,1789808714146110000,1789808714734186000,1789808714742496000
b88c32ba6163be4fefbbf161df46372da2582d18b7d4df3f8bb75f7d43c1fe40,1789808713096423000,1789808713096290000,1789808713142137000,1789808713142933000,1789808713209162000,1789808714146110000,1789808714734174000,1789808714742432000
41365ef0c6ffbaafc6dc92ffc875883750f50d6bda391ef5e030eb73bbb48134,1789808713121423000,1789808713121287000,1789808713199139000,1789808713199896000,1789808713233118000,1789808714146110000,1789808714733109000,1789808714742437000
ebbdea3d1e8c3a8879e4c94e192b6030f56d4f45808fa5209be5d2215c54cc74,1789808713146423000,1789808713146261000,1789808713228059000,1789808713228797000,1789808713247214000,1789808714146110000,1789808714722202000,1789808714722945000
c90954c558ce77bd2b2a30633da12bd83ff60581928da03208ec50d93e98fe0d,1789808713171423000,1789808713171309000,1789808713308920000,1789808713310327000,1789808713400155000,1789808714146110000,1789808714725225000,1789808714742339000
3dfc405c6ff4bc4b5e6318a199348d981a7c68769a19cf7fcc731f4bd22073a7,1789808713196423000,1789808713196310000,1789808713268010000,1789808713268813000,1789808713301112000,1789808714146110000,1789808714726135000,1789808714742382000
d2bac58c9873817b1699a801d8f964c67fa8144a554caa52e7affedd3df5c178,1789808713221423000,1789808713221341000,1789808713308880000,1789808713309671000,1789808713350182000,1789808714146110000,1789808714725259000,1789808714742444000
a9c366841fcddec354ea84c2f0b58d86020dcbe4ef33e0c3b8b91631cf8b6867,1789808713246423000,1789808713246308000,1789808713332291000,1789808713333095000,1789808713400176000,1789808714146110000,1789808714725231000,1789808714733768000
903133eb2e7c4daa9086478a608bb3777f18ba87670b9818b1ee4cb22bb8481f,1789808713271423000,1789808713271260000,1789808713378215000,1789808713379018000,1789808713422135000,1789808714146110000,1789808714722185000,1789808714722919000
58941f2519d0842bcebb91d474f6993a77ff42dde67cf39479c34da874b531f5,1789808713296423000,1789808713296298000,1789808713378452000,1789808713379709000,1789808713422146000,1789808714146110000,1789808714722156000,1789808714722831000
faf58f4c131000164922a6c7a838d0375f20ddaa30b10ad6140805ac3f88dbef,1789808713321423000,1789808713321317000,1789808713409066000,1789808713409889000,1789808713445240000,1789808714146110000,1789808714720234000,1789808714746045000
37c04e80516db674069e3b9e8480c56306c89c5966932294edebd88c775adbfb,1789808713346423000,1789808713346311000,1789808713442880000,1789808713444318000,1789808713471170000,1789808714918109000,1789808715471340000,1789808715521699000
ab9a7743152c0a102f7a3f861ca4baa194bb9b53236e884abf0df82b58345b5a,1789808713371423000,1789808713371240000,1789808713442858000,1789808713443657000,1789808713471169000,1789808714918109000,1789808715471419000,1789808715521772000
40ed7a9d2d73a40e09a9ef6d5a32d810612ba4bc0caeb0a14b985a5b79192a8b,1789808713396423000,1789808713396219000,1789808713522123000,1789808713522931000,1789808713550168000,1789808714918109000,1789808715475638000,1789808715501133000
889752ec31f45bd30de44950d0a9a2071c6efc73429c0598275cbd7ad733536a,1789808713421423000,1789808713421318000,1789808713487127000,1789808713487942000,1789808713528143000,1789808714918109000,1789808715478209000,1789808715503727000
1e4c52906d989701744112913c15013e5aa7cc7af533920766f199a56783edc4,1789808713446423000,1789808713446225000,1789808713561173000,1789808713583328000,1789808713597174000,1789808714918109000,1789808715472276000,1789808715522826000
971769eae4c3fce68f083b0fa68194ad76fa83158e21833a2b48d9365822e7dd,1789808713471423000,1789808713471213000,1789808713561214000,1789808713584009000,1789808713620148000,1789808714918109000,1789808715470388000,1789808715520743000
8d2f22ce2c32bee218f31209f192f1ac0912411d3b0df0119e69cef8cd0c4ddc,1789808713496423000,1789808713496248000,1789808713614011000,1789808713614797000,1789808713650097000,1789808714918109000,1789808715475118000,1789808715500708000
1cbda30b444e57729bd6136748c746b6d0f8e8e2cd83b7874272cc5df0bc9fdc,1789808713521423000,1789808713521229000,1789808713614015000,1789808713615479000,1789808713650116000,1789808714918109000,1789808715475121000,1789808715500707000
17e36bdf38da57e2efdf18fe0f6a5f22de2fb76b848136e51ce5e6d95ce681d7,1789808713546423000,1789808713550317000,1789808713597990000,1789808713598800000,1789808713650093000,1789808714918109000,1789808715475095000,1789808715500696000
f7af04abd89211dd708ac4bda5abe6438e10cacd7c6de9e6748c90f886586253,1789808713571423000,1789808713571336000,1789808713646871000,1789808713647667000,1789808713682098000,1789808714918109000,1789808715482241000,1789808715507606000
9de5207e824355e440eb0d34206e41208d2e67a257c62ce15b81b24aaf7038f4,1789808713596423000,1789808713596324000,1789808713642877000,1789808713643710000,1789808713682100000,1789808714918109000,1789808715482236000,1789808715507598000
498e626db1c3944ded3c2edb21fb39ce037f06e5dad524a43407d42dd7361160,1789808713621423000,1789808713621277000,1789808713701316000,1789808713702134000,1789808713724477000,1789808714918109000,1789808715474524000,1789808715500193000
5f38770380c781939a8338926379c99c6614f986f3647053e5f2243b839a9b7c,1789808713646423000,1789808713646379000,1789808713724062000,1789808713724890000,1789808713743199000,1789808714918109000,1789808715468282000,1789808715518757000
318de4f8933d3fe9874934a13c5023cc00a457d3d3a458907d329aadbc4f18c4,1789808713671423000,1789808713671229000,1789808713724087000,1789808713725714000,1789808713743158000,1789808714918109000,1789808715468249000,1789808715518763000
cfd6030213658af00ddd45fae946bb65962d26e40db003dff48efe081685bf1b,1789808713696423000,1789808713696231000,1789808713734904000,1789808713735690000,1789808713758118000,1789808714918109000,1789808715483310000,1789808715508820000
bf8e8922021e52a19a490bfccc680d66b52c240462ae1d5c7a4abbb484328954,1789808713721423000,1789808713721334000,1789808713758942000,1789808713769939000,1789808713786128000,1789808714918109000,1789808715486356000,1789808715511741000
4db1bdc5f86801deba354b43cce4b024dd323738793e69f6a006d3c310e9b00c,1789808713746423000,1789808713746369000,1789808713805025000,1789808713805828000,1789808713829590000,1789808714918109000,1789808715479899000,1789808715505155000
47040450ea9315b57e1750e851864f7d285730362bdd62393645bb60473c8dca,1789808713771423000,1789808713771319000,1789808713829246000,1789808713830099000,1789808713856281000,1789808714918109000,1789808715481409000,1789808715506983000
f72bd14e916d06e631eaf94f04c0ebb4c50565f8ee51e0d59041dd048717fc07,1789808713796423000,1789808713796224000,1789808713830705000,1789808713831525000,1789808713884202000,1789808714918109000,1789808715484264000,1789808715509754000
253fb91878f58e08631fe8274f4298c093b612b14fddb8c6a341bbd23aa01605,1789808713821423000,1789808713821325000,1789808713871932000,1789808713872730000,1789808713907184000,1789808714918109000,1789808715482211000,1789808715507705000
4a53802dbca0c042cbe489ba6beb50f656398b9fdf97403738eb5f5e8c1c77c9,1789808713846423000,1789808713846324000,1789808713935738000,1789808713936795000,1789808713995178000,1789808714918109000,1789808715470436000,1789808715520860000
ca8db8b452db22bd9d2694ab90fef27d82947459b36462c7917d0d2a94784351,1789808713871423000,1789808713871332000,1789808713935319000,1789808713936131000,1789808713972157000,1789808714918109000,1789808715472265000,1789808715522831000
a3a98b4dcdec33abbeb23d7c0b015f3148bba4ae50309a9d9a5b05d6e91607da,1789808713896423000,1789808713896335000,1789808713967096000,1789808713968478000,1789808713995182000,1789808714918109000,1789808715470414000,1789808715520848000
c66b925aae924942e26f7ea54c92390f2fa43ce6ed2756ac6aaf59be35d020db,1789808713921423000,1789808713921348000,1789808713967006000,1789808713967808000,1789808713995176000,1789808714918109000,1789808715470435000,1789808715520858000
35f7ff1c0155e844dd1265fbb70e2098324f695ef7400e80b7dd703ad2aa3868,1789808713946423000,1789808713946301000,1789808714069297000,1789808714075784000,1789808714102134000,1789808714918109000,1789808715477521000,1789808715503053000
5d6af7d657b9572a6472bb28a86131c94b948d1a58a69bdbd42bd4277073b25f,1789808713971423000,1789808713971250000,1789808714062018000,1789808714074464000,1789808714081496000,1789808714918109000,1789808715481505000,1789808715507029000
aaea7afe02a1fe77acb82ff3b48519cb766d84237b4d916a28d528128037f89b,1789808713996423000,1789808713996322000,1789808714069041000,1789808714075110000,1789808714102122000,1789808714918109000,1789808715477128000,1789808715502917000
2ae10d7bd0bfeefab300cf43bcf563f8938c754a4b10ac1286edf8297c018e48,1789808714021423000,1789808714021300000,1789808714088076000,1789808714088860000,1789808714130168000,1789808714918109000,1789808715480198000,1789808715505677000
b4b4986ea31e72a2b26526969637891ffaeac8808702c4d4fb7e26575dbd3f78,1789808714046423000,1789808714046235000,1789808714118991000,1789808714163763000,1789808714156154000,1789808714918109000,1789808715481353000,1789808715506850000
8dbdfe5fe067b6fc5f6b1740e72ea245e4b9da900656f685eafd2de69ab6b1ec,1789808714071423000,1789808714071279000,1789808714160939000,1789808714164430000,1789808714181215000,1789808714918109000,1789808715481316000,1789808715506873000
ce2f343d51d68dbb7f1440a234f9146f8dc6d16e93ce916bc6474ea3948ee58e,1789808714096423000,1789808714096256000,1789808714182399000,1789808714183731000,1789808714242118000,1789808715562078000,1789808715942467000,1789808715968756000
621aaffd7bc5168cae9c93e429cd381cab2802f4296f744f5c23681b7826f0e3,1789808714121423000,1789808714121250000,1789808714211962000,1789808714212761000,1789808714260135000,1789808715562078000,1789808715935274000,1789808715968703000
0448f7c74db8ff679d28a9b50ce87a24d774897953c18b3654568b22aafdafff,1789808714146423000,1789808714146222000,1789808714182282000,1789808714183068000,1789808714211170000,1789808715562078000,1789808715936192000,1789808715977282000
6e39dea81e7f02f39eeea9c65b65f88f67dd7b130bfc82703eeec2b27622bfd1,1789808714171423000,1789808714171220000,1789808714254102000,1789808714254887000,1789808714285128000,1789808715562078000,1789808715935278000,1789808715968751000
dc6b650f1f0f8bf9bc84812663e757581cb911b43f96d04b3bc9ff880e22b672,1789808714196423000,1789808714196376000,1789808714269900000,1789808714270678000,1789808714314098000,1789808715562078000,1789808715939303000,1789808715968757000
afe25d68a897061ea574cccc3d8260ecbde4f4be585df4807f2524d28862b375,1789808714221423000,1789808714221276000,1789808714289974000,1789808714290772000,1789808714337125000,1789808715562078000,1789808715937267000,1789808715977287000
5f6aad86499a22cfe34dae5a44064630170e7aa23d9a83b6e27f3dafed5dbe9f,1789808714246423000,1789808714246424000,1789808714294002000,1789808714294790000,1789808714337121000,1789808715562078000,1789808715937293000,1789808715977266000
a181f9ff6cfecbacd07f5e158e6547afcafa93f1c2a55dcced44d4670a242610,1789808714271423000,1789808714271237000,1789808714346606000,1789808714347414000,1789808714373061000,1789808715562078000,1789808715948187000,1789808715977339000
ef689c7ee9304de3e550a4d2149ba9b5d52fc72ebddab0bc0126f6f9b1436e16,1789808714296423000,1789808714296270000,1789808714391542000,1789808714402692000,1789808714423263000,1789808715562078000,1789808715923317000,1789808716006329000
81a6803fdebd8810fd837f965f11a60ff296066c9bddbf5abe18fcb3059366ef,1789808714321423000,1789808714321397000,1789808714391440000,1789808714402033000,1789808714462122000,1789808715562078000,1789808715937440000,1789808715977261000
c492abea3d2577af2aca6be371eef32db13580eb4530a214d195cce67c38ce70,1789808714346423000,1789808714346442000,1789808714432123000,1789808714432959000,1789808714501192000,1789808715562078000,1789808715926610000,1789808715977384000
b5f76ba9b1562bb5621117dee4dc66433eee3baf84c6622ec7a6fef79a07c2e4,1789808714371423000,1789808714371366000,1789808714427641000,1789808714428451000,1789808714501159000,1789808715562078000,1789808715926626000,1789808715990648000
39f2072d52884b9bab6604e850a5f0dd960d510f0d65a2b26a951efd4bb02957,1789808714396423000,1789808714396340000,1789808714479120000,1789808714479960000,1789808714523156000,1789808715562078000,1789808715923155000,1789808715977294000
0aec061eafd51220595051ec6e2e8843d2c896c7d0c147f4af0c45821a5c816f,1789808714421423000,1789808714423531000,1789808714532684000,1789808714534398000,1789808714583148000,1789808715562078000,1789808715933240000,1789808715990760000
9b8a7189c81daebc293bf1a0f9a394563c24ff95a8955d05f818497ea091f037,1789808714446423000,1789808714462353000,1789808714532601000,1789808714533728000,1789808714583132000,1789808715562078000,1789808715933252000,1789808716006313000
08c14bfb26fbe8d384d000e340ad0221b38e9267f5337dd27fee9c2aba6ff936,1789808714471423000,1789808714471204000,1789808714532203000,1789808714533059000,1789808714560214000,1789808715562078000,1789808715935267000,1789808715977246000
0f82c3fa928bb344f282c631a36e55b13a6b432ec70f5d5c4d9344ab6e30f5c1,1789808714496423000,1789808714496309000,1789808714565303000,1789808714566108000,1789808714597164000,1789808715562078000,1789808715947410000,1789808716006323000
2effddc6f421a675e77a7a53e57142934ef99d3b019368aaad7543b52248ed49,1789808714521423000,1789808714521412000,1789808714568958000,1789808714569772000,1789808714597147000,1789808715562078000,1789808715947404000,1789808716006307000
e6c35862a597baa295a9871620619f849181fcf94942f8f521f78cd8ea141d39,1789808714546423000,1789808714546295000,1789808714650210000,1789808714650950000,1789808714692151000,1789808715562078000,1789808715942444000,1789808715977252000
39c36fbaf674065d21ca2b42defb8d88ebeb3f15d42f021ffa5a7d1bf67effec,1789808714571423000,1789808714571352000,1789808714665369000,1789808714667556000,1789808714726124000,1789808715562078000,1789808715926645000,1789808716006502000
044139e57ff5135c7fb4204966080a8b2a05d1167bd978e4f019deb07a79d50b,1789808714596423000,1789808714596314000,1789808714665352000,1789808714666198000,1789808714726125000,1789808715562078000,1789808715926656000,1789808716006493000
f1c8e2f88aed94d4b4e24e743be0fce0769f2d99ee2c56bc2a77923cce7fa6a5,1789808714621423000,1789808714621222000,1789808714665352000,1789808714666892000,1789808714726162000,1789808715562078000,1789808715926661000,1789808715990736000
3992c5e7c58fce5a0da46f1dc0ced0820aec5e383560844889635920ef60feec,1789808714646423000,1789808714646365000,1789808714701942000,1789808714733400000,1789808714746089000,1789808715562078000,1789808715946157000,1789808715990656000
d54edbc210e46cb8c5053c9671217a9608992d73c3d49d89f2e17a88fc8d852a,1789808714671423000,1789808714671294000,1789808714789091000,1789808714933208000,1789808714826164000,1789808715562078000,1789808715926640000,1789808716006487000
9926c6af1fae1776bbba40f0d0a6ebbdb124c881e16705aca37bcaf5c3e40943,1789808714696422999,1789808714696446000,1789808714780116000,1789808714935228000,1789808714802191000,1789808715562078000,1789808715927218000,1789808715990606000
f5cca0739b269d9516a4913ab279cfc3993f77f7c47d432692fd3ee90eaada45,1789808714721423000,1789808714721212000,1789808714935223000,1789808714937475000,1789808714842100000,1789808715562078000,1789808715942438000,1789808715968765000
9af84f0a2c9d69b19414bc17ce98e7ed960c8201cdb8ca086327f78912d03e85,1789808714746423000,1789808714746224000,1789808714802991000,1789808714933898000,1789808714842104000,1789808715562078000,1789808715942391000,1789808715977171000
56841750aaecc51266880a41ce41b6cf242846caa6ae8b5309fb7baede100696,1789808714771423000,1789808714771326000,1789808714812342000,1789808714934555000,1789808714842110000,1789808715562078000,1789808715942462000,1789808715968769000
4f64688bff8559d46affbb3ac26436d3bc97c3b66d148ac9da871cc6b93c0b3b,1789808714796423000,1789808714796327000,1789808714934381000,1789808714936792000,1789808714881175000,1789808715562078000,1789808715931217000,1789808715968719000
8264a58ac8538b7511b7db51ce0ffd1af284c59799d75f343de787cb945b1c1e,1789808714821422999,1789808714821249000,1789808714939168000,1789808714940571000,1789808714922200000,1789808715562078000,1789808715947401000,1789808715990480000
c741bef24feb64405b58e164c874dc7e084242db7e5dd718c1bc28d3a280532b,1789808714846423000,1789808714846217000,1789808714933744000,1789808714936115000,1789808714958105000,1789808715562078000,1789808715933245000,1789808715968709000
adb3fcdfa77132c8981877dd54f8df06bef2c3565681cf0037b7e58b9764c9bb,1789808714871423000,1789808714871306000,1789808714939115000,1789808714939902000,1789808714994110000,1789808715562078000,1789808715944172000,1789808716006500000
2d3820b11c6c65a58d768b48dccc09d71932162c95d2b814d695dc25cf8b5111,1789808714896423000,1789808714896237000,1789808714969022000,1789808714969729000,1789808715019105000,1789808715562078000,1789808715944157000,1789808715990806000
4521fcc378d1e19f97f1101bf2d5c9184b6f0ddb2d144ecfc9ad17d0f0f07af3,1789808714921423000,1789808714921247000,1789808715014133000,1789808715014975000,1789808715047288000,1789808716024234000,1789808716472297000,1789808716548037000
89305b7291773ec4678b65eac13816bda468775bb6d38a7c5da4f9bee9c7471a,1789808714946422999,1789808714946365000,1789808715042097000,1789808715042897000,1789808715073120000,1789808716024234000,1789808716473206000,1789808716548736000
e7856ebabfbb8a8e79c77f2785c25fece9868c9de2981be6c3b5858351749a34,1789808714971423000,1789808714971218000,1789808715068046000,1789808715069417000,1789808715106101000,1789808716024234000,1789808716481139000,1789808716531882000
b4eaa43cb7d329c9cdc576b3ab7e8ff22a2ffd5e625b54759ff5d58ea7b902e6,1789808714996423000,1789808714996257000,1789808715067916000,1789808715068728000,1789808715138123000,1789808716024234000,1789808716488276000,1789808716538776000
e694e5ff88c11ced0259bd5a94ee7bf0807c52d601c9707a4a73c01acc973cd9,1789808715021423000,1789808715021214000,1789808715107095000,1789808715107892000,1789808715159132000,1789808716024234000,1789808716484207000,1789808716535069000
270c09d2e9ed78026d910dda3bd964955915151b4e0e1dfe7cf53614aaa75fdb,1789808715046423000,1789808715047672000,1789808715107466000,1789808715108563000,1789808715159135000,1789808716024234000,1789808716484202000,1789808716535060000
c3d697e266423cac547ff8d4f852d5cffce437ab2f827707df3712601e14c515,1789808715071422999,1789808715073371000,1789808715134218000,1789808715150421000,1789808715159129000,1789808716024234000,1789808716484217000,1789808716534978000
c9b5f9dbf91436ee76321feb1a84510347a1b74449deca784c97983912b10023,1789808715096423000,1789808715096241000,1789808715163890000,1789808715164657000,1789808715187226000,1789808716024234000,1789808716487284000,1789808716537709000
885a83dc672e47e8c467892810bdd0076b0d8b2a1cb5b5c65aedc5d406ab3680,1789808715121423000,1789808715121328000,1789808715185219000,1789808715186008000,1789808715207108000,1789808716024234000,1789808716482124000,1789808716532716000
2e48642a3504b3157f67bf87964502d283259e80faf191eaf80009c10ace20c5,1789808715146423000,1789808715146340000,1789808715213971000,1789808715214801000,1789808715237121000,1789808716024234000,1789808716487265000,1789808716537708000
91c1921393cff7352bc4a009869a9b4dcc54892b1aa951278b9039d13108dbce,1789808715171423000,1789808715171218000,1789808715248057000,1789808715248863000,1789808715274070000,1789808716024234000,1789808716474150000,1789808716571560000
7842ba43af6d34ecec6de3113175a2e896a230b3cd0263adc50b9a2b21b8b895,1789808715196422999,1789808715196313000,1789808715275711000,1789808715276520000,1789808715308130000,1789808716024234000,1789808716483213000,1789808716533767000
e1638c7073d3d56232b8fed91d5e52b9deac401024f180061628ddd09acce141,1789808715221423000,1789808715221201000,1789808715308961000,1789808715310427000,1789808715361149000,1789808716024234000,1789808716486229000,1789808716536959000
10f51cddf98f9bf28b12426771e249b5eeb2f5804ccefed640a98dd1c80504d8,1789808715246423000,1789808715246215000,1789808715308938000,1789808715309740000,1789808715338147000,1789808716024234000,1789808716488261000,1789808716538768000
d3b08b2e804e918a676ac0e75eedf7faec41470782d88bb9e1cf01cb9e6b594d,1789808715271423000,1789808715271205000,1789808715343339000,1789808715344188000,1789808715406083000,1789808716024234000,1789808716481581000,1789808716531986000
6185494f260a610fbc097e9deeaa2c30290de06c261913f322535b7f51dc48f5,1789808715296423000,1789808715296211000,1789808715353131000,1789808715353957000,1789808715406082000,1789808716024234000,1789808716481597000,1789808716531860000
d82bf2edc31da46144134ffed77d5c7fdff7ab6e88e4298e7f2f63df60a87ece,1789808715321422999,1789808715321306000,1789808715393046000,1789808715393890000,1789808715440135000,1789808716555126000,1789808717140150000,1789808717290818000
b99a944af7fb32770d4744fc08d5a299c162921199868d970608bd2ab1bd2abb,1789808715346423000,1789808715346196000,1789808715457186000,1789808715494621000,1789808715498115000,1789808716555126000,1789808717148229000,1789808717308626000
a1cfdc42aa71d1d01e5ddb7fdf7175525095f99b04a235bb41f11e21ca71a76d,1789808715371423000,1789808715382232000,1789808715441169000,1789808715441992000,1789808715498100000,1789808716555126000,1789808717148212000,1789808717308655000
9867540cba13c32a931347b58018b73d01e0892252e5c56150c051db742d99cc,1789808715396423000,1789808715406392000,1789808715478294000,1789808715495276000,1789808715527590000,1789808716555126000,1789808717152622000,1789808717278244000
cf4f76ab85d2cde40096d07df23db5f042846c20cc43217dbb508296270803d3,1789808715421423000,1789808715421193000,1789808715478414000,1789808715495959000,1789808715527594000,1789808716555126000,1789808717152604000,1789808717278245000
3433b38698ba43d7360c6660a527ecfcda005385a7966e22f8a4a99a7b88ac5a,1789808715446422999,1789808715446287000,1789808715534925000,1789808715577325000,1789808715552127000,1789808716555126000,1789808717152357000,1789808717277879000
5064e4f507794ac346a22e61358039ab106d6f294ee39ec6d30cd40e04b0d667,1789808715471423000,1789808715471347000,1789808715556685000,1789808715576612000,1789808715576130000,1789808716555126000,1789808717151141000,1789808717331755000
21f4ecd606eb3f5c962e62745de55b6ed0c231b0de6c3e9f4b3efa1ff6fc9615,1789808715496423000,1789808715496180000,1789808715557193000,1789808715578006000,1789808715606144000,1789808716555126000,1789808717156190000,1789808717281808000
8ba22ce47ed7b2a8c10d976df41064a80493105ebcae6c898f2089d0c5999cee,1789808715521423000,1789808715521194000,1789808715557116000,1789808715578701000,1789808715606140000,1789808716555126000,1789808717156174000,1789808717281820000
02fc67c6577f5b4acc01f34337e787e37eec3c982c4f1299451e0784369af3fa,1789808715546423000,1789808715546568000,1789808715612984000,1789808715613820000,1789808715646092000,1789808716555126000,1789808717146134000,1789808717308743000
a9cd3ec4db6f2a8c834a9dc4d76741fe61a9f584dd845756e4a62ef1fb0c8d74,1789808715571422999,1789808715571249000,1789808715673774000,1789808715674692000,1789808715704070000,1789808716555126000,1789808717154239000,1789808717279718000
bee70f3eac9bc00b0dae1b49d6b4830cc8dd7db0bc66c6825fa4dfdc3b7b0c20,1789808715596423000,1789808715596255000,1789808715650973000,1789808715651790000,1789808715679101000,1789808716555126000,1789808717154266000,1789808717279735000
03c203855021ee9acd12582647258456379bd0214347fb2ec6e71c67967c6098,1789808715621423000,1789808715621213000,1789808715696337000,1789808715697617000,1789808715722196000,1789808716555126000,1789808717147328000,1789808717308468000
2004c8a72c45f591e9cfe4a78eeadefbae935711d6f333e45354d0705431d16f,1789808715646423000,1789808715646215000,1789808715696102000,1789808715696933000,1789808715722184000,1789808716555126000,1789808717147291000,1789808717308627000
d8ac0f5649e3543f0dfa605689b8357044b695c0f10d5e26876a452913fa2266,1789808715671423000,1789808715671514000,1789808715744067000,1789808715744874000,1789808715770071000,1789808716555126000,1789808717145257000,1789808717308623000
c87174b8cf5598a086abaaf3d4bdc347a9ec86c5b6903c825ca27b312480946d,1789808715696422999,1789808715696199000,1789808715771038000,1789808715771800000,1789808715795073000,1789808716555126000,1789808717145243000,1789808717308533000
f2f0bed874452da7f6a7ee9b90835cfc9355ab3255224b4ceba09b3baaaffd2d,1789808715721423000,1789808715721521000,1789808715776192000,1789808715777053000,1789808715811092000,1789808716555126000,1789808717161272000,1789808717286732000
f1e85d5ee4bf5bc27645afec619ab814d700a28232141e6257be8d43db33ecc9,1789808715746423000,1789808715746573000,1789808715817086000,1789808715817920000,1789808715837162000,1789808716555126000,1789808717162306000,1789808717288403000
d27c377ee74df20a98ce204cad8db0629cf73bab2a341de81eb2deabf23cb877,1789808715771423000,1789808715771180000,1789808715838134000,1789808715838966000,1789808715860098000,1789808716555126000,1789808717160536000,1789808717285863000
1720eb4bb79c1c28752c09fee6b0bf243ffe74730a100dbcbc8c5d52098f2ede,1789808715796423000,1789808715796345000,1789808715838176000,1789808715839672000,1789808715880166000,1789808716555126000,1789808717155382000,1789808717280851000
1fdb957f14b8ac6825320b69335b15f0403b3b211c7678855eb5063055c7a56c,1789808715821422999,1789808715821341000,1789808715901160000,1789808715901988000,1789808715965101000,1789808717262055000,1789808717765250000,1789808717826480000
ba314c3ff15bed3575dbe1be626d16380a6c3a7696fce39a1446f98609181ff6,1789808715846423000,1789808715846191000,1789808715928023000,1789808715936751000,1789808715965105000,1789808717262055000,1789808717765274000,1789808717826414000
507c9761771ff674b5ff984736895fb0a963cab4c6ce3ec4b76e70f598c426fd,1789808715871423000,1789808715871394000,1789808715928336000,1789808715937453000,1789808715965100000,1789808717262055000,1789808717765280000,1789808717826531000
2e4e1c50c30833e5b766559ddb837e0a8c1b0b80538ce1af52928df72750ece8,1789808715896423000,1789808715896320000,1789808715972022000,1789808715972870000,1789808715996091000,1789808717262055000,1789808717746243000,1789808717851726000
a3fa8c79231a3e1b192db00814a7da719e880846a3750f0e4d0b502026b1904f,1789808715921423000,1789808715921349000,1789808716044182000,1789808716044912000,1789808716100128000,1789808717262055000,1789808717750229000,1789808717851587000
a021ba0c606c083cf4550123df1db38a4682630ab2bd9e311515a4d54f7cd2a8,1789808715946423000,1789808715946176000,1789808716043308000,1789808716044090000,1789808716067160000,1789808717262055000,1789808717767147000,1789808717826440000
fc4b75bfc442318269dd9f5656fc9134a8b5fdbde5048566b1f6357f858bd483,1789808715971423000,1789808715971191000,1789808716044270000,1789808716046309000,1789808716100132000,1789808717262055000,1789808717750245000,1789808717851734000
36fa3936b8d70b73047ea6aab23e382d87c1d3b4ec1b13760b6b04d0bd4dee71,1789808715996423000,1789808715996379000,1789808716044269000,1789808716045603000,1789808716100143000,1789808717262055000,1789808717750245000,1789808717851732000
0480b649e3efa44ebcc39e1b4aff6ce42be1694700cf452783094ae72e4b0e71,1789808716021423000,1789808716021199000,1789808716067936000,1789808716068770000,1789808716117148000,1789808717262055000,1789808717767132000,1789808717851584000
76a66379773a9d7c2bab64ec755d9c705eb7d10cd9f96d50a939bc20e078fc18,1789808716046423000,1789808716046263000,1789808716151233000,1789808716151948000,1789808716170107000,1789808717262055000,1789808717745381000,1789808717826490000
d58484bd4d139886118eb4d471655a22aed1eadb454ef2d38710aea86cb30efb,1789808716071423000,1789808716071284000,1789808716175143000,1789808716175938000,1789808716224153000,1789808717262055000,1789808717749429000,1789808717851733000
f487852a9f7f77fc59a6bebb92702218a77e397e6d5decec32aa31ed813cd170,1789808716096423000,1789808716096336000,1789808716151494000,1789808716152648000,1789808716193118000,1789808717262055000,1789808717768203000,1789808717836836000
a7d158c5dc8a38ca9391004a7349446626bceeed06a85e6b983b682eba849ed8,1789808716121423000,1789808716121181000,1789808716157049000,1789808716157869000,1789808716193163000,1789808717262055000,1789808717768243000,1789808717851611000
7f61b18c1fbc6c60f9525076efa4c14769f024fb209d5ebeda63f5703fc18566,1789808716146423000,1789808716146305000,1789808716205916000,1789808716206672000,1789808716247101000,1789808717262055000,1789808717747241000,1789808717851725000
b3be76fe43758da587478bd36cca636ee64381d3f08086b6fe5d640021660460,1789808716171423000,1789808716171205000,1789808716247888000,1789808716248735000,1789808716279073000,1789808717262055000,1789808717754201000,1789808717851599000
cff9b8036da72f45e2491176d8d3112f04338686029053c79456f3e8e61abdad,1789808716196423000,1789808716196213000,1789808716306020000,1789808716306828000,1789808716337143000,1789808717262055000,1789808717762312000,1789808717826424000
7f5bc0849648d55960fcb522e0259589315996bdd227e3908075eba46a3a2069,1789808716221423000,1789808716221239000,1789808716283968000,1789808716284772000,1789808716311104000,1789808717262055000,1789808717761342000,1789808717826464000
f4eec62c746da9e7ff91fd6708d21c50d173ba0b126241ac42a75383094ffa7c,1789808716246423000,1789808716246177000,1789808716306510000,1789808716307549000,1789808716337140000,1789808717262055000,1789808717762307000,1789808717826419000
a9907e3da5cb6bb9f86603f05819437b0af79c2cfcaba736d4b2e5637b524b48,1789808716271423000,1789808716271173000,1789808716341134000,1789808716342116000,1789808716365231000,1789808717262055000,1789808717765269000,1789808717826425000
456c499facae5b27e2fd5c2ebb972620df6679af1e9262f945080c31b7c3bcd4,1789808716296423000,1789808716296171000,1789808716363091000,1789808716363891000,1789808716391065000,1789808717262055000,1789808717766241000,1789808717826518000
7bddd70f701656869534b128a7146310a794fbfead6ba512408342da7b5f8129,1789808716321423000,1789808716321172000,1789808716399750000,1789808716400840000,1789808716428068000,1789808717262055000,1789808717753252000,1789808717855399000
6e2ace9defa899fb367f83f091f5a341ecc53d264f192e6b1bd1c3e33bf109cc,1789808716346423000,1789808716346194000,1789808716432869000,1789808716433660000,1789808716455142000,1789808717262055000,1789808717755153000,1789808717851603000
fcabfcc4dbd207333014a2e0c34ab692a2c4a02241cd4a38269da86c0f41f2e8,1789808716371423000,1789808716371247000,1789808716481780000,1789808716511005000,1789808716504136000,1789808717262055000,1789808717754212000,1789808717851686000
9ec927395bb7023e0a219b951d07040b641f49101d436859a7a29e566625340f,1789808716396423000,1789808716396275000,1789808716481940000,1789808716511698000,1789808716504105000,1789808717262055000,1789808717754180000,1789808717851690000
a626db60142be61ccddd573bb51597b41072ed57a1938e49e2f81603c04fe9c8,1789808716421423000,1789808716421185000,1789808716493288000,1789808716512356000,1789808716518113000,1789808717262055000,1789808717768237000,1789808717826472000
d70d5747d21d36ea02544901baec17e586beb6c830f3930ec020fb00336728a3,1789808716446423000,1789808716446325000,1789808716525429000,1789808716526228000,1789808716575085000,1789808717262055000,1789808717750211000,1789808717851681000
5ae81744784276b493b5df2fa985a0c1a1193bc5d5397c7cb91de6af2f8de157,1789808716471423000,1789808716471433000,1789808716521946000,1789808716522731000,1789808716555137000,1789808717262055000,1789808717755179000,1789808717851683000
0325d932eb8941e3d94d0a03a1b5e3a1714f072a9c16e3611d7c4e17fd7fe152,1789808716496423000,1789808716496174000,1789808716590030000,1789808716590823000,1789808716620092000,1789808717262055000,1789808717745346000,1789808717836798000
08f0b173ce7ad0da6f332bcbe1ec277840f4c7920d6f37f792afcede74669bc9,1789808716521423000,1789808716521198000,1789808716568855000,1789808716573164000,1789808716602165000,1789808717262055000,1789808717752171000,1789808717855246000
7306f9ebe490ca6ba702bf8133ffabbe33071d50943ab992fdd7e9a545196b94,1789808716546423000,1789808716546292000,1789808716627037000,1789808716627881000,1789808716650095000,1789808717801105000,1789808718250291000,1789808718255249000
d77cae3607f1f2112dd97a29271437b3b8e95b3ba62c1b787b3c59d5bb800e9d,1789808716571423000,1789808716571223000,1789808716666882000,1789808716667717000,1789808716692123000,1789808717801105000,1789808718242117000,1789808718255081000
f58a3a48e5502df3386154ec898340d382ec5b285bd61155a4b4b5fb3fd438fb,1789808716596423000,1789808716596170000,1789808716712921000,1789808716713747000,1789808716737132000,1789808717801105000,1789808718237339000,1789808718254962000
90422e1368f5efc6c7e9f1189be749bf3cd46451f05e2be7d0870ff659bf290e,1789808716621423000,1789808716621307000,1789808716686964000,1789808716687800000,1789808716718076000,1789808717801105000,1789808718243137000,1789808718255324000
08534dfc72cbb97b24ae3c33196d1e06c5908d4d3e9fb319067aa5aa6f346afa,1789808716646423000,1789808716646167000,1789808716726151000,1789808716726976000,1789808716756135000,1789808717801105000,1789808718231268000,1789808718236304000
bb167a5535b154f66c99586ec83413987e0d17f877033382bcc56c1912165314,1789808716671423000,1789808716671241000,1789808716753932000,1789808716754732000,1789808716794114000,1789808717801105000,1789808718244330000,1789808718255151000
994ac149cea7d18d58067bc9c192ee57fbdb63c0f9a65454bb20e0720863d63a,1789808716696423000,1789808716696166000,1789808716783008000,1789808716783843000,1789808716818216000,1789808717801105000,1789808718243341000,1789808718255288000
67a2fa16988bf7c3eb7f246988c1698916e08533da5a2c5808d04ff764cef8d4,1789808716721423000,1789808716721203000,1789808716813201000,1789808716815565000,1789808716843164000,1789808717801105000,1789808718243149000,1789808718255257000
92e0340e0001f4a079cf1b3b2f563ce410243e091c7f12a0011b42d55b4d1f6a,1789808716746423000,1789808716746224000,1789808716813376000,1789808716816241000,1789808716858126000,1789808717801105000,1789808718233379000,1789808718236206000
5f26b2628fb313f443c625541ac293909c1dfdc2d676126c77222d57f086d8c4,1789808716771423000,1789808716771223000,1789808716840933000,1789808716841742000,1789808716858122000,1789808717801105000,1789808718233350000,1789808718236217000
1642f0c940602b091fee5f871fd23f8f57bc43485a0374148c13df834a5d652d,1789808716796423000,1789808716796195000,1789808716876919000,1789808716877761000,1789808716916085000,1789808717801105000,1789808718241344000,1789808718255250000
6a82f326825d89861707302c447e40b2e5c5b54901590a6042ea0df08c4850bd,1789808716821423000,1789808716821331000,1789808716914104000,1789808716914914000,1789808716946120000,1789808717801105000,1789808718246205000,1789808718255319000
e1cd1dd10af6d4e5db3789048bc420dc3bcc2908c5a1911d57eeb9f7475327c9,1789808716846423000,1789808716846171000,1789808716940848000,1789808716941680000,1789808716967065000,1789808717801105000,1789808718242087000,1789808718248760000
6704922a0052c8a048321923ee437df745b15d7ccf5a9366b91a1536d054ede1,1789808716871423000,1789808716871338000,1789808716921245000,1789808716922102000,1789808716967066000,1789808717801105000,1789808718242105000,1789808718248599000
3ac068e33701aaa27aae4baa25b348c19f936bc6f703f6674e4969f4ecca040e,1789808716896423000,1789808716896325000,1789808716990884000,1789808716991717000,1789808717014127000,1789808717801105000,1789808718239359000,1789808718240040000
9060cfe1ea48dbded9ac32630e6895c70ec4b6a031114338617efd1b5fc00efe,1789808716921423000,1789808716921295000,1789808717019757000,1789808717020586000,1789808717044126000,1789808717801105000,1789808718244307000,1789808718255104000
00a3168882c922206fc6c74824cd9fb1e3897b8cff6725afd93383b0974c7062,1789808716946423000,1789808716946169000,1789808717035115000,1789808717035962000,1789808717088182000,1789808717801105000,1789808718238232000,1789808718255192000
53b01bae247b168d8b382722f642b87b09ad712ed6760171baaec9376fd375a1,1789808716971423000,1789808716971167000,1789808717025074000,1789808717025879000,1789808717088171000,1789808717801105000,1789808718238244000,1789808718255311000
a18e3e7236567d761c3589ee8c6295b5e0b01ecc52d526acc9800a72099f8066,1789808716996423000,1789808716996160000,1789808717059962000,1789808717060790000,1789808717119120000,1789808717801105000,1789808718244323000,1789808718255296000
87aef32932f670a4d9f00cf774dcd8edd6edbe914f3298e4e3bad36f0b18bb64,1789808717021423000,1789808717021195000,1789808717107281000,1789808717108092000,1789808717157066000,1789808717801105000,1789808718232263000,1789808718236297000
853e1c8c9ee37e26399627c27385f6f1f5ec20c7d1b30a878a1c861779df59bf,1789808717046423000,1789808717046331000,1789808717154061000,1789808717175757000,1789808717181194000,1789808717801105000,1789808718231222000,1789808718236337000
30428c7526373a2a7e075ca44c63c7b756efbd0e106e21b7874da7058d42a7ac,1789808717071423000,1789808717071323000,1789808717154087000,1789808717176451000,1789808717181153000,1789808717801105000,1789808718231252000,1789808718236148000
f4938fd2f9e94ec6c5f78bbde686cd56d7e204879011982353cef54ebd8637a6,1789808717096423000,1789808717096174000,1789808717163954000,1789808717177151000,1789808717204146000,1789808717801105000,1789808718229311000,1789808718254966000
5b7f3f4783eef5e28900607c906bfd34b4f37626899311de8985af0e14482ff8,1789808717121423000,1789808717121305000,1789808717195009000,1789808717195788000,1789808717221555000,1789808717801105000,1789808718246621000,1789808718255012000
6d47e744782f983ddf063a25f7279bee1ec1e5b56154200d76ce438fa780b677,1789808717146423000,1789808717146158000,1789808717195009000,1789808717196456000,1789808717221558000,1789808717801105000,1789808718246601000,1789808718255193000
f849dd1e0d27f982a8d4bc61c709ee471de48cd700325affce9065bcad8555c0,1789808717171423000,1789808717171155000,1789808717227850000,1789808717277962000,1789808717252100000,1789808717801105000,1789808718252309000,1789808718255394000
4cc272c6610406dc9500c368e96d50dbf5080fa1fe583750cf33716a56a4b199,1789808717196423000,1789808717196163000,1789808717256976000,1789808717278652000,1789808717277091000,1789808717801105000,1789808718252288000,1789808718255291000
7762002969507926ee9ec3a75cf8446fb8d537fd5a0ef87b9d8026faba86af51,1789808717221423000,1789808717221312000,1789808717299129000,1789808717314864000,1789808717321070000,1789808718273051000,1789808718780392000,1789808718781387000
78b141b8915ef20aa112dd45ec2bc78922d5775667e45aa9145e164dde45eb30,1789808717246423000,1789808717246333000,1789808717316077000,1789808717316875000,1789808717343028000,1789808718273051000,1789808718770539000,1789808718780898000
a2cfd9d2ee1f48b53da74367c1e6facb5cb3ec52a2d9fa9f9e036d42f8d7d906,1789808717271423000,1789808717271219000,1789808717347345000,1789808717348898000,1789808717399239000,1789808718273051000,1789808718774266000,1789808718781395000
1fd65bfd95b0cbf52bb6c679a01b17b03d60ae58caf486a490e3bfcff78b8ea8,1789808717296423000,1789808717296157000,1789808717347172000,1789808717348184000,1789808717370391000,1789808718273051000,1789808718770445000,1789808718781004000
9fae16056a1faeefc0aad5098d0437cebeb8980992f56782fbe4c7278894d4d9,1789808717321423000,1789808717321250000,1789808717400022000,1789808717400847000,1789808717447137000,1789808718273051000,1789808718780559000,1789808718781450000
24a35988a2793d26491471e7e69b36eb7c9e460c5663f2bf81464a75f63c2c97,1789808717346423000,1789808717346221000,1789808717394416000,1789808717395197000,1789808717430122000,1789808718273051000,1789808718770478000,1789808718780996000
482db926de8f55b2f18770ff8c0990eb4fd8a17b4e154d9a1bb1e706e050f7e4,1789808717371423000,1789808717371349000,1789808717430968000,1789808717431800000,1789808717466107000,1789808718273051000,1789808718770597000,1789808718781280000
01e01be2d4aa7b55055b7682351a629d8471d6539242e55f7b1ccccece7bab39,1789808717396423000,1789808717396219000,1789808717461000000,1789808717461833000,1789808717495112000,1789808718273051000,1789808718770410000,1789808718780923000
d7589fd8e5b884d04b5a0f8d912442126da8d8a8bf3cbcf002d018d1b7933764,1789808717421423000,1789808717421207000,1789808717485928000,1789808717486658000,1789808717518104000,1789808718273051000,1789808718770574000,1789808718780919000
fa591c9714b105be68a01fd437320978ce09ccc313abcca6759c1249ea1ca46c,1789808717446423000,1789808717446280000,1789808717507064000,1789808717507867000,1789808717541058000,1789808718273051000,1789808718770525000,1789808718780909000
854e834f1654a467a86ba4d50102c3aaa85925b7ba0d92ad3b132e6fda3cb300,1789808717471423000,1789808717471213000,1789808717532930000,1789808717533741000,1789808717560134000,1789808718273051000,1789808718770548000,1789808718781251000
dda5313b6bec5bafac1df390a575147dfc2ccc906d3cf018923ad059b3c1ec59,1789808717496423000,1789808717496225000,1789808717560897000,1789808717561682000,1789808717592053000,1789808718273051000,1789808718770546000,1789808718781246000
5c13c71ddca5082dc036464faa91d5d39fb6ec9af9b1250852f6274c2f0c296d,1789808717521423000,1789808717521280000,1789808717593151000,1789808717593996000,1789808717623096000,1789808718273051000,1789808718780645000,1789808718781721000
47d9209c0ffe770e5e2b11492bacf1c42a25e0eb0022e357115761828220a055,1789808717546423000,1789808717546290000,1789808717621092000,1789808717621923000,1789808717651085000,1789808718273051000,1789808718770340000,1789808718780753000
f53f58983c908da738cc281d69d5e3f2fbe9ec22078e955a1f07da0c69c74fdf,1789808717571423000,1789808717571152000,1789808717673929000,1789808717674724000,1789808717705959000,1789808718807024000,1789808719156070000,1789808719206780000
17bfb666496515f3cfb962abd7d6ed0fea4adbaf2f9e2b5081546b0f43ea88a2,1789808717596423000,1789808717596212000,1789808717706897000,1789808717737853000,1789808717752099000,1789808718807024000,1789808719152160000,1789808719206445000
653f8de338649bdb6e2d18010f0a850d418ce816145ff6443dc1b5467e8d4638,1789808717621423000,1789808717621212000,1789808717707177000,1789808717738567000,1789808717752107000,1789808718807024000,1789808719152167000,1789808719206442000
ba6e2b0ed03e9ecf3faaad781416136b3b133f02550b407c2ec9c4570cd52447,1789808717646423000,1789808717646273000,1789808717695287000,1789808717737225000,1789808717726415000,1789808718807024000,1789808719151559000,1789808719206633000
3423c3fbad22817503c749ee00beeb610936314791750edadfee21c72c87ab3a,1789808717671423000,1789808717671275000,1789808717722893000,1789808717739187000,1789808717778069000,1789808718807024000,1789808719153232000,1789808719206587000
81c1e47921eab26f6ef1a828a27eede507131a7a4aafaec563ebcceea946b2ef,1789808717696423000,1789808717705655000,1789808717784926000,1789808717813247000,1789808717826107000,1789808718807024000,1789808719151539000,1789808719206455000
7dc6d2c8f2afae03ae2a8ee1173747c21bcbc5bbe5a72e4f7d3d064bd0b0f90e,1789808717721423000,1789808717726326000,1789808717816024000,1789808717817306000,1789808717855084000,1789808718807024000,1789808719155198000,1789808719206705000
a8fa54da77cc69323872957c8804cd7530fdd301addbb45cb7bd9f5e387428ec,1789808717746423000,1789808717746220000,1789808717815809000,1789808717816606000,1789808717855061000,1789808718807024000,1789808719155206000,1789808719206635000
21b46932ccc8cc3c0f12288663d7d3163de3fa413d1127fb6aea142094dbd6af,1789808717771423000,1789808717771266000,1789808717831037000,1789808717831864000,1789808717872118000,1789808718807024000,1789808719147182000,1789808719206685000
04cdcf58a0e826b00b8214cbb13f795ab423de0aebcc723133720fa247b9bdf9,1789808717796423000,1789808717796235000,1789808717869974000,1789808717870820000,1789808717895047000,1789808718807024000,1789808719170202000,1789808719206726000
3aeb19b1659ddcfbec14cfe0a5886210be77db661ff00bd8db3f756eddbc5034,1789808717821423000,1789808717821359000,1789808717901851000,1789808717902706000,1789808717927115000,1789808718807024000,1789808719152173000,1789808719206465000
f8ad6ef8512db7fa48a2987eded5b62e5d92a1304494926e0ca75ac43ee79fc5,1789808717846423000,1789808717846226000,1789808717931260000,1789808717936837000,1789808717957110000,1789808718807024000,1789808719157292000,1789808719207827000
b1a163649f287afa75aca946d5efd31da76089d1b5683488bdb3b13b09132f50,1789808717871423000,1789808717871273000,1789808717961109000,1789808717961933000,1789808717998046000,1789808718807024000,1789808719148163000,1789808719206650000
b4b37fa32f87205f064379e08f22cfe48b1a26aef78e02687d6e9d6ef8fd1444,1789808717896423000,1789808717896316000,1789808717940129000,1789808717940922000,1789808717979050000,1789808718807024000,1789808719154203000,1789808719206705000
183370c2604add4291102c1fd2ce96b22404b7f6b27279f8ebe29688aa15842b,1789808717921423000,1789808717921168000,1789808717995036000,1789808717995834000,1789808718026052000,1789808718807024000,1789808719151519000,1789808719206672000
cd2800eb7f586cf5ea312a3869c3e223c0ffb9db2ed51585ff5b2c60e34d18e7,1789808717946423000,1789808717946309000,1789808718045023000,1789808718045862000,1789808718065050000,1789808718807024000,1789808719165955000,1789808719216368000
6a0f21a098f942a62e0890f25e296b9917ce66c94be2c0d4400871ca496725cf,1789808717971423000,1789808717971299000,1789808718074053000,1789808718074880000,1789808718096108000,1789808718807024000,1789808719171198000,1789808719206747000
821228155444e4095f0a68297f6d2e5a6fb7f32dbac259df381acc40ee78c898,1789808717996423000,1789808717996212000,1789808718087965000,1789808718088760000,1789808718121067000,1789808718807024000,1789808719171165000,1789808719206310000
301d020af6656d3ecaddad1aaa3cc0c2d4bdf9560d15f224687388d14590b995,1789808718021423000,1789808718021161000,1789808718074273000,1789808718075554000,1789808718121056000,1789808718807024000,1789808719171181000,1789808719206641000
e20caa5866612e5165f81a4b3e8446c8681ec10010423b57e64da9e287829e55,1789808718046423000,1789808718046194000,1789808718138886000,1789808718139717000,1789808718173122000,1789808718807024000,1789808719148158000,1789808719206593000
451ab20db52e589427b6f3db08718024db37b2cddaa4cbf6dcfecc79d615207e,1789808718071423000,1789808718071297000,1789808718115992000,1789808718116881000,1789808718145079000,1789808718807024000,1789808719170198000,1789808719206705000
e2542374f1a73b0daa55e331a3b3eddd44de8fc76790db0a576adb0a9c62754d,1789808718096423000,1789808718096142000,1789808718177007000,1789808718177802000,1789808718208120000,1789808719216112000,1789808719483615000,1789808719508869000
7c0c29c844706d340556cd54cc9e6260b0dd3b0b05e203664f213ada5f8a59b3,1789808718121423000,1789808718121159000,1789808718212883000,1789808718226602000,1789808718273059000,1789808719216112000,1789808719498309000,1789808719523691000
9e5e787d419b00156be81b18af23fc41377e3b7467fbfa72054055fee366e853,1789808718146423000,1789808718146253000,1789808718242709000,1789808718243553000,1789808718273085000,1789808719216112000,1789808719498302000,1789808719523691000
b12396b35e83a90bf8e0fbdf22a1626b3481b904044167000eb477de6414b397,1789808718171423000,1789808718171242000,1789808718242732000,1789808718244231000,1789808718273063000,1789808719216112000,1789808719498267000,1789808719523750000
9706cc434e5a384ccf5c5a50402315018654a94466696da9215608915a00d49b,1789808718196423000,1789808718196178000,1789808718267978000,1789808718289149000,1789808718299052000,1789808719216112000,1789808719499213000,1789808719524631000
213b920ae03017efbf3381e5d60ec76fd9c214219835f5ebce3de5f32a01cb0f,1789808718221423000,1789808718221292000,1789808718321214000,1789808718322568000,1789808718392061000,1789808719216112000,1789808719492328000,1789808719517985000
237efdd0ef1c260d6402fe72bd50b70704b7cd4ffd496be6a849ad45e52d2b1a,1789808718246423000,1789808718246176000,1789808718321085000,1789808718321869000,1789808718361121000,1789808719216112000,1789808719486576000,1789808719512029000
87b0e741c8e36312279c8a029b270a99bc6157edae51df49de936474efe172a9,1789808718271423000,1789808718271239000,1789808718353881000,1789808718355420000,1789808718392062000,1789808719216112000,1789808719492360000,1789808719518015000
d73952cb8c39f274b7f53d4c811f261bd2715f5e3f24999cbfb085387a88d158,1789808718296423000,1789808718296146000,1789808718353882000,1789808718354722000,1789808718392056000,1789808719216112000,1789808719492355000,1789808719518007000
f578e82fcedce84019a5e569b2964ed0f82b559fd9aa78fcda3b5b5c53e3ab4e,1789808718321423000,1789808718321154000,1789808718425000000,1789808718425825000,1789808718453056000,1789808719216112000,1789808719478537000,1789808719528929000
0ee68d811c75140085aea3eed7f2bb4609412c6631fbbc965dbf617d459de487,1789808718346423000,1789808718346210000,1789808718406025000,1789808718406862000,1789808718430033000,1789808719216112000,1789808719480236000,1789808719505953000
e51cf08847e768dc801f4ad0249f55b26974c667751effb4e2c1a260956b90eb,1789808718371423000,1789808718371242000,1789808718459922000,1789808718461436000,1789808718503102000,1789808719216112000,1789808719478518000,1789808719528973000
d432d5a57d49599099496d24c5ec3714c9b4e0c8deca5f8039581714f0a497bc,1789808718396423000,1789808718396145000,1789808718459889000,1789808718460732000,1789808718484145000,1789808719216112000,1789808719484252000,1789808719509769000
0997077afbde4d69492f37465091fa67d8310593fb3cec76ea985c6104b2a1a4,1789808718421423000,1789808718421158000,1789808718475974000,1789808718476788000,1789808718503099000,1789808719216112000,1789808719478535000,1789808719528935000
4dc723ff0688bed6dd57fbc7f3e8288c5cb375624734a69df31e797a417b8804,1789808718446423000,1789808718446263000,1789808718503958000,1789808718514561000,1789808718529063000,1789808719216112000,1789808719479165000,1789808719529605000
ca5e5fa58f93bcb62323904e6780f3464054f126663d51737739c4912787813b,1789808718471423000,1789808718471283000,1789808718523941000,1789808718524699000,1789808718549051000,1789808719216112000,1789808719499227000,1789808719524632000
2fd8fb8d05549256a4bf105812330dd48903da217c3c8425e7063cf58856d723,1789808718496423000,1789808718496180000,1789808718554362000,1789808718555390000,1789808718576046000,1789808719216112000,1789808719476235000,1789808719526931000
329694271753807a2d057f5f802ee0d3e32a5b4ae99c90c96409836e64276115,1789808718521423000,1789808718521241000,1789808718576943000,1789808718577795000,1789808718615052000,1789808719216112000,1789808719490892000,1789808719516112000
ee20ed580e2c11234a70d3f108e9d8168e87cf4a71074a62c84b9753990a4994,1789808718546423000,1789808718546148000,1789808718585890000,1789808718586721000,1789808718644115000,1789808719216112000,1789808719494466000,1789808719519886000
1b9ce80619cca5e0dbafd9d7d863e22351436dd651d485754469ed24e44b18b8,1789808718571423000,1789808718571230000,1789808718630370000,1789808718631177000,1789808718670038000,1789808719216112000,1789808719495148000,1789808719520598000
0efe1afdda32a75865c52fb9950bba42020b78590f1ce1fbc87cb785e635416b,1789808718596423000,1789808718596157000,1789808718687928000,1789808718688749000,1789808718722036000,1789808719216112000,1789808719497232000,1789808719522644000
b4c293748cd5d5de1519a7f9f78bfcefe51f815ddd6fde8b2f3f4a6810fc1d39,1789808718621423000,1789808718621272000,1789808718681958000,1789808718682759000,1789808718705076000,1789808719216112000,1789808719480221000,1789808719505944000
aaea557e5b3837fde1b88b2e3b8ae50c3f0d205efc3db4f48dedf6712bce5c36,1789808718646423000,1789808718646149000,1789808718719050000,1789808718719810000,1789808718744016000,1789808719216112000,1789808719494488000,1789808719519888000
