run,source,stage,n,mean,p50,p95,p99,max,negative
base,summary.json,all_stages_ms/send_to_response,48000,35.8336721875,6.088,189.201,533.994,856.775,0
base,summary.json,all_stages_ms/wallet_verify_save,48000,0.6651677916666666,0.204,1.066,10.134,173.824,0
base,summary.json,all_stages_ms/send_to_fast,48000,36.49883997916667,6.423,190.357,534.24,857.733,0
base,summary.json,all_stages_ms/fast_to_wallet_block,48000,2546.465364333333,1725.022,6450.046,9025.853,17950.098,0
base,summary.json,all_stages_ms/send_to_wallet_block,48000,2582.9642043125,1755.056,6501.932,9110.286,17978.57,0
base,summary.json,all_stages_ms/wallet_block_to_members,48000,34.33320225,26.189,100.158,124.848,152.222,0
base,summary.json,all_stages_ms/send_to_member_completion,48000,2617.2974065625,1780.979,6534.59,9136.941,17986.997,0
base,summary.json,gateway_ms/send_to_gateway,480,20.31545,0.687,116.015,390.636,643.718,0
base,summary.json,gateway_ms/gateway_decode,480,1.1474604166666666,0.131,1.325,17.28,163.697,0
base,summary.json,gateway_ms/gateway_authorize,480,1.2778791666666667,0.091,0.838,12.915,376.681,0
base,summary.json,gateway_ms/gateway_pre_fanout,480,2.5315354166666664,0.238,4.212,32.2,377.15,0
base,summary.json,gateway_ms/fanout_to_quorum,480,10.566172916666666,2.255,44.806,76.494,470.881,0
base,summary.json,gateway_ms/quorum_to_response,480,0.3314916666666667,0.091,0.563,4.005,27.181,0
base,summary.json,gateway_ms/gateway_response_to_wallet,480,1.0233375,0.217,4.637,10.183,36.173,0
base,summary.json,selected_member_ms/dispatch_schedule,1440,0.2874173611111111,0.024,0.588,5.647,60.114,0
base,summary.json,selected_member_ms/dispatch_to_handler,1440,2.981022916666667,0.258,15.719,41.702,267.7,0
base,summary.json,selected_member_ms/member_decode,1440,0.16781180555555555,0.124,0.387,0.534,3.691,0
base,summary.json,selected_member_ms/member_validation,1440,0.28478194444444443,0.232,0.683,0.765,11.571,0
base,summary.json,selected_member_ms/validation_to_commit_request,1440,0.0034347222222222223,0.002,0.006,0.011,0.645,0
base,summary.json,selected_member_ms/member_update_queue,1440,0.37216319444444446,0.002,0.425,12.197,48.166,0
base,summary.json,selected_member_ms/member_update_callback,1440,0.07495208333333334,0.063,0.139,0.183,2.826,0
base,summary.json,selected_member_ms/member_update_finish,1440,0.08221666666666666,0.01,0.5,1.226,4.258,0
base,summary.json,selected_member_ms/member_sign,1440,0.016639583333333333,0.014,0.04,0.047,0.433,0
base,summary.json,selected_member_ms/member_sign_to_response,1440,0.00012638888888888888,0.0,0.001,0.001,0.006,0
base,summary.json,selected_member_ms/member_response_to_selected,1440,3.162725,0.436,12.244,35.847,254.047,0
base,summary.json,selected_member_ms/member_handler_total,1440,1.002126388888889,0.473,2.101,13.448,50.687,0
base,summary.json,critical_third_vote_ms/dispatch_schedule,480,0.427,0.029,0.747,6.771,60.114,0
base,summary.json,critical_third_vote_ms/dispatch_to_handler,480,3.950910416666667,0.398,18.893,51.079,267.7,0
base,summary.json,critical_third_vote_ms/member_decode,480,0.18407708333333334,0.125,0.398,0.552,2.334,0
base,summary.json,critical_third_vote_ms/member_validation,480,0.3177229166666667,0.233,0.692,0.769,11.571,0
base,summary.json,critical_third_vote_ms/validation_to_commit_request,480,0.0031041666666666665,0.003,0.006,0.012,0.029,0
base,summary.json,critical_third_vote_ms/member_update_queue,480,0.8138104166666666,0.003,3.024,20.137,48.166,0
base,summary.json,critical_third_vote_ms/member_update_callback,480,0.0808875,0.064,0.149,0.266,1.511,0
base,summary.json,critical_third_vote_ms/member_update_finish,480,0.11564375,0.01,0.663,1.431,4.258,0
base,summary.json,critical_third_vote_ms/member_sign,480,0.01693125,0.014,0.041,0.043,0.275,0
base,summary.json,critical_third_vote_ms/member_sign_to_response,480,0.00013125,0.0,0.001,0.001,0.002,0
base,summary.json,critical_third_vote_ms/member_response_to_selected,480,4.631920833333333,0.594,16.802,52.796,243.179,0
base,summary.json,critical_third_vote_ms/member_handler_total,480,1.5323083333333334,0.502,4.399,21.743,50.687,0
base,summary.json,selected_http_ms/serialize,1440,0.029520833333333333,0.0,0.001,0.097,12.073,0
base,summary.json,selected_http_ms/get_connection,1440,1.1271006944444444,0.001,3.0,25.892,171.945,0
base,summary.json,selected_http_ms/connection_to_written,1440,0.4650090277777778,0.004,0.241,12.307,257.946,0
base,summary.json,selected_http_ms/written_to_handler,1440,0.6066597222222222,0.108,3.017,6.371,11.359,0
base,summary.json,selected_http_ms/response_to_first_byte,1440,1.4571645833333333,0.203,6.099,14.022,201.88,0
base,summary.json,selected_http_ms/first_byte_to_approval_decoded,1440,1.3963125,0.035,5.622,27.825,251.588,0
base,summary.json,selected_http_ms/decoded_to_selected,1440,0.3092479166666667,0.042,0.326,7.161,28.618,0
base,backend-summary.json,stages_ms/send_to_first_mempool_enter,560,1169.5033410714286,304.029,4939.103,,10891.804,0
base,backend-summary.json,stages_ms/fast_to_first_mempool_enter,560,1137.171894642857,268.79,4893.156,,10890.49,3
base,backend-summary.json,stages_ms/send_to_public_delivery,560,1167.0637142857142,300.883,4938.298,,10890.975,0
base,backend-summary.json,stages_ms/public_delivery_to_receive,560,0.39145892857142855,0.081,1.665,,11.479,0
base,backend-summary.json,stages_ms/public_receive_to_mempool_enter,560,2.048167857142857,0.788,2.306,,260.488,0
base,backend-summary.json,stages_ms/mempool_check,560,0.0035,0.003,0.006,,0.065,0
base,backend-summary.json,stages_ms/accepted_to_prepare_enter,560,331.18652142857144,271.87,658.123,,1340.039,0
base,backend-summary.json,stages_ms/prepare_block,560,1.4759857142857142,1.381,2.405,,3.762,0
base,backend-summary.json,stages_ms/prepare_done_to_commit_decision,560,162.76772321428572,143.276,249.703,,510.434,0
base,backend-summary.json,stages_ms/decision_to_app_commit_done,560,247.07912321428572,188.344,540.952,,1053.508,0
base,backend-summary.json,stages_ms/app_finalize,560,70.091225,72.524,107.36,,145.562,0
base,backend-summary.json,stages_ms/app_commit,560,163.31518392857143,98.306,491.617,,987.818,0
base,backend-summary.json,stages_ms/send_to_app_commit_done,560,1912.0250017857143,1205.197,5781.793,,12216.072,0
base,backend-summary.json,stages_ms/app_commit_to_wallet_observed,560,585.2381785714285,611.417,693.859,,930.959,0
base,backend-summary.json,stages_ms/app_commit_to_next_header_stored,560,421.27942002142856,455.798,537.593625,,875.145125,0
base,backend-summary.json,stages_ms/next_header_stored_to_wallet_observed,560,163.95875855,154.822416,276.292083,,343.286583,0
base,backend-summary.json,committee0_operations_ms/atomic_file_open,251,1.661707498007968,0.122833,5.841417,,20.656583,0
base,backend-summary.json,committee0_operations_ms/atomic_file_write_sync,251,1.97336884063745,0.108792,6.080958,,14.15425,0
base,backend-summary.json,committee0_operations_ms/atomic_file_close,251,1.4338838007968127,0.0145,6.781667,,21.286459,0
base,backend-summary.json,committee0_operations_ms/atomic_file_rename,251,2.7851699601593625,0.234791,9.135834,,33.932166,0
base,backend-summary.json,committee0_operations_ms/filepv_encode,249,0.01681323293172691,0.014583,0.026417,,0.10425,0
base,backend-summary.json,committee0_operations_ms/filepv_save,249,7.944302859437751,6.1485,20.298208,,36.468708,0
base,backend-summary.json,committee0_operations_ms/consensus_state_save,111,0.01368581081081081,0.012584,0.021667,,0.064875,0
base,backend-summary.json,committee0_operations_ms/autofile_sync_needed,676,11.318282606508875,7.980584,24.27775,,195.668333,0
base,backend-summary.json,committee0_operations_ms/proposal_build,28,2.2669627857142856,2.385916,3.233166,,5.748708,0
base,backend-summary.json,committee0_operations_ms/proposal_parts,28,1.4757038928571429,1.57625,2.285583,,3.631834,0
base,backend-summary.json,committee0_operations_ms/proposal_wal_flush,28,8.431260428571429,6.565958,16.809708,,21.901,0
base,backend-summary.json,committee0_operations_ms/proposal_sign,28,3.6082574285714286,3.24475,7.998375,,13.407333,0
base,backend-summary.json,committee0_operations_ms/proposal_batch_wal,72,8.655024222222222,7.3655,17.401667,,27.077166,0
base,backend-summary.json,committee0_operations_ms/autofile_sync_skipped,35,7.505714285714286e-05,4.2e-05,0.000167,,0.000375,0
base,backend-summary.json,committee0_operations_ms/vote_wal_flush,220,13.96017365909091,10.297834,33.374708,,183.327167,0
base,backend-summary.json,committee0_operations_ms/vote_sign,220,8.565564172727273,7.164916,20.744083,,36.50225,0
base,backend-summary.json,committee0_operations_ms/internal_message_wal,220,10.874705486363636,9.561,22.936625,,66.758584,0
base,backend-summary.json,committee0_operations_ms/blockstore_save,110,0.16687584545454545,0.128,0.276584,,1.873375,0
base,backend-summary.json,committee0_operations_ms/endheight_wal,110,13.68430339090909,11.193,21.565875,,166.641541,0
base,backend-summary.json,committee0_operations_ms/finalize_history_encode,110,0.0049981363636363635,0.004625,0.010417,,0.015333,0
base,backend-summary.json,committee0_operations_ms/finalize_history_batch_set,110,0.000634490909090909,0.000542,0.001125,,0.001708,0
base,backend-summary.json,committee0_operations_ms/finalize_recovery_encode,110,0.005207936363636364,0.004875,0.010167,,0.016958,0
base,backend-summary.json,committee0_operations_ms/finalize_batch_write_sync,110,0.0037958818181818184,0.003666,0.006,,0.0155,0
base,backend-summary.json,committee0_operations_ms/finalize_response_save,110,0.02125490909090909,0.01825,0.039875,,0.086,0
base,backend-summary.json,committee0_operations_ms/commit_mempool_lock,110,0.0372602,0.000333,0.001042,,1.38025,0
base,backend-summary.json,committee0_operations_ms/commit_mempool_flush,110,0.0007629,0.00075,0.001209,,0.0015,0
base,gateway-summary.json,/stages_ms/ready_to_offer,570,,0.116,4.533,,48.597,
base,gateway-summary.json,/stages_ms/ready_to_task,600,,36.023,2853.46,,14117.952,
base,gateway-summary.json,/stages_ms/task_database_read,600,,0.013,0.097,,18.554,
base,gateway-summary.json,/stages_ms/task_verify,600,,0.238,4.216,,429.219,
base,gateway-summary.json,/stages_ms/ready_to_submit,594,,117.817,3332.047,,14118.268,
base,gateway-summary.json,/stages_ms/public_http,594,,1.296,8.142,,622.994,
base,gateway-summary.json,/stages_ms/save_total,600,,26.471,243.652,,801.636,
base,gateway-summary.json,/stages_ms/save_queue,600,,9.077,104.927,,775.526,
base,gateway-summary.json,/stages_ms/payer_get_conn_wait,480,,0.002,0.05,,461.797,
base,gateway-summary.json,/stages_ms/payer_write,480,,0.005,0.017,,0.051,
base,gateway-summary.json,/stages_ms/payer_written_to_handler,480,,0.623,89.431,,565.141,
base,gateway-summary.json,/store_ms/write_ns,3875,,9.107209,30.973834,,923.848041,
base,gateway-summary.json,/store_ms/spill_ns,3875,,0.091209,1.736083,,23.2245,
base,gateway-summary.json,/store_ms/rebalance_ns,3875,,0.0,0.0,,1.153041,
confirm1000,summary.json,all_stages_ms/send_to_response,180000,7.213736677777778,2.654,32.739,56.771,169.505,0
confirm1000,summary.json,all_stages_ms/wallet_verify_save,180000,0.6806055444444444,0.197,0.845,12.522,144.252,0
confirm1000,summary.json,all_stages_ms/send_to_fast,180000,7.894342222222222,2.973,34.611,60.277,169.774,0
confirm1000,summary.json,all_stages_ms/fast_to_wallet_block,180000,1190.3972762944445,1175.142,1475.037,1503.895,3425.089,0
confirm1000,summary.json,all_stages_ms/send_to_wallet_block,180000,1198.2916185166666,1201.934,1476.525,1526.263,3428.806,0
confirm1000,summary.json,all_stages_ms/wallet_block_to_members,180000,89.33334074444444,76.028,226.353,276.513,400.87,0
confirm1000,summary.json,all_stages_ms/send_to_member_completion,180000,1287.6249592611111,1286.082,1567.921,1676.346,3632.443,0
cursor,summary.json,all_stages_ms/send_to_response,48000,6.799697083333333,2.406,31.867,51.906,111.674,0
cursor,summary.json,all_stages_ms/wallet_verify_save,48000,0.6526288333333333,0.193,0.697,12.732,81.652,0
cursor,summary.json,all_stages_ms/send_to_fast,48000,7.452325916666667,2.691,33.829,55.552,135.093,0
cursor,summary.json,all_stages_ms/fast_to_wallet_block,48000,1205.9625141458334,1200.02,1476.151,1550.06,3500.195,0
cursor,summary.json,all_stages_ms/send_to_wallet_block,48000,1213.4148400625,1211.427,1480.861,1552.374,3504.485,0
cursor,summary.json,all_stages_ms/wallet_block_to_members,48000,74.24578666666666,75.548,137.207,177.804,203.513,0
cursor,summary.json,all_stages_ms/send_to_member_completion,48000,1287.6606267291668,1285.021,1560.081,1652.454,3579.553,0
cursor,summary.json,gateway_ms/send_to_gateway,480,1.1613770833333334,0.17,4.704,20.79,52.581,0
cursor,summary.json,gateway_ms/gateway_decode,480,0.25801666666666667,0.135,0.484,1.494,7.516,0
cursor,summary.json,gateway_ms/gateway_authorize,480,0.20422708333333334,0.089,0.323,2.157,9.49,0
cursor,summary.json,gateway_ms/gateway_pre_fanout,480,0.47354583333333333,0.233,0.94,4.632,10.991,0
cursor,summary.json,gateway_ms/fanout_to_quorum,480,4.4053604166666664,1.524,22.59,40.157,51.222,0
cursor,summary.json,gateway_ms/quorum_to_response,480,0.27183958333333336,0.09,0.379,1.502,46.695,0
cursor,summary.json,gateway_ms/gateway_response_to_wallet,480,0.28194166666666665,0.127,0.977,2.041,14.08,0
cursor,summary.json,selected_member_ms/dispatch_schedule,1440,0.11596666666666666,0.023,0.495,1.638,6.96,0
cursor,summary.json,selected_member_ms/dispatch_to_handler,1440,0.7548465277777778,0.086,2.096,15.787,44.523,0
cursor,summary.json,selected_member_ms/member_decode,1440,0.16887847222222221,0.124,0.392,0.59,1.351,0
cursor,summary.json,selected_member_ms/member_validation,1440,0.29779652777777776,0.232,0.692,0.902,2.802,0
cursor,summary.json,selected_member_ms/validation_to_commit_request,1440,0.00298125,0.002,0.006,0.011,0.043,0
cursor,summary.json,selected_member_ms/member_update_queue,1440,0.5663736111111111,0.002,0.159,21.873,44.624,0
cursor,summary.json,selected_member_ms/member_update_callback,1440,0.07711875,0.064,0.151,0.197,1.693,0
cursor,summary.json,selected_member_ms/member_update_finish,1440,0.06258888888888889,0.009,0.141,1.798,2.493,0
cursor,summary.json,selected_member_ms/member_sign,1440,0.01767222222222222,0.014,0.04,0.052,0.455,0
cursor,summary.json,selected_member_ms/member_sign_to_response,1440,0.00010972222222222222,0.0,0.001,0.001,0.001,0
cursor,summary.json,selected_member_ms/member_response_to_selected,1440,0.9135736111111111,0.284,3.492,10.965,30.692,0
cursor,summary.json,selected_member_ms/member_handler_total,1440,1.1935194444444444,0.465,1.552,24.862,47.55,0
cursor,summary.json,critical_third_vote_ms/dispatch_schedule,480,0.14325833333333332,0.026,0.734,2.648,6.96,0
cursor,summary.json,critical_third_vote_ms/dispatch_to_handler,480,1.0663416666666667,0.164,3.362,17.847,44.523,0
cursor,summary.json,critical_third_vote_ms/member_decode,480,0.19967083333333333,0.128,0.428,0.742,1.351,0
cursor,summary.json,critical_third_vote_ms/member_validation,480,0.32331875,0.235,0.699,0.773,2.191,0
cursor,summary.json,critical_third_vote_ms/validation_to_commit_request,480,0.00313125,0.003,0.006,0.011,0.042,0
cursor,summary.json,critical_third_vote_ms/member_update_queue,480,1.2181520833333332,0.003,7.335,29.029,44.624,0
cursor,summary.json,critical_third_vote_ms/member_update_callback,480,0.08455833333333333,0.065,0.155,0.212,1.693,0
cursor,summary.json,critical_third_vote_ms/member_update_finish,480,0.11584583333333333,0.01,0.973,2.108,2.493,0
cursor,summary.json,critical_third_vote_ms/member_sign,480,0.018412500000000002,0.014,0.041,0.043,0.075,0
cursor,summary.json,critical_third_vote_ms/member_sign_to_response,480,0.00011666666666666667,0.0,0.001,0.001,0.001,0
cursor,summary.json,critical_third_vote_ms/member_response_to_selected,480,1.2291645833333333,0.353,4.419,13.421,30.692,0
cursor,summary.json,critical_third_vote_ms/member_handler_total,480,1.96320625,0.527,9.177,31.26,47.55,0
cursor,summary.json,selected_http_ms/serialize,1440,0.0005375,0.0,0.001,0.003,0.398,0
cursor,summary.json,selected_http_ms/get_connection,1440,0.13068402777777777,0.001,0.196,2.491,20.153,0
cursor,summary.json,selected_http_ms/connection_to_written,1440,0.05559236111111111,0.003,0.025,1.034,19.01,0
cursor,summary.json,selected_http_ms/written_to_handler,1440,0.27576944444444446,0.05,1.117,3.234,12.7,0
cursor,summary.json,selected_http_ms/response_to_first_byte,1440,0.6713784722222222,0.14,2.845,7.416,30.633,0
cursor,summary.json,selected_http_ms/first_byte_to_approval_decoded,1440,0.10531458333333334,0.029,0.22,1.253,15.129,0
cursor,summary.json,selected_http_ms/decoded_to_selected,1440,0.13688055555555556,0.04,0.184,0.815,22.609,0
cursor,backend-summary.json,stages_ms/send_to_first_mempool_enter,593,72.25877403035413,32.971,248.192,,361.247,0
cursor,backend-summary.json,stages_ms/fast_to_first_mempool_enter,593,65.66388701517707,27.551,237.858,,350.418,4
cursor,backend-summary.json,stages_ms/send_to_public_delivery,593,70.30305564924114,32.033,247.423,,360.412,0
cursor,backend-summary.json,stages_ms/public_delivery_to_receive,593,0.34651939291736933,0.06,1.9,,13.322,0
cursor,backend-summary.json,stages_ms/public_receive_to_mempool_enter,593,1.6091989881956155,0.793,2.46,,66.366,0
cursor,backend-summary.json,stages_ms/mempool_check,593,0.0036677908937605397,0.003,0.006,,0.111,0
cursor,backend-summary.json,stages_ms/accepted_to_prepare_enter,593,256.47425801011804,189.421,585.288,,633.495,0
cursor,backend-summary.json,stages_ms/prepare_block,593,1.849177065767285,1.668,2.612,,5.639,0
cursor,backend-summary.json,stages_ms/prepare_done_to_commit_decision,593,94.54272006745363,94.751,104.193,,121.425,0
cursor,backend-summary.json,stages_ms/decision_to_app_commit_done,593,196.49522091062394,201.365,248.948,,318.778,0
cursor,backend-summary.json,stages_ms/app_finalize,593,115.59307251264755,115.806,165.71,,239.267,0
cursor,backend-summary.json,stages_ms/app_commit,593,74.34643001686341,68.321,119.968,,151.418,0
cursor,backend-summary.json,stages_ms/send_to_app_commit_done,593,621.6328988195615,615.061,898.612,,1099.078,0
cursor,backend-summary.json,stages_ms/app_commit_to_wallet_observed,593,593.2812411467116,588.553,670.144,,715.277,0
cursor,backend-summary.json,stages_ms/app_commit_to_next_header_stored,593,401.485008841484,400.351875,467.940834,,513.01875,0
cursor,backend-summary.json,stages_ms/next_header_stored_to_wallet_observed,593,191.79623230522765,196.199875,234.531167,,251.324583,0
cursor,backend-summary.json,committee0_operations_ms/atomic_file_open,192,0.3803750260416667,0.104459,2.967042,,5.868708,0
cursor,backend-summary.json,committee0_operations_ms/atomic_file_write_sync,192,0.5133684739583333,0.080083,3.813792,,5.96375,0
cursor,backend-summary.json,committee0_operations_ms/atomic_file_close,192,0.7141336927083334,0.010791,3.7915,,5.786333,0
cursor,backend-summary.json,committee0_operations_ms/atomic_file_rename,192,0.8323652291666667,0.135083,3.925292,,7.935709,0
cursor,backend-summary.json,committee0_operations_ms/filepv_encode,190,0.016861652631578947,0.014958,0.024542,,0.145625,0
cursor,backend-summary.json,committee0_operations_ms/filepv_save,190,2.474517757894737,0.475167,7.91075,,12.005334,0
cursor,backend-summary.json,committee0_operations_ms/consensus_state_save,85,0.013670047058823529,0.013292,0.016667,,0.023959,0
cursor,backend-summary.json,committee0_operations_ms/autofile_sync_needed,520,4.5148464673076925,3.8985,8.051708,,12.400042,0
cursor,backend-summary.json,committee0_operations_ms/proposal_build,21,2.869061380952381,2.836541,3.501083,,4.396833,0
cursor,backend-summary.json,committee0_operations_ms/proposal_parts,21,1.8476169523809525,1.899792,2.285292,,2.452917,0
cursor,backend-summary.json,committee0_operations_ms/proposal_wal_flush,21,3.6865753333333333,3.838541,4.156042,,5.042125,0
cursor,backend-summary.json,committee0_operations_ms/proposal_sign,21,0.3995139047619048,0.380958,0.549084,,0.57925,0
cursor,backend-summary.json,committee0_operations_ms/proposal_batch_wal,61,3.49789762295082,3.352834,4.549,,5.017834,0
cursor,backend-summary.json,committee0_operations_ms/autofile_sync_skipped,26,6.88076923076923e-05,4.1e-05,0.000167,,0.00025,0
cursor,backend-summary.json,committee0_operations_ms/vote_wal_flush,168,5.408611809523809,5.222,10.149541,,11.857667,0
cursor,backend-summary.json,committee0_operations_ms/vote_sign,168,2.750043125,1.939333,8.004167,,12.08225,0
cursor,backend-summary.json,committee0_operations_ms/internal_message_wal,168,5.419465017857143,4.450542,9.756542,,11.84275,0
cursor,backend-summary.json,committee0_operations_ms/blockstore_save,84,0.2240957857142857,0.157459,0.348042,,2.504375,0
cursor,backend-summary.json,committee0_operations_ms/endheight_wal,84,5.755655226190476,5.070584,9.776709,,14.97925,0
cursor,backend-summary.json,committee0_operations_ms/finalize_history_encode,84,0.006285273809523809,0.005459,0.011209,,0.016125,0
cursor,backend-summary.json,committee0_operations_ms/finalize_history_batch_set,84,0.0006224761904761904,0.000542,0.001041,,0.00125,0
cursor,backend-summary.json,committee0_operations_ms/finalize_recovery_encode,84,0.006550607142857143,0.005625,0.011291,,0.017917,0
cursor,backend-summary.json,committee0_operations_ms/finalize_batch_write_sync,84,0.0036051785714285712,0.003542,0.005875,,0.00725,0
cursor,backend-summary.json,committee0_operations_ms/finalize_response_save,84,0.024272892857142857,0.02075,0.042959,,0.07925,0
cursor,backend-summary.json,committee0_operations_ms/commit_mempool_lock,84,0.022548642857142857,0.000333,0.000667,,1.1945,0
cursor,backend-summary.json,committee0_operations_ms/commit_mempool_flush,84,0.0007440595238095238,0.00075,0.001166,,0.001334,0
cursor,gateway-summary.json,/stages_ms/ready_to_offer,523,,0.111,0.612,,10.999,
cursor,gateway-summary.json,/stages_ms/ready_to_task,523,,15.843,203.009,,313.187,
cursor,gateway-summary.json,/stages_ms/task_database_read,523,,0.011,0.098,,6.736,
cursor,gateway-summary.json,/stages_ms/task_verify,523,,0.233,0.858,,16.48,
cursor,gateway-summary.json,/stages_ms/ready_to_submit,523,,45.858,240.284,,313.556,
cursor,gateway-summary.json,/stages_ms/public_http,523,,1.237,6.25,,82.565,
cursor,gateway-summary.json,/stages_ms/save_total,523,,0.222,2.853,,32.149,
cursor,gateway-summary.json,/stages_ms/save_queue,523,,0.002,0.551,,31.531,
cursor,gateway-summary.json,/stages_ms/payer_get_conn_wait,480,,0.002,0.005,,3.197,
cursor,gateway-summary.json,/stages_ms/payer_write,480,,0.005,0.016,,3.269,
cursor,gateway-summary.json,/stages_ms/payer_written_to_handler,480,,0.152,4.696,,52.541,
fg256,summary.json,all_stages_ms/send_to_response,198000,9.313503656565656,3.36,40.873,76.76,239.739,0
fg256,summary.json,all_stages_ms/wallet_verify_save,198000,1.1295871767676768,0.205,1.432,23.763,204.324,0
fg256,summary.json,all_stages_ms/send_to_fast,198000,10.443090833333333,3.772,44.557,85.477,275.254,0
fg256,summary.json,all_stages_ms/fast_to_wallet_block,198000,1372.5787219949495,1375.008,1775.038,2000.006,3650.485,0
fg256,summary.json,all_stages_ms/send_to_wallet_block,198000,1383.021812828283,1377.617,1784.22,2002.303,3655.947,0
fg256,summary.json,all_stages_ms/wallet_block_to_members,198000,114.56593706565657,101.23,259.813,324.91,356.859,0
fg256,summary.json,all_stages_ms/send_to_member_completion,198000,1497.5877498939394,1485.567,1920.399,2133.368,3745.288,0
fg256,summary.json,gateway_ms/send_to_gateway,1980,1.2153929292929293,0.259,4.379,14.718,95.728,0
fg256,summary.json,gateway_ms/gateway_decode,1980,0.31916565656565654,0.13,0.579,2.509,33.358,0
fg256,summary.json,gateway_ms/gateway_authorize,1980,0.2545479797979798,0.091,0.364,1.428,67.915,0
fg256,summary.json,gateway_ms/gateway_pre_fanout,1980,0.5777414141414141,0.229,1.037,4.615,68.163,0
fg256,summary.json,gateway_ms/fanout_to_quorum,1980,7.007109090909091,2.09,35.428,65.866,118.571,0
fg256,summary.json,gateway_ms/quorum_to_response,1980,0.22287020202020202,0.09,0.438,1.757,26.816,0
fg256,summary.json,gateway_ms/gateway_response_to_wallet,1980,0.5610959595959596,0.135,1.8,5.626,124.214,0
fg256,summary.json,selected_member_ms/dispatch_schedule,5940,0.17238030303030302,0.03,0.633,2.132,31.781,0
fg256,summary.json,selected_member_ms/dispatch_to_handler,5940,0.7953050505050505,0.108,2.694,11.888,97.544,0
fg256,summary.json,selected_member_ms/member_decode,5940,0.187966835016835,0.127,0.41,0.73,13.827,0
fg256,summary.json,selected_member_ms/member_validation,5940,0.32373585858585857,0.239,0.712,0.933,11.859,0
fg256,summary.json,selected_member_ms/validation_to_commit_request,5940,0.0034523569023569025,0.002,0.007,0.014,1.329,0
fg256,summary.json,selected_member_ms/member_update_queue,5940,1.3806296296296297,0.002,6.541,37.859,106.77,0
fg256,summary.json,selected_member_ms/member_update_callback,5940,0.08118686868686868,0.066,0.153,0.202,2.714,0
fg256,summary.json,selected_member_ms/member_update_finish,5940,0.14155673400673402,0.009,0.824,2.7,34.261,0
fg256,summary.json,selected_member_ms/member_sign,5940,0.019487373737373737,0.014,0.041,0.052,4.988,0
fg256,summary.json,selected_member_ms/member_sign_to_response,5940,0.0001430976430976431,0.0,0.001,0.001,0.028,0
fg256,summary.json,selected_member_ms/member_response_to_selected,5940,1.1262638047138047,0.416,4.469,11.228,56.117,0
fg256,summary.json,selected_member_ms/member_handler_total,5940,2.1381587542087543,0.487,8.366,41.417,110.229,0
fg256,summary.json,critical_third_vote_ms/dispatch_schedule,1980,0.18688939393939394,0.033,0.711,2.208,31.745,0
fg256,summary.json,critical_third_vote_ms/dispatch_to_handler,1980,1.281788383838384,0.241,4.621,19.145,97.544,0
fg256,summary.json,critical_third_vote_ms/member_decode,1980,0.2123237373737374,0.132,0.426,0.853,6.529,0
fg256,summary.json,critical_third_vote_ms/member_validation,1980,0.3756373737373737,0.242,0.721,1.375,11.859,0
fg256,summary.json,critical_third_vote_ms/validation_to_commit_request,1980,0.003275757575757576,0.003,0.007,0.014,0.082,0
fg256,summary.json,critical_third_vote_ms/member_update_queue,1980,2.9919550505050503,0.003,25.356,53.039,106.77,0
fg256,summary.json,critical_third_vote_ms/member_update_callback,1980,0.08485808080808081,0.067,0.158,0.216,2.714,0
fg256,summary.json,critical_third_vote_ms/member_update_finish,1980,0.2733989898989899,0.01,2.038,3.465,26.002,0
fg256,summary.json,critical_third_vote_ms/member_sign,1980,0.021305050505050504,0.014,0.041,0.056,2.809,0
fg256,summary.json,critical_third_vote_ms/member_sign_to_response,1980,0.0001595959595959596,0.0,0.001,0.001,0.005,0
fg256,summary.json,critical_third_vote_ms/member_response_to_selected,1980,1.573888383838384,0.61,6.286,13.438,52.259,0
fg256,summary.json,critical_third_vote_ms/member_handler_total,1980,3.9629136363636364,0.558,28.535,56.954,110.229,0
fg256,summary.json,selected_http_ms/serialize,5940,0.002574242424242424,0.0,0.001,0.001,2.77,0
fg256,summary.json,selected_http_ms/get_connection,5940,0.13037659932659934,0.001,0.355,2.988,23.217,0
fg256,summary.json,selected_http_ms/connection_to_written,5940,0.054197811447811446,0.003,0.027,0.637,73.221,0
fg256,summary.json,selected_http_ms/written_to_handler,5940,0.41553804713804715,0.055,1.501,5.088,97.53,0
fg256,summary.json,selected_http_ms/response_to_first_byte,5940,0.8579745791245791,0.261,3.575,8.564,30.57,0
fg256,summary.json,selected_http_ms/first_byte_to_approval_decoded,5940,0.14453905723905724,0.028,0.187,1.926,51.656,0
fg256,summary.json,selected_http_ms/decoded_to_selected,5940,0.12375016835016835,0.039,0.224,1.644,22.645,0
fg256,backend-summary.json,stages_ms/send_to_first_mempool_enter,2048,126.7602265625,94.696,361.722,,705.362,0
fg256,backend-summary.json,stages_ms/fast_to_first_mempool_enter,2048,116.11154833984375,82.795,349.875,,693.676,15
fg256,backend-summary.json,stages_ms/send_to_public_delivery,2047,121.62839667806546,86.305,357.506,,704.53,0
fg256,backend-summary.json,stages_ms/public_delivery_to_receive,2047,1.1222154372252076,0.198,4.893,,68.859,0
fg256,backend-summary.json,stages_ms/public_receive_to_mempool_enter,2047,4.045984367366878,0.82,4.147,,236.051,0
fg256,backend-summary.json,stages_ms/mempool_check,2047,0.02135368832437714,0.003,0.006,,32.655,0
fg256,backend-summary.json,stages_ms/accepted_to_prepare_enter,2048,298.2591005859375,196.993,619.978,,708.874,0
fg256,backend-summary.json,stages_ms/prepare_block,2048,2.49707666015625,2.149,4.456,,12.202,0
fg256,backend-summary.json,stages_ms/prepare_done_to_commit_decision,2048,115.6876298828125,112.6,147.482,,217.743,0
fg256,backend-summary.json,stages_ms/decision_to_app_commit_done,2048,280.25137060546876,280.481,354.21,,470.7,0
fg256,backend-summary.json,stages_ms/app_finalize,2048,144.30759716796874,146.686,202.553,,301.894,0
fg256,backend-summary.json,stages_ms/app_commit,2048,129.413765625,125.267,184.284,,220.533,0
fg256,backend-summary.json,stages_ms/send_to_app_commit_done,2048,823.486650390625,822.979,1207.761,,1618.46,0
fg256,backend-summary.json,stages_ms/app_commit_to_wallet_observed,2048,575.1784848632813,574.535,662.586,,810.924,0
fg256,backend-summary.json,stages_ms/app_commit_to_next_header_stored,2048,341.39148260839846,339.11,416.663083,,545.199375,0
fg256,backend-summary.json,stages_ms/next_header_stored_to_wallet_observed,2048,233.78700225488282,231.231292,314.440708,,488.524292,0
fg256,backend-summary.json,committee0_operations_ms/atomic_file_open,688,0.2920848110465116,0.10025,2.017917,,4.79325,0
fg256,backend-summary.json,committee0_operations_ms/atomic_file_write_sync,688,0.46148459593023256,0.080292,3.801417,,10.532208,0
fg256,backend-summary.json,committee0_operations_ms/atomic_file_close,688,0.41726356104651163,0.010209,3.740833,,5.984042,0
fg256,backend-summary.json,committee0_operations_ms/atomic_file_rename,688,0.6750924840116279,0.127667,3.876875,,8.669625,0
fg256,backend-summary.json,committee0_operations_ms/filepv_encode,686,0.01619516472303207,0.014958,0.02475,,0.093167,0
fg256,backend-summary.json,committee0_operations_ms/filepv_save,686,1.8637229300291545,0.384,7.127375,,14.071167,0
fg256,backend-summary.json,committee0_operations_ms/consensus_state_save,306,0.01785162091503268,0.015708,0.024875,,0.47975,0
fg256,backend-summary.json,committee0_operations_ms/autofile_sync_needed,1915,4.409117620365535,3.696584,7.993833,,70.070125,0
fg256,backend-summary.json,committee0_operations_ms/vote_wal_flush,609,5.021375619047619,4.282042,11.1255,,41.056666,0
fg256,backend-summary.json,committee0_operations_ms/vote_sign,609,2.080079175697865,0.420167,7.195375,,14.091125,0
fg256,backend-summary.json,committee0_operations_ms/internal_message_wal,617,4.955119285251215,3.745959,9.462459,,35.707125,0
fg256,backend-summary.json,committee0_operations_ms/blockstore_save,305,0.2540754163934426,0.178,0.420042,,11.437875,0
fg256,backend-summary.json,committee0_operations_ms/endheight_wal,305,5.386759708196721,4.268417,8.548708,,70.089333,0
fg256,backend-summary.json,committee0_operations_ms/finalize_history_encode,305,0.0065129901639344265,0.006042,0.011208,,0.025917,0
fg256,backend-summary.json,committee0_operations_ms/finalize_history_batch_set,305,0.0006196590163934426,0.000583,0.001042,,0.001209,0
fg256,backend-summary.json,committee0_operations_ms/finalize_recovery_encode,305,0.006814744262295082,0.006333,0.01225,,0.03275,0
fg256,backend-summary.json,committee0_operations_ms/finalize_batch_write_sync,305,0.0051276,0.004958,0.007375,,0.029917,0
fg256,backend-summary.json,committee0_operations_ms/finalize_response_save,305,0.025912852459016394,0.023541,0.042333,,0.167125,0
fg256,backend-summary.json,committee0_operations_ms/commit_mempool_lock,305,0.18987727213114755,0.000333,0.62825,,25.064125,0
fg256,backend-summary.json,committee0_operations_ms/commit_mempool_flush,305,0.0008161377049180328,0.000792,0.001167,,0.007333,0
fg256,backend-summary.json,committee0_operations_ms/proposal_build,76,3.6616326973684212,3.376542,5.237209,,7.090292,0
fg256,backend-summary.json,committee0_operations_ms/proposal_parts,76,2.246435302631579,2.032167,3.915333,,4.832834,0
fg256,backend-summary.json,committee0_operations_ms/proposal_wal_flush,76,4.084121118421053,4.064291,5.222625,,12.315333,0
fg256,backend-summary.json,committee0_operations_ms/proposal_sign,76,0.39498898684210526,0.389125,0.449083,,0.550541,0
fg256,backend-summary.json,committee0_operations_ms/proposal_batch_wal,247,3.8165153481781378,3.346583,4.465125,,42.606,0
fg256,backend-summary.json,committee0_operations_ms/autofile_sync_skipped,101,9.362376237623763e-05,4.2e-05,0.00025,,0.000667,0
fg256,gateway-summary.json,/stages_ms/ready_to_offer,2331,,0.113,0.626,,63.641,
fg256,gateway-summary.json,/stages_ms/ready_to_task,2333,,44.154,317.555,,539.494,
fg256,gateway-summary.json,/stages_ms/task_database_read,2333,,0.011,0.229,,39.261,
fg256,gateway-summary.json,/stages_ms/task_verify,2333,,0.223,0.922,,87.383,
fg256,gateway-summary.json,/stages_ms/ready_to_submit,2333,,70.856,346.633,,539.807,
fg256,gateway-summary.json,/stages_ms/public_http,2333,,1.97,16.248,,229.272,
fg256,gateway-summary.json,/stages_ms/save_total,2333,,0.234,5.151,,100.425,
fg256,gateway-summary.json,/stages_ms/save_queue,2333,,0.002,2.225,,60.194,
fg256,gateway-summary.json,/stages_ms/payer_get_conn_wait,1980,,0.002,0.005,,5.668,
fg256,gateway-summary.json,/stages_ms/payer_write,1980,,0.005,0.018,,1.182,
fg256,gateway-summary.json,/stages_ms/payer_written_to_handler,1980,,0.236,4.353,,95.678,
fg256b,summary.json,all_stages_ms/send_to_response,198000,9.572795515151515,3.372,42.482,81.13,219.228,0
fg256b,summary.json,all_stages_ms/wallet_verify_save,198000,0.8504377929292929,0.202,1.118,17.151,112.134,0
fg256b,summary.json,all_stages_ms/send_to_fast,198000,10.423233308080809,3.752,45.009,84.625,219.439,0
fg256b,summary.json,all_stages_ms/fast_to_wallet_block,198000,1344.080314570707,1350.006,1725.005,1912.262,3675.36,0
fg256b,summary.json,all_stages_ms/send_to_wallet_block,198000,1354.503547878788,1352.429,1727.604,1929.09,3677.189,0
fg256b,summary.json,all_stages_ms/wallet_block_to_members,198000,111.4889716969697,93.939,275.029,350.432,476.952,0
fg256b,summary.json,all_stages_ms/send_to_member_completion,198000,1465.9925195757576,1456.426,1877.645,2074.869,3838.891,0
final1100b,summary.json,all_stages_ms/send_to_response,197995,10.205448910326018,3.379,44.788,99.287,279.548,0
final1100b,summary.json,all_stages_ms/wallet_verify_save,197995,1.1975358973711456,0.205,1.661,24.903,161.219,0
final1100b,summary.json,all_stages_ms/send_to_fast,197995,11.402984807697164,3.793,48.888,107.337,279.751,0
final1100b,summary.json,all_stages_ms/fast_to_wallet_block,197995,1369.9587007550695,1352.239,1777.91,2000.049,3551.711,0
final1100b,summary.json,all_stages_ms/send_to_wallet_block,197995,1381.3616855627668,1376.991,1805.066,2007.422,3555.031,0
final1100b,summary.json,all_stages_ms/wallet_block_to_members,197995,115.06738585822875,100.385,284.877,358.855,469.737,0
final1100b,summary.json,all_stages_ms/send_to_member_completion,197995,1496.4290714209956,1482.904,1938.718,2140.002,3854.299,0
final1100b,summary.json,gateway_ms/send_to_gateway,1980,1.167069696969697,0.26,4.683,14.634,70.635,0
final1100b,summary.json,gateway_ms/gateway_decode,1980,0.3582626262626263,0.128,0.634,3.243,37.586,0
final1100b,summary.json,gateway_ms/gateway_authorize,1980,0.2253459595959596,0.091,0.371,1.509,50.967,0
final1100b,summary.json,gateway_ms/gateway_pre_fanout,1980,0.5873222222222222,0.228,1.056,6.202,51.089,0
final1100b,summary.json,gateway_ms/fanout_to_quorum,1980,7.855361616161616,2.032,38.548,96.526,156.599,0
final1100b,summary.json,gateway_ms/quorum_to_response,1980,0.2707858585858586,0.09,0.386,2.427,49.04,0
final1100b,summary.json,gateway_ms/gateway_response_to_wallet,1980,0.6402161616161616,0.134,1.815,11.93,55.935,0
final1100b,summary.json,selected_member_ms/dispatch_schedule,5940,0.16519377104377103,0.028,0.546,2.62,14.296,0
final1100b,summary.json,selected_member_ms/dispatch_to_handler,5940,0.8259754208754209,0.11,2.663,13.498,123.262,0
final1100b,summary.json,selected_member_ms/member_decode,5940,0.1818808080808081,0.126,0.403,0.655,9.593,0
final1100b,summary.json,selected_member_ms/member_validation,5940,0.31176936026936025,0.239,0.71,0.889,5.904,0
final1100b,summary.json,selected_member_ms/validation_to_commit_request,5940,0.0036632996632996635,0.002,0.007,0.014,1.655,0
final1100b,summary.json,selected_member_ms/member_update_queue,5940,1.6864779461279462,0.002,6.246,44.002,151.068,0
final1100b,summary.json,selected_member_ms/member_update_callback,5940,0.08054074074074075,0.066,0.153,0.206,5.615,0
final1100b,summary.json,selected_member_ms/member_update_finish,5940,0.15624612794612794,0.009,0.798,2.856,85.266,0
final1100b,summary.json,selected_member_ms/member_sign,5940,0.017764141414141413,0.014,0.04,0.051,0.796,0
final1100b,summary.json,selected_member_ms/member_sign_to_response,5940,0.0001398989898989899,0.0,0.001,0.001,0.038,0
final1100b,summary.json,selected_member_ms/member_response_to_selected,5940,1.092937542087542,0.396,4.231,10.78,102.494,0
final1100b,summary.json,selected_member_ms/member_handler_total,5940,2.438482323232323,0.484,7.835,47.87,155.859,0
final1100b,summary.json,critical_third_vote_ms/dispatch_schedule,1980,0.20229545454545456,0.029,0.728,3.635,14.296,0
final1100b,summary.json,critical_third_vote_ms/dispatch_to_handler,1980,1.3693313131313132,0.226,4.497,20.713,123.262,0
final1100b,summary.json,critical_third_vote_ms/member_decode,1980,0.21458737373737374,0.13,0.432,0.781,9.593,0
final1100b,summary.json,critical_third_vote_ms/member_validation,1980,0.3450434343434343,0.242,0.725,0.919,3.806,0
final1100b,summary.json,critical_third_vote_ms/validation_to_commit_request,1980,0.0032737373737373736,0.003,0.007,0.016,0.049,0
final1100b,summary.json,critical_third_vote_ms/member_update_queue,1980,3.724748484848485,0.003,28.248,75.679,151.068,0
final1100b,summary.json,critical_third_vote_ms/member_update_callback,1980,0.08420555555555556,0.067,0.158,0.213,1.225,0
final1100b,summary.json,critical_third_vote_ms/member_update_finish,1980,0.3207338383838384,0.011,1.994,3.323,85.266,0
final1100b,summary.json,critical_third_vote_ms/member_sign,1980,0.019226262626262626,0.014,0.041,0.05,0.203,0
final1100b,summary.json,critical_third_vote_ms/member_sign_to_response,1980,0.0001388888888888889,0.0,0.001,0.001,0.003,0
final1100b,summary.json,critical_third_vote_ms/member_response_to_selected,1980,1.5689681818181818,0.609,5.803,16.06,55.236,0
final1100b,summary.json,critical_third_vote_ms/member_handler_total,1980,4.711957575757576,0.551,31.22,82.739,155.859,0
final1100b,summary.json,selected_http_ms/serialize,5940,0.005074074074074075,0.0,0.001,0.001,11.005,0
final1100b,summary.json,selected_http_ms/get_connection,5940,0.08472491582491583,0.001,0.305,2.04,15.401,0
final1100b,summary.json,selected_http_ms/connection_to_written,5940,0.04307087542087542,0.003,0.03,0.654,40.737,0
final1100b,summary.json,selected_http_ms/written_to_handler,5940,0.48962962962962964,0.056,1.824,5.902,78.078,0
final1100b,summary.json,selected_http_ms/response_to_first_byte,5940,0.8013481481481481,0.254,3.239,7.498,55.183,0
final1100b,summary.json,selected_http_ms/first_byte_to_approval_decoded,5940,0.14076700336700337,0.027,0.144,1.479,96.989,0
final1100b,summary.json,selected_http_ms/decoded_to_selected,5940,0.15082239057239058,0.039,0.207,1.452,37.166,0
final1100b,backend-summary.json,stages_ms/send_to_first_mempool_enter,2048,130.54022705078125,95.963,378.026,,642.529,0
final1100b,backend-summary.json,stages_ms/fast_to_first_mempool_enter,2048,119.66308447265625,81.07,360.793,,641.032,14
final1100b,backend-summary.json,stages_ms/send_to_public_delivery,2048,126.474541015625,90.526,376.751,,641.722,0
final1100b,backend-summary.json,stages_ms/public_delivery_to_receive,2048,1.27747509765625,0.162,5.119,,104.499,0
final1100b,backend-summary.json,stages_ms/public_receive_to_mempool_enter,2048,2.7882109375,0.816,3.232,,179.109,0
final1100b,backend-summary.json,stages_ms/mempool_check,2048,0.00473193359375,0.003,0.007,,0.826,0
final1100b,backend-summary.json,stages_ms/accepted_to_prepare_enter,2048,291.1859184570313,184.445,615.655,,677.727,0
final1100b,backend-summary.json,stages_ms/prepare_block,2048,2.77077587890625,2.14,5.389,,33.552,0
final1100b,backend-summary.json,stages_ms/prepare_done_to_commit_decision,2048,114.008818359375,110.703,141.722,,177.769,0
final1100b,backend-summary.json,stages_ms/decision_to_app_commit_done,2048,280.80423388671875,284.121,354.447,,408.861,0
final1100b,backend-summary.json,stages_ms/app_finalize,2048,144.1280986328125,144.635,204.954,,251.727,0
final1100b,backend-summary.json,stages_ms/app_commit,2048,130.32487109375,126.488,185.231,,230.156,0
final1100b,backend-summary.json,stages_ms/send_to_app_commit_done,2048,819.3261108398438,813.03,1251.629,,1633.288,0
final1100b,backend-summary.json,stages_ms/app_commit_to_wallet_observed,2048,572.8045375976562,576.279,661.522,,826.271,0
final1100b,backend-summary.json,stages_ms/app_commit_to_next_header_stored,2048,339.01256304638673,341.926333,421.4665,,471.860959,0
final1100b,backend-summary.json,stages_ms/next_header_stored_to_wallet_observed,2048,233.79197455126953,231.359333,321.719416,,497.651542,0
final1100b,backend-summary.json,committee0_operations_ms/atomic_file_open,696,0.30717492959770115,0.1005,1.483041,,31.925292,0
final1100b,backend-summary.json,committee0_operations_ms/atomic_file_write_sync,696,0.4203701077586207,0.081625,3.286,,4.025875,0
final1100b,backend-summary.json,committee0_operations_ms/atomic_file_close,696,0.42945126293103447,0.01,3.742208,,5.7985,0
final1100b,backend-summary.json,committee0_operations_ms/atomic_file_rename,696,0.741035334770115,0.125583,3.881584,,53.270042,0
final1100b,backend-summary.json,committee0_operations_ms/filepv_encode,694,0.01967993515850144,0.015041,0.025292,,1.42,0
final1100b,backend-summary.json,committee0_operations_ms/filepv_save,694,1.9518323717579251,0.380042,7.181875,,53.504667,0
final1100b,backend-summary.json,committee0_operations_ms/consensus_state_save,309,0.015683553398058252,0.015167,0.022709,,0.035417,0
final1100b,backend-summary.json,committee0_operations_ms/autofile_sync_needed,1939,4.273522719958741,3.745583,7.8735,,40.784791,0
final1100b,backend-summary.json,committee0_operations_ms/vote_wal_flush,616,5.159612360389611,4.466584,11.349167,,31.860417,0
final1100b,backend-summary.json,committee0_operations_ms/vote_sign,616,2.1836919821428573,0.41225,7.809125,,53.523083,0
final1100b,backend-summary.json,committee0_operations_ms/internal_message_wal,631,4.736746554675119,3.737791,8.454875,,36.454541,0
final1100b,backend-summary.json,committee0_operations_ms/blockstore_save,308,0.3091719090909091,0.174667,0.414917,,24.9035,0
final1100b,backend-summary.json,committee0_operations_ms/endheight_wal,308,5.0320799448051945,4.077167,9.058125,,42.128208,0
final1100b,backend-summary.json,committee0_operations_ms/finalize_history_encode,308,0.007132847402597403,0.006208,0.013666,,0.046875,0
final1100b,backend-summary.json,committee0_operations_ms/finalize_history_batch_set,308,0.000659077922077922,0.000583,0.001125,,0.006208,0
final1100b,backend-summary.json,committee0_operations_ms/finalize_recovery_encode,308,0.00738687012987013,0.006458,0.01325,,0.122208,0
final1100b,backend-summary.json,committee0_operations_ms/finalize_batch_write_sync,308,0.005340766233766234,0.004625,0.008416,,0.154417,0
final1100b,backend-summary.json,committee0_operations_ms/finalize_response_save,308,0.02753111038961039,0.023708,0.0485,,0.221709,0
final1100b,backend-summary.json,committee0_operations_ms/commit_mempool_lock,308,0.47319808116883116,0.000375,1.4565,,27.000583,0
final1100b,backend-summary.json,committee0_operations_ms/commit_mempool_flush,308,0.0007727402597402597,0.00075,0.001208,,0.005709,0
final1100b,backend-summary.json,committee0_operations_ms/proposal_build,77,3.9214242207792207,3.694584,5.997667,,8.691667,0
final1100b,backend-summary.json,committee0_operations_ms/proposal_parts,77,2.4859334805194804,2.113042,4.207459,,12.163875,0
final1100b,backend-summary.json,committee0_operations_ms/autofile_sync_skipped,99,7.108080808080808e-05,4.2e-05,0.000167,,0.000791,0
final1100b,backend-summary.json,committee0_operations_ms/proposal_wal_flush,77,3.7862602857142855,3.943208,4.649875,,6.87125,0
final1100b,backend-summary.json,committee0_operations_ms/proposal_sign,77,0.40250748051948054,0.392292,0.447708,,0.653042,0
final1100b,backend-summary.json,committee0_operations_ms/proposal_batch_wal,245,3.586533636734694,3.367125,4.715625,,20.545167,0
final1100b,gateway-summary.json,/stages_ms/ready_to_offer,2281,,0.114,0.652,,94.338,
final1100b,gateway-summary.json,/stages_ms/ready_to_task,2286,,33.821,324.682,,644.231,
final1100b,gateway-summary.json,/stages_ms/task_database_read,2286,,0.011,0.242,,64.51,
final1100b,gateway-summary.json,/stages_ms/task_verify,2286,,0.224,0.942,,51.47,
final1100b,gateway-summary.json,/stages_ms/ready_to_submit,2286,,71.916,360.508,,644.566,
final1100b,gateway-summary.json,/stages_ms/public_http,2286,,1.886,15.665,,270.466,
final1100b,gateway-summary.json,/stages_ms/save_total,2286,,0.239,4.558,,102.239,
final1100b,gateway-summary.json,/stages_ms/save_queue,2286,,0.002,2.337,,91.256,
final1100b,gateway-summary.json,/stages_ms/payer_get_conn_wait,1980,,0.002,0.006,,11.144,
final1100b,gateway-summary.json,/stages_ms/payer_write,1980,,0.005,0.019,,1.664,
final1100b,gateway-summary.json,/stages_ms/payer_written_to_handler,1980,,0.241,4.642,,70.626,
gmem,summary.json,all_stages_ms/send_to_response,48000,4.380567625,1.529,20.98,35.722,89.859,0
gmem,summary.json,all_stages_ms/wallet_verify_save,48000,0.4686216875,0.192,0.625,8.723,47.536,0
gmem,summary.json,all_stages_ms/send_to_fast,48000,4.8491893125,1.788,22.337,37.831,90.076,0
gmem,summary.json,all_stages_ms/fast_to_wallet_block,48000,1143.2953818125,1150.016,1425.026,1475.04,1600.674,0
gmem,summary.json,all_stages_ms/send_to_wallet_block,48000,1148.144571125,1151.874,1426.359,1476.546,1602.22,0
gmem,summary.json,all_stages_ms/wallet_block_to_members,48000,53.345440625,51.479,100.058,103.843,128.464,0
gmem,summary.json,all_stages_ms/send_to_member_completion,48000,1201.49001175,1203.341,1477.136,1528.02,1678.13,0
gmem,summary.json,gateway_ms/send_to_gateway,480,0.49545625,0.073,1.99,7.803,26.082,0
gmem,summary.json,gateway_ms/gateway_decode,480,0.2716166666666667,0.127,0.437,2.281,17.397,0
gmem,summary.json,gateway_ms/gateway_authorize,480,0.16456458333333332,0.089,0.289,0.645,10.641,0
gmem,summary.json,gateway_ms/gateway_pre_fanout,480,0.44590625,0.221,0.74,5.627,17.485,0
gmem,summary.json,gateway_ms/fanout_to_quorum,480,3.185860416666667,0.953,18.698,28.272,37.998,0
gmem,summary.json,gateway_ms/quorum_to_response,480,0.158975,0.09,0.292,1.115,4.955,0
gmem,summary.json,gateway_ms/gateway_response_to_wallet,480,0.39039375,0.107,1.388,5.668,25.813,0
gmem,summary.json,selected_member_ms/dispatch_schedule,1440,0.04183611111111111,0.016,0.144,0.48,2.494,0
gmem,summary.json,selected_member_ms/dispatch_to_handler,1440,0.3546625,0.06,1.52,5.363,17.649,0
gmem,summary.json,selected_member_ms/member_decode,1440,0.1624298611111111,0.125,0.384,0.45,2.208,0
gmem,summary.json,selected_member_ms/member_validation,1440,0.28335347222222224,0.232,0.652,0.764,18.384,0
gmem,summary.json,selected_member_ms/validation_to_commit_request,1440,0.004533333333333334,0.002,0.007,0.012,2.048,0
gmem,summary.json,selected_member_ms/member_update_queue,1440,0.5601770833333334,0.003,0.363,18.283,31.752,0
gmem,summary.json,selected_member_ms/member_update_callback,1440,0.07172430555555556,0.064,0.135,0.165,0.76,0
gmem,summary.json,selected_member_ms/member_update_finish,1440,0.05828680555555556,0.01,0.11,1.316,6.123,0
gmem,summary.json,selected_member_ms/member_sign,1440,0.01793888888888889,0.014,0.04,0.055,2.389,0
gmem,summary.json,selected_member_ms/member_sign_to_response,1440,0.00010138888888888889,0.0,0.001,0.001,0.002,0
gmem,summary.json,selected_member_ms/member_response_to_selected,1440,0.5282243055555556,0.18,2.38,5.715,9.743,0
gmem,summary.json,selected_member_ms/member_handler_total,1440,1.158545138888889,0.46,1.691,19.681,33.617,0
gmem,summary.json,critical_third_vote_ms/dispatch_schedule,480,0.045268749999999996,0.018,0.15,0.502,2.468,0
gmem,summary.json,critical_third_vote_ms/dispatch_to_handler,480,0.51025,0.076,2.587,6.325,17.649,0
gmem,summary.json,critical_third_vote_ms/member_decode,480,0.1914625,0.13,0.402,0.758,2.208,0
gmem,summary.json,critical_third_vote_ms/member_validation,480,0.32290625,0.233,0.689,0.866,18.384,0
gmem,summary.json,critical_third_vote_ms/validation_to_commit_request,480,0.007302083333333333,0.002,0.007,0.014,2.048,0
gmem,summary.json,critical_third_vote_ms/member_update_queue,480,1.1900375,0.004,13.32,22.637,31.752,0
gmem,summary.json,critical_third_vote_ms/member_update_callback,480,0.07535833333333333,0.065,0.145,0.18,0.76,0
gmem,summary.json,critical_third_vote_ms/member_update_finish,480,0.11609166666666666,0.011,0.8,1.57,6.123,0
gmem,summary.json,critical_third_vote_ms/member_sign,480,0.0171125,0.014,0.041,0.059,0.081,0
gmem,summary.json,critical_third_vote_ms/member_sign_to_response,480,0.00010416666666666667,0.0,0.001,0.001,0.001,0
gmem,summary.json,critical_third_vote_ms/member_response_to_selected,480,0.7076270833333334,0.202,3.468,6.753,9.743,0
gmem,summary.json,critical_third_vote_ms/member_handler_total,480,1.920375,0.489,16.315,25.619,33.617,0
gmem,summary.json,selected_http_ms/serialize,1440,0.0004993055555555556,0.0,0.001,0.001,0.426,0
gmem,summary.json,selected_http_ms/get_connection,1440,0.04737291666666667,0.001,0.119,1.322,4.399,0
gmem,summary.json,selected_http_ms/connection_to_written,1440,0.013209027777777778,0.003,0.018,0.163,2.072,0
gmem,summary.json,selected_http_ms/written_to_handler,1440,0.22178541666666668,0.039,0.994,3.163,8.777,0
gmem,summary.json,selected_http_ms/response_to_first_byte,1440,0.3691701388888889,0.061,1.993,4.988,9.687,0
gmem,summary.json,selected_http_ms/first_byte_to_approval_decoded,1440,0.07257986111111112,0.03,0.127,0.91,9.232,0
gmem,summary.json,selected_http_ms/decoded_to_selected,1440,0.08647430555555556,0.043,0.158,1.074,3.25,0
gmem,backend-summary.json,stages_ms/send_to_first_mempool_enter,578,29.73171626297578,3.608,145.324,,244.21,0
gmem,backend-summary.json,stages_ms/fast_to_first_mempool_enter,578,25.01409169550173,1.751,139.383,,226.12,3
gmem,backend-summary.json,stages_ms/send_to_public_delivery,578,28.069714532871973,2.617,143.744,,243.426,0
gmem,backend-summary.json,stages_ms/public_delivery_to_receive,578,0.22191349480968858,0.049,0.672,,12.447,0
gmem,backend-summary.json,stages_ms/public_receive_to_mempool_enter,578,1.4400882352941176,0.784,2.171,,58.144,0
gmem,backend-summary.json,stages_ms/mempool_check,578,0.003932525951557094,0.003,0.005,,0.331,0
gmem,backend-summary.json,stages_ms/accepted_to_prepare_enter,578,274.1217837370242,250.332,571.298,,669.739,0
gmem,backend-summary.json,stages_ms/prepare_block,578,1.3465190311418684,1.288,1.643,,2.838,0
gmem,backend-summary.json,stages_ms/prepare_done_to_commit_decision,578,93.78201211072664,91.246,106.233,,195.191,0
gmem,backend-summary.json,stages_ms/decision_to_app_commit_done,578,153.72752076124567,158.059,195.976,,210.625,0
gmem,backend-summary.json,stages_ms/app_finalize,578,81.65294982698961,76.318,130.422,,133.494,0
gmem,backend-summary.json,stages_ms/app_commit,578,65.8888633217993,63.264,102.382,,118.218,0
gmem,backend-summary.json,stages_ms/send_to_app_commit_done,578,552.7224325259516,556.823,833.136,,956.508,0
gmem,backend-summary.json,stages_ms/app_commit_to_wallet_observed,578,593.0479671280277,595.267,662.216,,711.137,0
gmem,backend-summary.json,stages_ms/app_commit_to_next_header_stored,578,441.07032946539795,438.83125,494.864459,,557.103125,0
gmem,backend-summary.json,stages_ms/next_header_stored_to_wallet_observed,578,151.97763766262975,150.110833,196.1615,,222.392125,0
gmem,backend-summary.json,committee0_operations_ms/atomic_file_open,240,0.5083490916666666,0.103709,3.769166,,9.053417,0
gmem,backend-summary.json,committee0_operations_ms/atomic_file_write_sync,240,0.7579234625,0.082,3.903709,,10.269042,0
gmem,backend-summary.json,committee0_operations_ms/atomic_file_close,240,0.55814375,0.011791,3.798166,,5.787667,0
gmem,backend-summary.json,committee0_operations_ms/atomic_file_rename,240,1.2156131791666667,0.145458,4.077333,,12.336875,0
gmem,backend-summary.json,committee0_operations_ms/filepv_encode,238,0.017498915966386554,0.015,0.028167,,0.104916,0
gmem,backend-summary.json,committee0_operations_ms/filepv_save,238,3.095421369747899,3.08075,8.169666,,18.483042,0
gmem,backend-summary.json,committee0_operations_ms/consensus_state_save,106,0.014768103773584906,0.013625,0.02225,,0.078292,0
gmem,backend-summary.json,committee0_operations_ms/autofile_sync_needed,650,4.819371776923077,3.967375,9.215625,,25.213708,0
gmem,backend-summary.json,committee0_operations_ms/proposal_build,27,2.235395,2.28,2.794083,,3.296125,0
gmem,backend-summary.json,committee0_operations_ms/proposal_parts,27,1.3974613703703704,1.492,1.571375,,1.717917,0
gmem,backend-summary.json,committee0_operations_ms/proposal_wal_flush,27,3.8283672962962965,3.96475,4.704333,,5.125708,0
gmem,backend-summary.json,committee0_operations_ms/proposal_sign,27,0.5347114444444444,0.390292,0.520042,,4.087,0
gmem,backend-summary.json,committee0_operations_ms/proposal_batch_wal,71,3.746254718309859,3.377583,4.300084,,16.736208,0
gmem,backend-summary.json,committee0_operations_ms/autofile_sync_skipped,31,6.319354838709678e-05,4.2e-05,0.000167,,0.000208,0
gmem,backend-summary.json,committee0_operations_ms/vote_wal_flush,210,5.893835914285714,5.553875,11.728625,,25.421833,0
gmem,backend-summary.json,committee0_operations_ms/vote_sign,210,3.4764565714285713,3.22275,9.995667,,18.581292,0
gmem,backend-summary.json,committee0_operations_ms/internal_message_wal,216,5.749790935185185,5.424459,10.579042,,18.975,0
gmem,backend-summary.json,committee0_operations_ms/blockstore_save,105,0.17389485714285713,0.131292,0.270166,,1.507208,0
gmem,backend-summary.json,committee0_operations_ms/endheight_wal,105,5.560874142857143,5.362458,9.427958,,11.503625,0
gmem,backend-summary.json,committee0_operations_ms/finalize_history_encode,105,0.005653942857142857,0.004458,0.009375,,0.056334,0
gmem,backend-summary.json,committee0_operations_ms/finalize_history_batch_set,105,0.0006079047619047619,0.000542,0.001084,,0.001333,0
gmem,backend-summary.json,committee0_operations_ms/finalize_recovery_encode,105,0.0056134,0.004666,0.00975,,0.019792,0
gmem,backend-summary.json,committee0_operations_ms/finalize_batch_write_sync,105,0.003792047619047619,0.003458,0.006334,,0.013458,0
gmem,backend-summary.json,committee0_operations_ms/finalize_response_save,105,0.022345266666666665,0.018375,0.044583,,0.068666,0
gmem,backend-summary.json,committee0_operations_ms/commit_mempool_lock,105,0.19568813333333332,0.000333,0.005625,,18.289292,0
gmem,backend-summary.json,committee0_operations_ms/commit_mempool_flush,105,0.0008003809523809524,0.000792,0.00125,,0.001583,0
gmem,gateway-summary.json,/stages_ms/ready_to_offer,559,,0.11,0.453,,40.036,
gmem,gateway-summary.json,/stages_ms/ready_to_task,559,,0.372,110.768,,254.391,
gmem,gateway-summary.json,/stages_ms/task_database_read,559,,0.007,0.067,,1.159,
gmem,gateway-summary.json,/stages_ms/task_verify,559,,0.226,0.875,,12.231,
gmem,gateway-summary.json,/stages_ms/ready_to_submit,559,,0.91,125.575,,254.792,
gmem,gateway-summary.json,/stages_ms/public_http,559,,0.998,4.816,,65.655,
gmem,gateway-summary.json,/stages_ms/save_total,559,,0.224,1.216,,23.318,
gmem,gateway-summary.json,/stages_ms/save_queue,559,,0.002,0.331,,22.121,
gmem,gateway-summary.json,/stages_ms/payer_get_conn_wait,480,,0.002,0.005,,0.263,
gmem,gateway-summary.json,/stages_ms/payer_write,480,,0.005,0.018,,7.234,
gmem,gateway-summary.json,/stages_ms/payer_written_to_handler,480,,0.053,1.803,,25.995,
gmem1000,summary.json,all_stages_ms/send_to_response,48000,6.939519375,2.389,32.899,51.278,180.956,0
gmem1000,summary.json,all_stages_ms/wallet_verify_save,48000,0.563296875,0.192,0.707,10.61,64.998,0
gmem1000,summary.json,all_stages_ms/send_to_fast,48000,7.50281625,2.664,34.324,53.965,181.498,0
gmem1000,summary.json,all_stages_ms/fast_to_wallet_block,48000,1210.405506875,1200.03,1500.021,1651.181,3325.035,0
gmem1000,summary.json,all_stages_ms/send_to_wallet_block,48000,1217.908323125,1213.214,1501.602,1654.681,3328.374,0
gmem1000,summary.json,all_stages_ms/wallet_block_to_members,48000,64.813906875,56.688,125.809,152.474,177.969,0
gmem1000,summary.json,all_stages_ms/send_to_member_completion,48000,1282.72223,1279.407,1555.752,1727.018,3360.063,0
gmem1000,summary.json,gateway_ms/send_to_gateway,480,0.9044,0.151,5.362,10.741,29.975,0
gmem1000,summary.json,gateway_ms/gateway_decode,480,0.32288333333333336,0.131,0.626,2.317,16.782,0
gmem1000,summary.json,gateway_ms/gateway_authorize,480,0.26155,0.09,0.362,2.256,39.649,0
gmem1000,summary.json,gateway_ms/gateway_pre_fanout,480,0.5877625,0.23,1.086,3.494,40.064,0
gmem1000,summary.json,gateway_ms/fanout_to_quorum,480,4.7444291666666665,1.501,24.235,39.786,70.717,0
gmem1000,summary.json,gateway_ms/quorum_to_response,480,0.26935624999999996,0.09,0.35,1.813,36.486,0
gmem1000,summary.json,gateway_ms/gateway_response_to_wallet,480,0.33724166666666666,0.125,1.306,4.352,8.726,0
gmem1000,summary.json,selected_member_ms/dispatch_schedule,1440,0.13920416666666666,0.022,0.363,2.049,32.383,0
gmem1000,summary.json,selected_member_ms/dispatch_to_handler,1440,0.5958673611111112,0.079,2.214,7.852,45.088,0
gmem1000,summary.json,selected_member_ms/member_decode,1440,0.16317361111111112,0.123,0.389,0.54,1.589,0
gmem1000,summary.json,selected_member_ms/member_validation,1440,0.29544375,0.231,0.692,0.98,2.605,0
gmem1000,summary.json,selected_member_ms/validation_to_commit_request,1440,0.003191666666666667,0.002,0.007,0.012,0.12,0
gmem1000,summary.json,selected_member_ms/member_update_queue,1440,0.7389958333333333,0.002,0.955,22.213,56.413,0
gmem1000,summary.json,selected_member_ms/member_update_callback,1440,0.0758298611111111,0.064,0.151,0.196,1.308,0
gmem1000,summary.json,selected_member_ms/member_update_finish,1440,0.08387916666666667,0.009,0.25,1.696,10.204,0
gmem1000,summary.json,selected_member_ms/member_sign,1440,0.01936875,0.014,0.04,0.05,3.586,0
gmem1000,summary.json,selected_member_ms/member_sign_to_response,1440,0.00012222222222222221,0.0,0.001,0.001,0.005,0
gmem1000,summary.json,selected_member_ms/member_response_to_selected,1440,0.8521604166666666,0.277,3.458,9.31,26.974,0
gmem1000,summary.json,selected_member_ms/member_handler_total,1440,1.380004861111111,0.465,2.444,24.347,64.547,0
gmem1000,summary.json,critical_third_vote_ms/dispatch_schedule,480,0.13990416666666666,0.025,0.488,2.088,6.051,0
gmem1000,summary.json,critical_third_vote_ms/dispatch_to_handler,480,0.9292083333333333,0.151,3.521,12.702,45.088,0
gmem1000,summary.json,critical_third_vote_ms/member_decode,480,0.18135416666666668,0.126,0.399,0.531,0.867,0
gmem1000,summary.json,critical_third_vote_ms/member_validation,480,0.33257291666666666,0.234,0.708,1.0,2.605,0
gmem1000,summary.json,critical_third_vote_ms/validation_to_commit_request,480,0.003320833333333333,0.003,0.007,0.011,0.051,0
gmem1000,summary.json,critical_third_vote_ms/member_update_queue,480,1.6170333333333333,0.003,15.723,28.74,56.413,0
gmem1000,summary.json,critical_third_vote_ms/member_update_callback,480,0.081675,0.065,0.154,0.196,1.308,0
gmem1000,summary.json,critical_third_vote_ms/member_update_finish,480,0.16358958333333334,0.01,1.096,1.924,10.204,0
gmem1000,summary.json,critical_third_vote_ms/member_sign,480,0.025920833333333334,0.014,0.041,0.052,3.586,0
gmem1000,summary.json,critical_third_vote_ms/member_sign_to_response,480,0.00016666666666666666,0.0,0.001,0.001,0.005,0
gmem1000,summary.json,critical_third_vote_ms/member_response_to_selected,480,1.2657104166666666,0.358,5.196,14.52,26.974,0
gmem1000,summary.json,critical_third_vote_ms/member_handler_total,480,2.4056333333333333,0.512,17.313,30.784,64.547,0
gmem1000,summary.json,selected_http_ms/serialize,1440,0.00022916666666666666,0.0,0.001,0.001,0.054,0
gmem1000,summary.json,selected_http_ms/get_connection,1440,0.12412083333333333,0.001,0.286,2.206,21.217,0
gmem1000,summary.json,selected_http_ms/connection_to_written,1440,0.033418750000000004,0.003,0.024,0.372,12.502,0
gmem1000,summary.json,selected_http_ms/written_to_handler,1440,0.2987194444444444,0.041,1.342,3.51,34.758,0
gmem1000,summary.json,selected_http_ms/response_to_first_byte,1440,0.6437180555555555,0.131,3.008,8.041,18.322,0
gmem1000,summary.json,selected_http_ms/first_byte_to_approval_decoded,1440,0.10967291666666666,0.029,0.174,1.794,15.526,0
gmem1000,summary.json,selected_http_ms/decoded_to_selected,1440,0.09876944444444445,0.041,0.207,0.73,8.788,0
gmem1000,gateway-summary.json,/stages_ms/ready_to_offer,547,,0.112,0.516,,6.589,
gmem1000,gateway-summary.json,/stages_ms/ready_to_task,547,,11.935,218.492,,444.433,
gmem1000,gateway-summary.json,/stages_ms/task_database_read,547,,0.011,0.076,,3.623,
gmem1000,gateway-summary.json,/stages_ms/task_verify,547,,0.228,0.896,,8.8,
gmem1000,gateway-summary.json,/stages_ms/ready_to_submit,547,,21.559,226.126,,444.767,
gmem1000,gateway-summary.json,/stages_ms/public_http,547,,1.209,4.315,,74.985,
gmem1000,gateway-summary.json,/stages_ms/save_total,547,,0.226,4.218,,37.094,
gmem1000,gateway-summary.json,/stages_ms/save_queue,547,,0.002,1.121,,35.635,
gmem1000,gateway-summary.json,/stages_ms/payer_get_conn_wait,480,,0.002,0.005,,0.853,
gmem1000,gateway-summary.json,/stages_ms/payer_write,480,,0.005,0.015,,0.446,
gmem1000,gateway-summary.json,/stages_ms/payer_written_to_handler,480,,0.135,5.352,,29.963,
hold1000,summary.json,all_stages_ms/send_to_response,180000,6.137957433333334,2.369,28.937,47.003,197.448,0
hold1000,summary.json,all_stages_ms/wallet_verify_save,180000,0.6186562833333333,0.198,0.82,12.04,86.628,0
hold1000,summary.json,all_stages_ms/send_to_fast,180000,6.756613716666667,2.659,30.604,49.82,197.964,0
hold1000,summary.json,all_stages_ms/fast_to_wallet_block,180000,1429.1237924055556,1375.029,2150.021,2525.025,3800.165,0
hold1000,summary.json,all_stages_ms/send_to_wallet_block,180000,1435.8804061222222,1377.815,2151.517,2528.511,3804.103,0
hold1000,summary.json,all_stages_ms/wallet_block_to_members,180000,74.8588391888889,75.467,149.897,175.787,234.07,0
hold1000,summary.json,all_stages_ms/send_to_member_completion,180000,1510.739245311111,1453.955,2226.22,2603.446,3879.621,0
hold1000,summary.json,gateway_ms/send_to_gateway,1800,0.6752794444444444,0.138,2.661,11.781,50.334,0
hold1000,summary.json,gateway_ms/gateway_decode,1800,0.2962011111111111,0.13,0.488,1.802,32.907,0
hold1000,summary.json,gateway_ms/gateway_authorize,1800,0.17969222222222223,0.09,0.312,1.238,12.09,0
hold1000,summary.json,gateway_ms/gateway_pre_fanout,1800,0.47935055555555556,0.23,0.871,3.635,33.001,0
hold1000,summary.json,gateway_ms/fanout_to_quorum,1800,4.504199444444445,1.449,25.296,43.681,65.364,0
hold1000,summary.json,gateway_ms/quorum_to_response,1800,0.1778122222222222,0.09,0.387,1.263,7.297,0
hold1000,summary.json,gateway_ms/gateway_response_to_wallet,1800,0.32876777777777777,0.122,1.188,3.973,16.305,0
hold1000,summary.json,selected_member_ms/dispatch_schedule,5400,0.09575944444444444,0.021,0.35,1.786,11.71,0
hold1000,summary.json,selected_member_ms/dispatch_to_handler,5400,0.4244525925925926,0.074,1.505,6.143,50.653,0
hold1000,summary.json,selected_member_ms/member_decode,5400,0.17795759259259258,0.126,0.396,0.561,19.569,0
hold1000,summary.json,selected_member_ms/member_validation,5400,0.3050688888888889,0.237,0.705,0.903,6.333,0
hold1000,summary.json,selected_member_ms/validation_to_commit_request,5400,0.0029933333333333335,0.002,0.006,0.013,0.04,0
hold1000,summary.json,selected_member_ms/member_update_queue,5400,0.8613644444444445,0.002,1.187,26.179,57.592,0
hold1000,summary.json,selected_member_ms/member_update_callback,5400,0.08022592592592592,0.067,0.152,0.21,3.073,0
hold1000,summary.json,selected_member_ms/member_update_finish,5400,0.08903888888888889,0.009,0.269,1.97,12.816,0
hold1000,summary.json,selected_member_ms/member_sign,5400,0.017189814814814814,0.014,0.04,0.05,0.209,0
hold1000,summary.json,selected_member_ms/member_sign_to_response,5400,0.00012703703703703705,0.0,0.001,0.001,0.008,0
hold1000,summary.json,selected_member_ms/member_response_to_selected,5400,0.7315790740740741,0.252,2.884,7.971,43.439,0
hold1000,summary.json,selected_member_ms/member_handler_total,5400,1.533965925925926,0.473,3.322,29.759,61.818,0
hold1000,summary.json,critical_third_vote_ms/dispatch_schedule,1800,0.10928388888888889,0.024,0.449,1.835,11.71,0
hold1000,summary.json,critical_third_vote_ms/dispatch_to_handler,1800,0.6516149999999999,0.151,2.272,9.2,50.653,0
hold1000,summary.json,critical_third_vote_ms/member_decode,1800,0.2102438888888889,0.131,0.413,0.599,19.569,0
hold1000,summary.json,critical_third_vote_ms/member_validation,1800,0.3450711111111111,0.239,0.719,0.959,6.222,0
hold1000,summary.json,critical_third_vote_ms/validation_to_commit_request,1800,0.0031283333333333332,0.003,0.006,0.013,0.04,0
hold1000,summary.json,critical_third_vote_ms/member_update_queue,1800,1.88992,0.003,19.275,33.976,57.592,0
hold1000,summary.json,critical_third_vote_ms/member_update_callback,1800,0.08612944444444444,0.067,0.159,0.23,3.073,0
hold1000,summary.json,critical_third_vote_ms/member_update_finish,1800,0.17551444444444445,0.01,1.417,2.861,12.816,0
hold1000,summary.json,critical_third_vote_ms/member_sign,1800,0.019055555555555555,0.014,0.041,0.051,0.209,0
hold1000,summary.json,critical_third_vote_ms/member_sign_to_response,1800,0.00014833333333333332,0.0,0.001,0.001,0.006,0
hold1000,summary.json,critical_third_vote_ms/member_response_to_selected,1800,1.0108294444444443,0.335,4.019,10.913,43.439,0
hold1000,summary.json,critical_third_vote_ms/member_handler_total,1800,2.7292111111111113,0.525,21.377,36.616,61.818,0
hold1000,summary.json,selected_http_ms/serialize,5400,0.0019146296296296296,0.0,0.001,0.001,1.848,0
hold1000,summary.json,selected_http_ms/get_connection,5400,0.06992425925925926,0.001,0.192,1.682,8.422,0
hold1000,summary.json,selected_http_ms/connection_to_written,5400,0.02760037037037037,0.003,0.018,0.304,31.298,0
hold1000,summary.json,selected_http_ms/written_to_handler,5400,0.23651925925925926,0.041,0.9,2.805,22.989,0
hold1000,summary.json,selected_http_ms/response_to_first_byte,5400,0.5167753703703704,0.121,2.377,6.313,17.158,0
hold1000,summary.json,selected_http_ms/first_byte_to_approval_decoded,5400,0.08427944444444445,0.028,0.133,1.118,14.064,0
hold1000,summary.json,selected_http_ms/decoded_to_selected,5400,0.13052425925925926,0.04,0.199,1.192,36.664,0
hold1000,backend-summary.json,stages_ms/send_to_first_mempool_enter,2048,281.49416845703126,183.468,973.605,,1518.299,0
hold1000,backend-summary.json,stages_ms/fast_to_first_mempool_enter,2048,275.0246479492188,173.621,967.312,,1498.253,1
hold1000,backend-summary.json,stages_ms/send_to_public_delivery,2048,278.77129150390624,181.725,969.801,,1517.477,0
hold1000,backend-summary.json,stages_ms/public_delivery_to_receive,2048,0.4972236328125,0.062,1.58,,90.894,0
hold1000,backend-summary.json,stages_ms/public_receive_to_mempool_enter,2048,2.2256533203125,0.794,2.459,,176.769,0
hold1000,backend-summary.json,stages_ms/mempool_check,2048,0.0040244140625,0.003,0.006,,0.353,0
hold1000,backend-summary.json,stages_ms/accepted_to_prepare_enter,2048,259.1470556640625,172.486,588.684,,634.716,0
hold1000,backend-summary.json,stages_ms/prepare_block,2048,2.03219287109375,1.731,3.173,,10.236,0
hold1000,backend-summary.json,stages_ms/prepare_done_to_commit_decision,2048,99.25117431640625,98.084,113.888,,130.589,0
hold1000,backend-summary.json,stages_ms/decision_to_app_commit_done,2048,238.98996533203126,242.862,305.606,,347.901,0
hold1000,backend-summary.json,stages_ms/app_finalize,2048,122.149708984375,122.716,174.862,,205.844,0
hold1000,backend-summary.json,stages_ms/app_commit,2048,110.98333984375,109.232,157.42,,226.887,0
hold1000,backend-summary.json,stages_ms/send_to_app_commit_done,2048,880.9280815429687,816.257,1568.068,,2214.781,0
hold1000,backend-summary.json,stages_ms/app_commit_to_wallet_observed,2048,565.2268056640625,563.155,644.203,,715.299,0
hold1000,backend-summary.json,stages_ms/app_commit_to_next_header_stored,2048,363.99264475292966,364.541834,434.926375,,526.173792,0
hold1000,backend-summary.json,stages_ms/next_header_stored_to_wallet_observed,2048,201.23416091113282,201.105542,256.91375,,320.034042,0
hold1000,backend-summary.json,committee0_operations_ms/atomic_file_open,691,0.3135534327062229,0.099458,2.388584,,6.01125,0
hold1000,backend-summary.json,committee0_operations_ms/atomic_file_write_sync,691,0.4926324688856729,0.075708,3.576417,,5.926458,0
hold1000,backend-summary.json,committee0_operations_ms/atomic_file_close,691,0.5585244095513748,0.010542,3.782209,,10.35175,0
hold1000,backend-summary.json,committee0_operations_ms/atomic_file_rename,691,0.8192037120115774,0.1355,3.934667,,8.948834,0
hold1000,backend-summary.json,committee0_operations_ms/filepv_encode,689,0.019617737300435412,0.014542,0.024167,,2.633291,0
hold1000,backend-summary.json,committee0_operations_ms/filepv_save,689,2.221843251088534,0.403417,7.963166,,13.7575,0
hold1000,backend-summary.json,committee0_operations_ms/consensus_state_save,307,0.021827198697068406,0.015167,0.027625,,1.45775,0
hold1000,backend-summary.json,committee0_operations_ms/autofile_sync_needed,1896,4.455311049578059,3.827625,8.532334,,40.343166,0
hold1000,backend-summary.json,committee0_operations_ms/vote_wal_flush,612,5.40575216993464,4.927666,10.715417,,21.044583,0
hold1000,backend-summary.json,committee0_operations_ms/vote_sign,612,2.477125093137255,0.476625,8.080375,,13.938709,0
hold1000,backend-summary.json,committee0_operations_ms/internal_message_wal,614,5.120276078175896,3.864167,9.620792,,20.485958,0
hold1000,backend-summary.json,committee0_operations_ms/blockstore_save,306,0.2088935,0.161,0.369792,,2.567333,0
hold1000,backend-summary.json,committee0_operations_ms/endheight_wal,306,5.129225062091503,4.265708,9.743292,,38.305833,0
hold1000,backend-summary.json,committee0_operations_ms/finalize_history_encode,306,0.00671952614379085,0.005584,0.011709,,0.125542,0
hold1000,backend-summary.json,committee0_operations_ms/finalize_history_batch_set,306,0.0006858823529411765,0.000625,0.001083,,0.004292,0
hold1000,backend-summary.json,committee0_operations_ms/finalize_recovery_encode,306,0.006501065359477125,0.005792,0.011625,,0.02825,0
hold1000,backend-summary.json,committee0_operations_ms/finalize_batch_write_sync,306,0.004898928104575163,0.004625,0.008167,,0.018667,0
hold1000,backend-summary.json,committee0_operations_ms/finalize_response_save,306,0.02691924836601307,0.022416,0.045416,,0.208583,0
hold1000,backend-summary.json,committee0_operations_ms/commit_mempool_lock,306,0.18194499019607843,0.000334,0.436625,,18.884542,0
hold1000,backend-summary.json,committee0_operations_ms/commit_mempool_flush,306,0.0009776339869281047,0.00075,0.001166,,0.05075,0
hold1000,backend-summary.json,committee0_operations_ms/proposal_build,76,3.4922812763157896,3.006083,5.324083,,11.913666,0
hold1000,backend-summary.json,committee0_operations_ms/proposal_parts,76,2.1107225657894735,1.915334,3.675625,,4.030792,0
hold1000,backend-summary.json,committee0_operations_ms/proposal_wal_flush,76,4.293872763157895,3.987917,6.181458,,25.61175,0
hold1000,backend-summary.json,committee0_operations_ms/proposal_sign,76,0.48240575,0.384834,0.610333,,3.235625,0
hold1000,backend-summary.json,committee0_operations_ms/proposal_batch_wal,229,3.5138296986899564,3.354667,4.426208,,17.232583,0
hold1000,backend-summary.json,committee0_operations_ms/autofile_sync_skipped,96,0.00013145833333333333,4.2e-05,0.000417,,0.003083,0
hold1000,gateway-summary.json,/stages_ms/ready_to_offer,2148,,0.114,0.481,,38.747,
hold1000,gateway-summary.json,/stages_ms/ready_to_task,2148,,50.2,759.585,,1523.379,
hold1000,gateway-summary.json,/stages_ms/task_database_read,2148,,0.011,0.058,,37.92,
hold1000,gateway-summary.json,/stages_ms/task_verify,2148,,0.225,0.812,,23.483,
hold1000,gateway-summary.json,/stages_ms/ready_to_submit,2148,,149.629,982.069,,1523.702,
hold1000,gateway-summary.json,/stages_ms/public_http,2148,,1.295,5.604,,167.718,
hold1000,gateway-summary.json,/stages_ms/save_total,2148,,0.226,1.813,,57.624,
hold1000,gateway-summary.json,/stages_ms/save_queue,2148,,0.002,0.504,,55.847,
hold1000,gateway-summary.json,/stages_ms/payer_get_conn_wait,1800,,0.002,0.005,,0.425,
hold1000,gateway-summary.json,/stages_ms/payer_write,1800,,0.005,0.018,,0.686,
hold1000,gateway-summary.json,/stages_ms/payer_written_to_handler,1800,,0.122,2.639,,50.298,
hold800,summary.json,all_stages_ms/send_to_response,144000,4.137464270833333,1.565,19.547,33.507,121.668,0
hold800,summary.json,all_stages_ms/wallet_verify_save,144000,0.4727379305555556,0.197,0.623,8.217,67.01,0
hold800,summary.json,all_stages_ms/send_to_fast,144000,4.610202201388889,1.831,21.133,35.636,121.848,0
hold800,summary.json,all_stages_ms/fast_to_wallet_block,144000,1144.2222198333334,1149.94,1424.916,1450.079,3125.035,0
hold800,summary.json,all_stages_ms/send_to_wallet_block,144000,1148.8324220347222,1151.95,1426.253,1452.006,3129.047,0
hold800,summary.json,all_stages_ms/wallet_block_to_members,144000,46.321309784722224,50.357,100.222,107.559,152.494,0
hold800,summary.json,all_stages_ms/send_to_member_completion,144000,1195.1537318194444,1198.489,1457.944,1502.811,3155.344,0
hold800,summary.json,gateway_ms/send_to_gateway,1440,0.36708541666666666,0.075,1.43,5.23,18.168,0
hold800,summary.json,gateway_ms/gateway_decode,1440,0.20108125,0.128,0.43,0.791,11.942,0
hold800,summary.json,gateway_ms/gateway_authorize,1440,0.12441527777777778,0.09,0.288,0.467,1.597,0
hold800,summary.json,gateway_ms/gateway_pre_fanout,1440,0.32849375,0.224,0.717,1.187,12.043,0
hold800,summary.json,gateway_ms/fanout_to_quorum,1440,2.9956847222222223,0.961,14.137,30.121,51.658,0
hold800,summary.json,gateway_ms/quorum_to_response,1440,0.14415763888888888,0.09,0.292,0.507,8.265,0
hold800,summary.json,gateway_ms/gateway_response_to_wallet,1440,0.33823333333333333,0.103,0.882,4.803,25.132,0
hold800,summary.json,selected_member_ms/dispatch_schedule,4320,0.05197430555555556,0.016,0.146,0.682,12.725,0
hold800,summary.json,selected_member_ms/dispatch_to_handler,4320,0.36029930555555556,0.06,1.355,5.879,32.343,0
hold800,summary.json,selected_member_ms/member_decode,4320,0.16393009259259259,0.127,0.392,0.535,2.051,0
hold800,summary.json,selected_member_ms/member_validation,4320,0.291725,0.238,0.688,0.771,38.704,0
hold800,summary.json,selected_member_ms/validation_to_commit_request,4320,0.0029502314814814816,0.002,0.006,0.011,0.317,0
hold800,summary.json,selected_member_ms/member_update_queue,4320,0.48424189814814816,0.003,0.131,17.936,34.685,0
hold800,summary.json,selected_member_ms/member_update_callback,4320,0.07901273148148148,0.067,0.144,0.19,7.688,0
hold800,summary.json,selected_member_ms/member_update_finish,4320,0.047067824074074074,0.01,0.105,1.232,3.045,0
hold800,summary.json,selected_member_ms/member_sign,4320,0.01650902777777778,0.014,0.04,0.048,0.473,0
hold800,summary.json,selected_member_ms/member_sign_to_response,4320,0.00011944444444444444,0.0,0.001,0.001,0.015,0
hold800,summary.json,selected_member_ms/member_response_to_selected,4320,0.47829791666666666,0.172,1.778,5.038,25.003,0
hold800,summary.json,selected_member_ms/member_handler_total,4320,1.08555625,0.471,1.499,20.599,46.161,0
hold800,summary.json,critical_third_vote_ms/dispatch_schedule,1440,0.060976388888888886,0.017,0.164,0.853,12.725,0
hold800,summary.json,critical_third_vote_ms/dispatch_to_handler,1440,0.5546368055555556,0.082,2.605,8.402,32.343,0
hold800,summary.json,critical_third_vote_ms/member_decode,1440,0.18889027777777778,0.132,0.405,0.64,2.051,0
hold800,summary.json,critical_third_vote_ms/member_validation,1440,0.3382027777777778,0.241,0.708,0.882,38.704,0
hold800,summary.json,critical_third_vote_ms/validation_to_commit_request,1440,0.0029868055555555555,0.002,0.006,0.013,0.042,0
hold800,summary.json,critical_third_vote_ms/member_update_queue,1440,1.0464604166666667,0.004,7.313,24.381,34.685,0
hold800,summary.json,critical_third_vote_ms/member_update_callback,1440,0.09004097222222222,0.068,0.153,0.219,7.688,0
hold800,summary.json,critical_third_vote_ms/member_update_finish,1440,0.08674722222222223,0.011,0.604,1.45,3.045,0
hold800,summary.json,critical_third_vote_ms/member_sign,1440,0.018250694444444444,0.014,0.041,0.058,0.473,0
hold800,summary.json,critical_third_vote_ms/member_sign_to_response,1440,0.00011875,0.0,0.001,0.001,0.008,0
hold800,summary.json,critical_third_vote_ms/member_response_to_selected,1440,0.6062743055555555,0.199,2.453,6.377,23.021,0
hold800,summary.json,critical_third_vote_ms/member_handler_total,1440,1.7716979166666667,0.499,9.269,26.375,46.161,0
hold800,summary.json,selected_http_ms/serialize,4320,0.004425,0.0,0.001,0.003,14.838,0
hold800,summary.json,selected_http_ms/get_connection,4320,0.03531226851851852,0.001,0.108,0.854,7.888,0
hold800,summary.json,selected_http_ms/connection_to_written,4320,0.015125462962962964,0.003,0.015,0.107,5.977,0
hold800,summary.json,selected_http_ms/written_to_handler,4320,0.24033425925925925,0.039,0.971,4.171,23.359,0
hold800,summary.json,selected_http_ms/response_to_first_byte,4320,0.34090625,0.06,1.503,4.389,24.936,0
hold800,summary.json,selected_http_ms/first_byte_to_approval_decoded,4320,0.05913611111111111,0.03,0.105,0.406,16.476,0
hold800,summary.json,selected_http_ms/decoded_to_selected,4320,0.07825555555555555,0.043,0.144,0.372,11.919,0
hold800,backend-summary.json,stages_ms/send_to_first_mempool_enter,1646,37.58132017010936,4.446,161.002,,258.551,0
hold800,backend-summary.json,stages_ms/fast_to_first_mempool_enter,1646,33.13707715674362,2.074,155.167,,257.213,9
hold800,backend-summary.json,stages_ms/send_to_public_delivery,1646,34.69784568651276,3.12,159.755,,257.719,0
hold800,backend-summary.json,stages_ms/public_delivery_to_receive,1646,0.24982260024301337,0.049,0.771,,56.683,0
hold800,backend-summary.json,stages_ms/public_receive_to_mempool_enter,1646,2.6336518833535845,0.801,2.453,,135.164,0
hold800,backend-summary.json,stages_ms/mempool_check,1646,0.0048456865127582014,0.003,0.006,,1.843,0
hold800,backend-summary.json,stages_ms/accepted_to_prepare_enter,1646,268.0355516403402,240.275,568.848,,612.819,0
hold800,backend-summary.json,stages_ms/prepare_block,1646,1.351078979343864,1.29,1.749,,3.169,0
hold800,backend-summary.json,stages_ms/prepare_done_to_commit_decision,1646,90.89402247873633,90.817,103.188,,110.885,0
hold800,backend-summary.json,stages_ms/decision_to_app_commit_done,1646,173.61704070473877,173.148,223.084,,236.395,0
hold800,backend-summary.json,stages_ms/app_finalize,1646,79.1410978128797,76.931,116.025,,146.87,0
hold800,backend-summary.json,stages_ms/app_commit,1646,88.23921142162818,87.648,120.274,,182.28,0
hold800,backend-summary.json,stages_ms/send_to_app_commit_done,1646,571.4937958687727,575.518,838.505,,933.497,0
hold800,backend-summary.json,stages_ms/app_commit_to_wallet_observed,1646,578.6343894289186,576.793,641.223,,719.123,0
hold800,backend-summary.json,stages_ms/app_commit_to_next_header_stored,1646,419.53683558930743,418.649542,469.19025,,528.347542,0
hold800,backend-summary.json,stages_ms/next_header_stored_to_wallet_observed,1646,159.09755383961118,159.208583,191.777292,,267.460292,0
hold800,backend-summary.json,committee0_operations_ms/atomic_file_open,699,0.48922119599427755,0.10225,3.831375,,6.091833,0
hold800,backend-summary.json,committee0_operations_ms/atomic_file_write_sync,699,0.6271839341917025,0.082667,3.858625,,5.991292,0
hold800,backend-summary.json,committee0_operations_ms/atomic_file_close,699,0.6684386337625179,0.012875,3.796042,,5.844584,0
hold800,backend-summary.json,committee0_operations_ms/atomic_file_rename,699,1.1480598311874106,0.144083,4.065417,,8.654292,0
hold800,backend-summary.json,committee0_operations_ms/filepv_encode,697,0.017019179340028695,0.015084,0.026916,,0.072667,0
hold800,backend-summary.json,committee0_operations_ms/filepv_save,697,2.9750155911047345,2.903791,8.16375,,13.966167,0
hold800,backend-summary.json,committee0_operations_ms/consensus_state_save,310,0.015031325806451614,0.01475,0.018875,,0.029208,0
hold800,backend-summary.json,committee0_operations_ms/autofile_sync_needed,1905,4.6567034362204724,3.930667,8.999792,,17.378292,0
hold800,backend-summary.json,committee0_operations_ms/proposal_build,78,2.2630971794871795,2.236458,2.749375,,3.46,0
hold800,backend-summary.json,committee0_operations_ms/proposal_parts,78,1.5210689487179487,1.487666,1.884,,2.836958,0
hold800,backend-summary.json,committee0_operations_ms/proposal_wal_flush,78,3.9447329358974357,4.051292,4.59775,,11.239416,0
hold800,backend-summary.json,committee0_operations_ms/proposal_sign,78,0.40010891025641027,0.393458,0.459,,0.600708,0
hold800,backend-summary.json,committee0_operations_ms/proposal_batch_wal,209,3.525958090909091,3.413834,4.476042,,7.435166,0
hold800,backend-summary.json,committee0_operations_ms/autofile_sync_skipped,97,9.705154639175258e-05,4.2e-05,0.000333,,0.000875,0
hold800,backend-summary.json,committee0_operations_ms/vote_wal_flush,618,5.7226785614886735,5.58725,11.445791,,14.770167,0
hold800,backend-summary.json,committee0_operations_ms/vote_sign,618,3.3419691812297736,3.207583,8.240667,,13.997,0
hold800,backend-summary.json,committee0_operations_ms/internal_message_wal,638,5.5822514905956115,4.5045,10.500917,,17.326625,0
hold800,backend-summary.json,committee0_operations_ms/blockstore_save,309,0.1621820291262136,0.132209,0.266125,,2.112,0
hold800,backend-summary.json,committee0_operations_ms/endheight_wal,309,5.494594766990291,5.219125,9.575,,15.48375,0
hold800,backend-summary.json,committee0_operations_ms/finalize_history_encode,309,0.006873540453074434,0.004542,0.014708,,0.055375,0
hold800,backend-summary.json,committee0_operations_ms/finalize_history_batch_set,309,0.0008060809061488673,0.000583,0.001167,,0.027083,0
hold800,backend-summary.json,committee0_operations_ms/finalize_recovery_encode,309,0.006902074433656958,0.004709,0.01225,,0.108,0
hold800,backend-summary.json,committee0_operations_ms/finalize_batch_write_sync,309,0.005050543689320388,0.004416,0.0085,,0.080709,0
hold800,backend-summary.json,committee0_operations_ms/finalize_response_save,309,0.02606068284789644,0.019625,0.048375,,0.147041,0
hold800,backend-summary.json,committee0_operations_ms/commit_mempool_lock,309,0.12055931715210357,0.000333,0.0555,,19.664417,0
hold800,backend-summary.json,committee0_operations_ms/commit_mempool_flush,309,0.0007885339805825243,0.00075,0.001167,,0.002958,0
hold800,gateway-summary.json,/stages_ms/ready_to_offer,1696,,0.112,0.36,,13.601,
hold800,gateway-summary.json,/stages_ms/ready_to_task,1696,,0.384,139.145,,249.664,
hold800,gateway-summary.json,/stages_ms/task_database_read,1696,,0.009,0.053,,1.876,
hold800,gateway-summary.json,/stages_ms/task_verify,1696,,0.231,0.706,,13.371,
hold800,gateway-summary.json,/stages_ms/ready_to_submit,1696,,1.037,163.554,,253.253,
hold800,gateway-summary.json,/stages_ms/public_http,1696,,1.021,3.546,,122.388,
hold800,gateway-summary.json,/stages_ms/save_total,1696,,0.225,1.115,,45.061,
hold800,gateway-summary.json,/stages_ms/save_queue,1696,,0.002,0.253,,42.872,
hold800,gateway-summary.json,/stages_ms/payer_get_conn_wait,1440,,0.002,0.006,,0.472,
hold800,gateway-summary.json,/stages_ms/payer_write,1440,,0.005,0.018,,0.33,
hold800,gateway-summary.json,/stages_ms/payer_written_to_handler,1440,,0.056,1.413,,18.159,
limit1100b,summary.json,all_stages_ms/send_to_response,197997,9.65450561372142,3.381,42.08,86.545,255.246,0
limit1100b,summary.json,all_stages_ms/wallet_verify_save,197997,0.8522382106799598,0.204,1.248,15.712,139.29,0
limit1100b,summary.json,all_stages_ms/send_to_fast,197997,10.50674382440138,3.773,44.494,89.915,256.057,0
limit1100b,summary.json,all_stages_ms/fast_to_wallet_block,197997,1363.5510665111087,1350.128,1750.382,1976.035,3726.063,0
limit1100b,summary.json,all_stages_ms/send_to_wallet_block,197997,1374.05781033551,1363.73,1777.594,2001.818,3758.731,0
limit1100b,summary.json,all_stages_ms/wallet_block_to_members,197997,114.65796646413834,100.728,268.632,331.131,402.926,0
limit1100b,summary.json,all_stages_ms/send_to_member_completion,197997,1488.7157767996484,1479.474,1906.474,2125.689,3836.847,0
limit1100b,summary.json,gateway_ms/send_to_gateway,1980,1.146168686868687,0.283,4.571,16.956,50.663,0
limit1100b,summary.json,gateway_ms/gateway_decode,1980,0.36547575757575756,0.129,0.678,3.851,31.535,0
limit1100b,summary.json,gateway_ms/gateway_authorize,1980,0.23533434343434342,0.091,0.375,1.762,42.243,0
limit1100b,summary.json,gateway_ms/gateway_pre_fanout,1980,0.6045075757575757,0.228,1.237,7.313,42.739,0
limit1100b,summary.json,gateway_ms/fanout_to_quorum,1980,7.619360101010101,2.094,39.523,84.145,170.572,0
limit1100b,summary.json,gateway_ms/quorum_to_response,1980,0.2622090909090909,0.09,0.482,2.763,39.231,0
limit1100b,summary.json,gateway_ms/gateway_response_to_wallet,1980,0.5580126262626263,0.143,2.011,7.313,43.917,0
limit1100b,summary.json,selected_member_ms/dispatch_schedule,5940,0.15463468013468012,0.029,0.581,2.786,14.636,0
limit1100b,summary.json,selected_member_ms/dispatch_to_handler,5940,0.7859294612794613,0.114,2.574,10.182,79.861,0
limit1100b,summary.json,selected_member_ms/member_decode,5940,0.18603754208754208,0.127,0.407,0.671,17.249,0
limit1100b,summary.json,selected_member_ms/member_validation,5940,0.32555218855218854,0.239,0.715,0.985,8.218,0
limit1100b,summary.json,selected_member_ms/validation_to_commit_request,5940,0.003430976430976431,0.002,0.007,0.014,1.623,0
limit1100b,summary.json,selected_member_ms/member_update_queue,5940,1.582354377104377,0.002,6.541,41.256,161.505,0
limit1100b,summary.json,selected_member_ms/member_update_callback,5940,0.08197676767676768,0.066,0.157,0.236,2.72,0
limit1100b,summary.json,selected_member_ms/member_update_finish,5940,0.15686245791245793,0.009,0.86,2.789,77.514,0
limit1100b,summary.json,selected_member_ms/member_sign,5940,0.01833989898989899,0.014,0.041,0.055,1.317,0
limit1100b,summary.json,selected_member_ms/member_sign_to_response,5940,0.00013518518518518518,0.0,0.001,0.001,0.016,0
limit1100b,summary.json,selected_member_ms/member_response_to_selected,5940,1.13544898989899,0.396,4.786,10.688,34.588,0
limit1100b,summary.json,selected_member_ms/member_handler_total,5940,2.354689393939394,0.486,8.583,45.136,165.677,0
limit1100b,summary.json,critical_third_vote_ms/dispatch_schedule,1980,0.18760959595959595,0.032,0.701,4.074,14.132,0
limit1100b,summary.json,critical_third_vote_ms/dispatch_to_handler,1980,1.188588888888889,0.256,3.966,15.408,79.861,0
limit1100b,summary.json,critical_third_vote_ms/member_decode,1980,0.22494343434343433,0.132,0.45,0.958,17.249,0
limit1100b,summary.json,critical_third_vote_ms/member_validation,1980,0.3707252525252525,0.242,0.735,1.106,8.108,0
limit1100b,summary.json,critical_third_vote_ms/validation_to_commit_request,1980,0.0035545454545454548,0.003,0.007,0.016,0.172,0
limit1100b,summary.json,critical_third_vote_ms/member_update_queue,1980,3.575609090909091,0.003,28.452,67.544,161.505,0
limit1100b,summary.json,critical_third_vote_ms/member_update_callback,1980,0.08853535353535354,0.067,0.163,0.243,2.72,0
limit1100b,summary.json,critical_third_vote_ms/member_update_finish,1980,0.3326510101010101,0.011,2.072,3.517,77.514,0
limit1100b,summary.json,critical_third_vote_ms/member_sign,1980,0.020925252525252524,0.014,0.042,0.062,1.317,0
limit1100b,summary.json,critical_third_vote_ms/member_sign_to_response,1980,0.00016212121212121213,0.0,0.001,0.001,0.016,0
limit1100b,summary.json,critical_third_vote_ms/member_response_to_selected,1980,1.622428787878788,0.605,6.461,13.811,31.012,0
limit1100b,summary.json,critical_third_vote_ms/member_handler_total,1980,4.61710606060606,0.565,32.651,71.166,165.677,0
limit1100b,summary.json,selected_http_ms/serialize,5940,0.005185353535353535,0.0,0.001,0.001,27.059,0
limit1100b,summary.json,selected_http_ms/get_connection,5940,0.09264612794612795,0.001,0.305,2.342,17.155,0
limit1100b,summary.json,selected_http_ms/connection_to_written,5940,0.03971784511784512,0.003,0.028,0.599,13.332,0
limit1100b,summary.json,selected_http_ms/written_to_handler,5940,0.4245624579124579,0.058,1.554,4.846,79.852,0
limit1100b,summary.json,selected_http_ms/response_to_first_byte,5940,0.8848868686868687,0.246,3.923,8.822,29.683,0
limit1100b,summary.json,selected_http_ms/first_byte_to_approval_decoded,5940,0.12431582491582492,0.028,0.17,1.948,34.297,0
limit1100b,summary.json,selected_http_ms/decoded_to_selected,5940,0.1262462962962963,0.039,0.222,1.342,29.864,0
limit1100b,backend-summary.json,stages_ms/send_to_first_mempool_enter,2048,120.78190087890626,87.7,353.779,,630.522,0
limit1100b,backend-summary.json,stages_ms/fast_to_first_mempool_enter,2048,110.69249658203125,74.685,337.178,,626.328,12
limit1100b,backend-summary.json,stages_ms/send_to_public_delivery,2048,115.7741162109375,78.087,349.685,,629.535,0
limit1100b,backend-summary.json,stages_ms/public_delivery_to_receive,2048,1.3195664062499999,0.197,5.32,,97.732,0
limit1100b,backend-summary.json,stages_ms/public_receive_to_mempool_enter,2048,3.6882182617187502,0.809,4.215,,231.03,0
limit1100b,backend-summary.json,stages_ms/mempool_check,2048,0.00822021484375,0.003,0.006,,4.68,0
limit1100b,backend-summary.json,stages_ms/accepted_to_prepare_enter,2048,290.0128115234375,184.364,614.475,,808.296,0
limit1100b,backend-summary.json,stages_ms/prepare_block,2048,2.6476865234374998,2.115,6.468,,10.555,0
limit1100b,backend-summary.json,stages_ms/prepare_done_to_commit_decision,2048,114.375310546875,110.464,148.175,,246.282,0
limit1100b,backend-summary.json,stages_ms/decision_to_app_commit_done,2048,281.97518115234374,282.294,361.599,,420.624,0
limit1100b,backend-summary.json,stages_ms/app_finalize,2048,144.42906787109374,147.531,201.341,,242.589,0
limit1100b,backend-summary.json,stages_ms/app_commit,2048,130.86134326171876,122.508,190.39,,243.491,0
limit1100b,backend-summary.json,stages_ms/send_to_app_commit_done,2048,809.8201645507812,804.389,1211.25,,1701.297,0
limit1100b,backend-summary.json,stages_ms/app_commit_to_wallet_observed,2048,572.9645703125,571.24,663.156,,754.305,0
limit1100b,backend-summary.json,stages_ms/app_commit_to_next_header_stored,2048,339.19412250878906,335.767916,422.968459,,553.737458,0
limit1100b,backend-summary.json,stages_ms/next_header_stored_to_wallet_observed,2048,233.77044780371094,230.631,306.340542,,400.589291,0
limit1100b,backend-summary.json,committee0_operations_ms/atomic_file_open,689,0.24118994775036284,0.09925,0.191458,,15.122292,0
limit1100b,backend-summary.json,committee0_operations_ms/atomic_file_write_sync,689,0.3994067314949202,0.082792,2.966125,,4.0815,0
limit1100b,backend-summary.json,committee0_operations_ms/atomic_file_close,689,0.4544844687953556,0.010375,3.753167,,5.941584,0
limit1100b,backend-summary.json,committee0_operations_ms/atomic_file_rename,689,0.7345597373004354,0.1295,3.894792,,9.235959,0
limit1100b,backend-summary.json,committee0_operations_ms/filepv_encode,687,0.023168978165938863,0.014834,0.025291,,3.983583,0
limit1100b,backend-summary.json,committee0_operations_ms/filepv_save,687,1.8739662314410481,0.387209,7.148,,18.117542,0
limit1100b,backend-summary.json,committee0_operations_ms/consensus_state_save,306,0.018185692810457517,0.015084,0.025417,,0.657542,0
limit1100b,backend-summary.json,committee0_operations_ms/autofile_sync_needed,1921,4.456273671525247,3.735792,7.9835,,80.344167,0
limit1100b,backend-summary.json,committee0_operations_ms/vote_wal_flush,610,4.976825503278689,4.360834,10.773375,,50.682667,0
limit1100b,backend-summary.json,committee0_operations_ms/vote_sign,610,2.0936726,0.4225,7.278458,,18.137,0
limit1100b,backend-summary.json,committee0_operations_ms/internal_message_wal,622,5.068826760450161,3.738375,9.600125,,80.361167,0
limit1100b,backend-summary.json,committee0_operations_ms/blockstore_save,305,0.30497610163934424,0.176958,0.436958,,18.330709,0
limit1100b,backend-summary.json,committee0_operations_ms/endheight_wal,305,5.256839327868852,4.586542,9.876667,,35.662708,0
limit1100b,backend-summary.json,committee0_operations_ms/finalize_history_encode,305,0.009138704918032786,0.006125,0.012834,,0.552541,0
limit1100b,backend-summary.json,committee0_operations_ms/finalize_history_batch_set,305,0.0006684754098360656,0.000584,0.001208,,0.005041,0
limit1100b,backend-summary.json,committee0_operations_ms/finalize_recovery_encode,305,0.11945682295081968,0.006291,0.013,,34.255208,0
limit1100b,backend-summary.json,committee0_operations_ms/finalize_batch_write_sync,305,0.005138118032786885,0.004875,0.008125,,0.029125,0
limit1100b,backend-summary.json,committee0_operations_ms/finalize_response_save,305,0.19282704262295083,0.02375,0.052583,,34.278208,0
limit1100b,backend-summary.json,committee0_operations_ms/commit_mempool_lock,305,0.5460946918032787,0.000334,1.451667,,38.390833,0
limit1100b,backend-summary.json,committee0_operations_ms/commit_mempool_flush,305,0.0007427573770491803,0.00075,0.001125,,0.001708,0
limit1100b,backend-summary.json,committee0_operations_ms/proposal_build,76,3.900063039473684,3.572916,5.751875,,10.378209,0
limit1100b,backend-summary.json,committee0_operations_ms/proposal_parts,76,2.395523486842105,2.101458,4.155291,,8.781667,0
limit1100b,backend-summary.json,committee0_operations_ms/proposal_wal_flush,76,4.218015921052632,3.81975,5.450459,,25.223625,0
limit1100b,backend-summary.json,committee0_operations_ms/proposal_sign,76,0.39540072368421053,0.3855,0.4495,,0.610166,0
limit1100b,backend-summary.json,committee0_operations_ms/proposal_batch_wal,246,4.357841959349593,3.362125,5.127917,,77.099,0
limit1100b,backend-summary.json,committee0_operations_ms/autofile_sync_skipped,99,0.00019355555555555557,4.2e-05,0.000375,,0.010916,0
limit1100b,gateway-summary.json,/stages_ms/ready_to_offer,2315,,0.112,0.568,,30.398,
limit1100b,gateway-summary.json,/stages_ms/ready_to_task,2318,,36.121,304.208,,525.065,
limit1100b,gateway-summary.json,/stages_ms/task_database_read,2318,,0.011,0.208,,14.874,
limit1100b,gateway-summary.json,/stages_ms/task_verify,2318,,0.224,1.042,,73.917,
limit1100b,gateway-summary.json,/stages_ms/ready_to_submit,2318,,69.801,337.84,,634.753,
limit1100b,gateway-summary.json,/stages_ms/public_http,2318,,1.938,14.65,,229.969,
limit1100b,gateway-summary.json,/stages_ms/save_total,2318,,0.231,3.969,,99.551,
limit1100b,gateway-summary.json,/stages_ms/save_queue,2318,,0.002,1.772,,68.138,
limit1100b,gateway-summary.json,/stages_ms/payer_get_conn_wait,1980,,0.002,0.005,,18.429,
limit1100b,gateway-summary.json,/stages_ms/payer_write,1980,,0.005,0.018,,1.519,
limit1100b,gateway-summary.json,/stages_ms/payer_written_to_handler,1980,,0.259,4.5,,50.649,
profile,summary.json,all_stages_ms/send_to_response,90000,6.303483711111111,2.35,29.902,47.987,134.689,0
profile,summary.json,all_stages_ms/wallet_verify_save,90000,0.6791143444444444,0.195,0.8,12.475,93.662,0
profile,summary.json,all_stages_ms/send_to_fast,90000,6.982598055555555,2.632,32.192,51.763,151.485,0
profile,summary.json,all_stages_ms/fast_to_wallet_block,90000,1248.7212459,1250.014,1550.089,1725.016,3501.42,0
profile,summary.json,all_stages_ms/send_to_wallet_block,90000,1255.7038439555556,1253.004,1552.653,1726.962,3504.766,0
profile,summary.json,all_stages_ms/wallet_block_to_members,90000,72.69304402222222,75.245,133.35,175.42,302.724,0
profile,summary.json,all_stages_ms/send_to_member_completion,90000,1328.3968879777779,1328.057,1629.579,1805.69,3600.458,0
profile,summary.json,gateway_ms/send_to_gateway,900,0.62542,0.135,2.562,6.797,42.966,0
profile,summary.json,gateway_ms/gateway_decode,900,0.2791188888888889,0.134,0.507,2.549,12.278,0
profile,summary.json,gateway_ms/gateway_authorize,900,0.18637222222222222,0.091,0.357,1.598,13.636,0
profile,summary.json,gateway_ms/gateway_pre_fanout,900,0.4692266666666667,0.235,0.901,3.486,13.805,0
profile,summary.json,gateway_ms/fanout_to_quorum,900,5.040353333333333,1.408,27.716,44.123,87.13,0
profile,summary.json,gateway_ms/quorum_to_response,900,0.19188444444444444,0.09,0.417,1.721,4.778,0
profile,summary.json,gateway_ms/gateway_response_to_wallet,900,0.32663,0.125,0.965,3.519,41.809,0
profile,summary.json,selected_member_ms/dispatch_schedule,2700,0.11985592592592592,0.024,0.338,1.599,22.316,0
profile,summary.json,selected_member_ms/dispatch_to_handler,2700,0.48184481481481484,0.069,1.776,6.778,40.666,0
profile,summary.json,selected_member_ms/member_decode,2700,0.17531888888888889,0.126,0.402,0.589,3.394,0
profile,summary.json,selected_member_ms/member_validation,2700,0.30452111111111113,0.237,0.705,0.911,6.376,0
profile,summary.json,selected_member_ms/validation_to_commit_request,2700,0.0029840740740740743,0.002,0.006,0.011,0.047,0
profile,summary.json,selected_member_ms/member_update_queue,2700,0.917834074074074,0.002,2.013,30.353,75.52,0
profile,summary.json,selected_member_ms/member_update_callback,2700,0.07892185185185185,0.066,0.153,0.22,1.194,0
profile,summary.json,selected_member_ms/member_update_finish,2700,0.09231148148148148,0.009,0.312,2.039,9.722,0
profile,summary.json,selected_member_ms/member_sign,2700,0.01857148148148148,0.014,0.04,0.054,1.486,0
profile,summary.json,selected_member_ms/member_sign_to_response,2700,0.00012444444444444444,0.0,0.001,0.001,0.005,0
profile,summary.json,selected_member_ms/member_response_to_selected,2700,0.8571392592592593,0.254,3.198,9.658,73.27,0
profile,summary.json,selected_member_ms/member_handler_total,2700,1.5905874074074073,0.474,3.779,33.727,79.539,0
profile,summary.json,critical_third_vote_ms/dispatch_schedule,900,0.14487777777777777,0.025,0.469,1.774,22.227,0
profile,summary.json,critical_third_vote_ms/dispatch_to_handler,900,0.8351422222222222,0.159,3.276,11.209,40.666,0
profile,summary.json,critical_third_vote_ms/member_decode,900,0.20725666666666667,0.132,0.429,0.683,3.394,0
profile,summary.json,critical_third_vote_ms/member_validation,900,0.34774555555555553,0.24,0.715,0.94,6.376,0
profile,summary.json,critical_third_vote_ms/validation_to_commit_request,900,0.003202222222222222,0.003,0.006,0.013,0.047,0
profile,summary.json,critical_third_vote_ms/member_update_queue,900,2.0588455555555556,0.003,20.199,35.674,75.52,0
profile,summary.json,critical_third_vote_ms/member_update_callback,900,0.08548777777777777,0.067,0.161,0.295,1.194,0
profile,summary.json,critical_third_vote_ms/member_update_finish,900,0.19040888888888888,0.01,1.437,2.656,9.722,0
profile,summary.json,critical_third_vote_ms/member_sign,900,0.02013888888888889,0.014,0.041,0.063,1.32,0
profile,summary.json,critical_third_vote_ms/member_sign_to_response,900,0.00013666666666666666,0.0,0.001,0.001,0.001,0
profile,summary.json,critical_third_vote_ms/member_response_to_selected,900,1.1301122222222222,0.329,4.156,12.102,72.138,0
profile,summary.json,critical_third_vote_ms/member_handler_total,900,2.913222222222222,0.528,22.33,39.215,79.539,0
profile,summary.json,selected_http_ms/serialize,2700,0.004974814814814815,0.0,0.001,0.001,9.992,0
profile,summary.json,selected_http_ms/get_connection,2700,0.07311925925925926,0.001,0.191,1.791,12.444,0
profile,summary.json,selected_http_ms/connection_to_written,2700,0.03410111111111111,0.003,0.021,0.422,14.78,0
profile,summary.json,selected_http_ms/written_to_handler,2700,0.25680444444444445,0.039,1.072,3.879,18.763,0
profile,summary.json,selected_http_ms/response_to_first_byte,2700,0.5211333333333333,0.117,2.507,6.561,18.208,0
profile,summary.json,selected_http_ms/first_byte_to_approval_decoded,2700,0.10079666666666667,0.029,0.148,1.458,18.602,0
profile,summary.json,selected_http_ms/decoded_to_selected,2700,0.23520925925925926,0.041,0.244,2.59,69.39,0
slots4b,summary.json,all_stages_ms/send_to_response,90000,5.256100555555555,2.336,21.62,49.734,138.077,0
slots4b,summary.json,all_stages_ms/wallet_verify_save,90000,0.5104784888888889,0.192,0.599,9.212,68.379,0
slots4b,summary.json,all_stages_ms/send_to_fast,90000,5.766579044444445,2.597,23.655,52.835,162.138,0
slots4b,summary.json,all_stages_ms/fast_to_wallet_block,90000,1714.3659509,1650.403,2550.057,2725.032,3900.038,0
slots4b,summary.json,all_stages_ms/send_to_wallet_block,90000,1720.1325299444445,1655.564,2564.768,2727.061,3902.455,0
slots4b,summary.json,all_stages_ms/wallet_block_to_members,90000,65.38921063333333,58.856,124.109,131.984,159.694,0
slots4b,summary.json,all_stages_ms/send_to_member_completion,90000,1785.5217405777778,1729.28,2631.643,2785.401,3982.692,0
slots4b,summary.json,gateway_ms/send_to_gateway,900,0.9850333333333333,0.187,4.094,15.789,76.202,0
slots4b,summary.json,gateway_ms/gateway_decode,900,0.31062,0.126,0.506,4.066,17.863,0
slots4b,summary.json,gateway_ms/gateway_authorize,900,0.21314333333333332,0.091,0.312,0.796,33.747,0
slots4b,summary.json,gateway_ms/gateway_pre_fanout,900,0.5273844444444444,0.225,0.883,5.182,36.492,0
slots4b,summary.json,gateway_ms/fanout_to_quorum,900,3.6231844444444445,1.448,14.239,41.597,75.957,0
slots4b,summary.json,gateway_ms/quorum_to_response,900,0.1866988888888889,0.09,0.345,1.467,7.17,0
slots4b,summary.json,gateway_ms/gateway_response_to_wallet,900,0.3971766666666667,0.125,1.115,4.41,26.899,0
slots4b,summary.json,selected_member_ms/dispatch_schedule,2700,0.11928814814814814,0.026,0.34,1.798,17.894,0
slots4b,summary.json,selected_member_ms/dispatch_to_handler,2700,0.733014074074074,0.089,2.704,12.017,72.496,0
slots4b,summary.json,selected_member_ms/member_decode,2700,0.16019925925925926,0.124,0.391,0.514,2.251,0
slots4b,summary.json,selected_member_ms/member_validation,2700,0.28956777777777776,0.235,0.698,0.863,2.501,0
slots4b,summary.json,selected_member_ms/validation_to_commit_request,2700,0.003023333333333333,0.002,0.006,0.013,0.119,0
slots4b,summary.json,selected_member_ms/member_update_queue,2700,0.23887333333333333,0.002,0.072,2.117,46.961,0
slots4b,summary.json,selected_member_ms/member_update_callback,2700,0.07466111111111111,0.065,0.145,0.177,0.534,0
slots4b,summary.json,selected_member_ms/member_update_finish,2700,0.04684962962962963,0.009,0.099,0.546,27.384,0
slots4b,summary.json,selected_member_ms/member_sign,2700,0.017117777777777777,0.014,0.04,0.05,0.433,0
slots4b,summary.json,selected_member_ms/member_sign_to_response,2700,0.00011925925925925926,0.0,0.001,0.001,0.007,0
slots4b,summary.json,selected_member_ms/member_response_to_selected,2700,0.8420325925925926,0.3,3.42,8.401,42.806,0
slots4b,summary.json,selected_member_ms/member_handler_total,2700,0.8304114814814815,0.465,1.319,3.551,64.122,0
slots4b,summary.json,critical_third_vote_ms/dispatch_schedule,900,0.15082333333333334,0.029,0.393,2.345,17.894,0
slots4b,summary.json,critical_third_vote_ms/dispatch_to_handler,900,1.0954288888888888,0.179,4.404,16.201,72.496,0
slots4b,summary.json,critical_third_vote_ms/member_decode,900,0.18313666666666667,0.126,0.411,0.687,2.251,0
slots4b,summary.json,critical_third_vote_ms/member_validation,900,0.32731333333333335,0.237,0.707,0.964,2.501,0
slots4b,summary.json,critical_third_vote_ms/validation_to_commit_request,900,0.0030522222222222222,0.003,0.006,0.011,0.031,0
slots4b,summary.json,critical_third_vote_ms/member_update_queue,900,0.5418733333333333,0.002,0.135,24.738,46.961,0
slots4b,summary.json,critical_third_vote_ms/member_update_callback,900,0.0805,0.066,0.153,0.206,0.534,0
slots4b,summary.json,critical_third_vote_ms/member_update_finish,900,0.09500111111111112,0.009,0.121,1.576,27.384,0
slots4b,summary.json,critical_third_vote_ms/member_sign,900,0.01912777777777778,0.014,0.041,0.052,0.411,0
slots4b,summary.json,critical_third_vote_ms/member_sign_to_response,900,0.0001477777777777778,0.0,0.001,0.001,0.007,0
slots4b,summary.json,critical_third_vote_ms/member_response_to_selected,900,1.1176788888888889,0.369,4.731,11.559,42.806,0
slots4b,summary.json,critical_third_vote_ms/member_handler_total,900,1.250152222222222,0.484,1.504,26.363,64.122,0
slots4b,summary.json,selected_http_ms/serialize,2700,0.0036344444444444445,0.0,0.001,0.002,2.892,0
slots4b,summary.json,selected_http_ms/get_connection,2700,0.14718703703703703,0.001,0.342,4.186,17.152,0
slots4b,summary.json,selected_http_ms/connection_to_written,2700,0.08057962962962963,0.003,0.022,1.32,58.279,0
slots4b,summary.json,selected_http_ms/written_to_handler,2700,0.3001577777777778,0.051,1.205,4.198,22.807,0
slots4b,summary.json,selected_http_ms/response_to_first_byte,2700,0.6021855555555555,0.164,2.866,6.837,23.712,0
slots4b,summary.json,selected_http_ms/first_byte_to_approval_decoded,2700,0.13394037037037038,0.028,0.134,1.156,42.583,0
slots4b,summary.json,selected_http_ms/decoded_to_selected,2700,0.10590666666666666,0.04,0.213,1.659,4.683,0
slots4b,backend-summary.json,stages_ms/send_to_first_mempool_enter,1088,558.6629136029412,511.981,1317.155,,1654.71,0
slots4b,backend-summary.json,stages_ms/fast_to_first_mempool_enter,1088,552.6987536764706,504.352,1314.269,,1651.214,2
slots4b,backend-summary.json,stages_ms/send_to_public_delivery,1088,555.8805294117647,509.257,1316.206,,1653.907,0
slots4b,backend-summary.json,stages_ms/public_delivery_to_receive,1088,0.47913235294117645,0.077,1.954,,41.053,0
slots4b,backend-summary.json,stages_ms/public_receive_to_mempool_enter,1088,2.303251838235294,0.794,2.598,,128.144,0
slots4b,backend-summary.json,stages_ms/mempool_check,1088,0.0038125,0.003,0.006,,0.141,0
slots4b,backend-summary.json,stages_ms/accepted_to_prepare_enter,1088,250.54876102941176,183.54,588.342,,619.019,0
slots4b,backend-summary.json,stages_ms/prepare_block,1088,2.0281516544117646,1.803,3.029,,6.913,0
slots4b,backend-summary.json,stages_ms/prepare_done_to_commit_decision,1088,100.12677297794117,99.683,115.289,,124.784,0
slots4b,backend-summary.json,stages_ms/decision_to_app_commit_done,1088,215.82160110294117,219.417,273.184,,285.014,0
slots4b,backend-summary.json,stages_ms/app_finalize,1088,115.9875330882353,113.671,174.066,,182.002,0
slots4b,backend-summary.json,stages_ms/app_commit,1088,93.78333639705882,92.026,142.766,,177.932,0
slots4b,backend-summary.json,stages_ms/send_to_app_commit_done,1088,1127.2004880514705,1056.092,2016.778,,2283.442,0
slots4b,backend-summary.json,stages_ms/app_commit_to_wallet_observed,1088,588.2312693014705,582.945,681.797,,729.62,0
slots4b,backend-summary.json,stages_ms/app_commit_to_next_header_stored,1088,388.8592742665441,384.652958,465.2645,,541.566083,0
slots4b,backend-summary.json,stages_ms/next_header_stored_to_wallet_observed,1088,199.37199503492647,198.023541,246.264833,,279.017792,0
slots4b,backend-summary.json,committee0_operations_ms/atomic_file_open,343,0.30759475218658894,0.098083,2.406416,,4.0795,0
slots4b,backend-summary.json,committee0_operations_ms/atomic_file_write_sync,343,0.404543250728863,0.076625,2.941833,,5.902459,0
slots4b,backend-summary.json,committee0_operations_ms/atomic_file_close,343,0.5970665743440233,0.010084,3.802667,,5.956375,0
slots4b,backend-summary.json,committee0_operations_ms/atomic_file_rename,343,0.7995778688046647,0.129125,3.89175,,7.962375,0
slots4b,backend-summary.json,committee0_operations_ms/filepv_encode,341,0.05538162170087976,0.014875,0.0255,,13.136417,0
slots4b,backend-summary.json,committee0_operations_ms/filepv_save,341,2.1858858768328444,0.38475,7.85525,,15.226333,0
slots4b,backend-summary.json,committee0_operations_ms/consensus_state_save,152,0.014822072368421053,0.013916,0.022083,,0.0425,0
slots4b,backend-summary.json,committee0_operations_ms/autofile_sync_needed,936,4.255536289529915,3.770416,7.960584,,28.128958,0
slots4b,backend-summary.json,committee0_operations_ms/vote_wal_flush,302,5.133520990066225,4.402083,10.529292,,14.679334,0
slots4b,backend-summary.json,committee0_operations_ms/vote_sign,302,2.458426056291391,0.456625,8.082667,,15.248416,0
slots4b,backend-summary.json,committee0_operations_ms/internal_message_wal,304,5.1072512236842105,3.817417,9.856708,,22.663541,0
slots4b,backend-summary.json,committee0_operations_ms/autofile_sync_skipped,51,9.80392156862745e-05,4.2e-05,0.00025,,0.000666,0
slots4b,backend-summary.json,committee0_operations_ms/blockstore_save,151,0.24126622516556293,0.160583,0.335333,,6.437792,0
slots4b,backend-summary.json,committee0_operations_ms/endheight_wal,151,5.280057688741722,4.675041,7.959916,,31.67075,0
slots4b,backend-summary.json,committee0_operations_ms/finalize_history_encode,151,0.007950602649006622,0.005583,0.012334,,0.2135,0
slots4b,backend-summary.json,committee0_operations_ms/finalize_history_batch_set,151,0.0008228476821192053,0.000584,0.001125,,0.027042,0
slots4b,backend-summary.json,committee0_operations_ms/finalize_recovery_encode,151,0.006734529801324504,0.005875,0.011208,,0.047083,0
slots4b,backend-summary.json,committee0_operations_ms/finalize_batch_write_sync,151,0.004731748344370861,0.004083,0.006917,,0.052042,0
slots4b,backend-summary.json,committee0_operations_ms/finalize_response_save,151,0.02674448344370861,0.021792,0.045458,,0.246,0
slots4b,backend-summary.json,committee0_operations_ms/commit_mempool_lock,151,0.08068543708609272,0.000333,0.483125,,3.881,0
slots4b,backend-summary.json,committee0_operations_ms/commit_mempool_flush,151,0.0008228675496688741,0.00075,0.001167,,0.017,0
slots4b,backend-summary.json,committee0_operations_ms/proposal_build,38,3.320344342105263,2.962291,4.884208,,5.978125,0
slots4b,backend-summary.json,committee0_operations_ms/proposal_parts,38,2.164999,1.983042,3.927459,,4.547667,0
slots4b,backend-summary.json,committee0_operations_ms/proposal_wal_flush,38,3.8718652105263156,4.050125,4.22275,,5.62275,0
slots4b,backend-summary.json,committee0_operations_ms/proposal_sign,38,0.38403952631578947,0.376167,0.425542,,0.524667,0
slots4b,backend-summary.json,committee0_operations_ms/proposal_batch_wal,113,3.4238473716814157,3.352375,4.354583,,17.351584,0
slots4b,gateway-summary.json,/stages_ms/ready_to_offer,1100,,0.112,0.483,,44.558,
slots4b,gateway-summary.json,/stages_ms/ready_to_task,1101,,134.697,1139.551,,1518.518,
slots4b,gateway-summary.json,/stages_ms/task_database_read,1101,,0.011,0.06,,5.901,
slots4b,gateway-summary.json,/stages_ms/task_verify,1101,,0.227,0.836,,38.225,
slots4b,gateway-summary.json,/stages_ms/ready_to_submit,1101,,479.612,1268.745,,1587.508,
slots4b,gateway-summary.json,/stages_ms/public_http,1101,,1.376,10.446,,137.848,
slots4b,gateway-summary.json,/stages_ms/save_total,1101,,0.226,2.671,,61.523,
slots4b,gateway-summary.json,/stages_ms/save_queue,1101,,0.002,0.903,,60.699,
slots4b,gateway-summary.json,/stages_ms/payer_get_conn_wait,900,,0.002,0.005,,2.92,
slots4b,gateway-summary.json,/stages_ms/payer_write,900,,0.005,0.015,,0.06,
slots4b,gateway-summary.json,/stages_ms/payer_written_to_handler,900,,0.166,4.07,,76.17,
slots8,summary.json,all_stages_ms/send_to_response,90000,10.314975,3.753,44.496,83.915,262.972,0
slots8,summary.json,all_stages_ms/wallet_verify_save,90000,0.8063328222222222,0.2,1.033,16.37,114.06,0
slots8,summary.json,all_stages_ms/send_to_fast,90000,11.121307822222223,4.142,46.827,87.438,263.168,0
slots8,summary.json,all_stages_ms/fast_to_wallet_block,90000,1442.5634520111112,1428.717,1900.081,2100.019,3675.03,0
slots8,summary.json,all_stages_ms/send_to_wallet_block,90000,1453.6847598333334,1451.878,1927.315,2103.318,3709.922,0
slots8,summary.json,all_stages_ms/wallet_block_to_members,90000,102.87841011111111,95.103,227.247,299.981,356.621,0
slots8,summary.json,all_stages_ms/send_to_member_completion,90000,1556.5631699444446,1552.766,2019.865,2203.541,3835.381,0
slots8,summary.json,gateway_ms/send_to_gateway,900,1.496301111111111,0.312,5.941,16.618,164.53,0
slots8,summary.json,gateway_ms/gateway_decode,900,0.38405,0.125,0.644,4.626,35.497,0
slots8,summary.json,gateway_ms/gateway_authorize,900,0.23290222222222223,0.09,0.385,2.739,13.014,0
slots8,summary.json,gateway_ms/gateway_pre_fanout,900,0.6233311111111111,0.22,1.172,8.401,36.409,0
slots8,summary.json,gateway_ms/fanout_to_quorum,900,8.088803333333333,2.297,39.593,76.903,137.292,0
slots8,summary.json,gateway_ms/quorum_to_response,900,0.21592111111111112,0.09,0.392,2.05,15.962,0
slots8,summary.json,gateway_ms/gateway_response_to_wallet,900,0.5447077777777778,0.137,1.919,6.723,44.125,0
slots8,summary.json,selected_member_ms/dispatch_schedule,2700,0.18093333333333333,0.031,0.672,2.848,15.898,0
slots8,summary.json,selected_member_ms/dispatch_to_handler,2700,1.1700307407407406,0.14,5.013,21.449,80.232,0
slots8,summary.json,selected_member_ms/member_decode,2700,0.18342925925925926,0.125,0.405,0.823,7.825,0
slots8,summary.json,selected_member_ms/member_validation,2700,0.3330740740740741,0.237,0.712,0.979,32.126,0
slots8,summary.json,selected_member_ms/validation_to_commit_request,2700,0.0031770370370370372,0.002,0.007,0.014,0.143,0
slots8,summary.json,selected_member_ms/member_update_queue,2700,1.3187959259259259,0.002,3.256,33.558,130.546,0
slots8,summary.json,selected_member_ms/member_update_callback,2700,0.08547333333333333,0.065,0.15,0.215,16.86,0
slots8,summary.json,selected_member_ms/member_update_finish,2700,0.12800851851851852,0.009,0.645,2.557,11.23,0
slots8,summary.json,selected_member_ms/member_sign,2700,0.01787888888888889,0.014,0.041,0.051,0.634,0
slots8,summary.json,selected_member_ms/member_sign_to_response,2700,0.0004014814814814815,0.0,0.001,0.001,0.759,0
slots8,summary.json,selected_member_ms/member_response_to_selected,2700,1.453737037037037,0.456,6.213,16.075,49.921,0
slots8,summary.json,selected_member_ms/member_handler_total,2700,2.0702385185185186,0.479,4.761,38.305,132.475,0
slots8,summary.json,critical_third_vote_ms/dispatch_schedule,900,0.21153555555555556,0.036,0.812,3.025,15.547,0
slots8,summary.json,critical_third_vote_ms/dispatch_to_handler,900,1.9080911111111112,0.276,8.986,28.655,80.232,0
slots8,summary.json,critical_third_vote_ms/member_decode,900,0.22057222222222223,0.127,0.456,1.102,7.825,0
slots8,summary.json,critical_third_vote_ms/member_validation,900,0.40998444444444443,0.239,0.746,1.293,32.126,0
slots8,summary.json,critical_third_vote_ms/validation_to_commit_request,900,0.003512222222222222,0.003,0.008,0.016,0.143,0
slots8,summary.json,critical_third_vote_ms/member_update_queue,900,2.979488888888889,0.002,24.684,53.441,130.546,0
slots8,summary.json,critical_third_vote_ms/member_update_callback,900,0.08347111111111111,0.066,0.155,0.214,1.461,0
slots8,summary.json,critical_third_vote_ms/member_update_finish,900,0.2494488888888889,0.01,1.698,3.651,11.23,0
slots8,summary.json,critical_third_vote_ms/member_sign,900,0.02004222222222222,0.014,0.041,0.064,0.634,0
slots8,summary.json,critical_third_vote_ms/member_sign_to_response,900,0.00099,0.0,0.001,0.001,0.759,0
slots8,summary.json,critical_third_vote_ms/member_response_to_selected,900,1.99979,0.659,8.468,20.577,49.921,0
slots8,summary.json,critical_third_vote_ms/member_handler_total,900,3.96751,0.54,29.51,58.514,132.475,0
slots8,summary.json,selected_http_ms/serialize,2700,0.00992074074074074,0.0,0.001,0.002,14.806,0
slots8,summary.json,selected_http_ms/get_connection,2700,0.19075481481481482,0.001,0.44,4.929,20.625,0
slots8,summary.json,selected_http_ms/connection_to_written,2700,0.07392666666666667,0.003,0.047,1.027,39.132,0
slots8,summary.json,selected_http_ms/written_to_handler,2700,0.4501,0.063,1.584,6.918,41.222,0
slots8,summary.json,selected_http_ms/response_to_first_byte,2700,0.9946229629629629,0.29,4.624,10.654,39.254,0
slots8,summary.json,selected_http_ms/first_byte_to_approval_decoded,2700,0.2447262962962963,0.028,0.278,5.559,48.189,0
slots8,summary.json,selected_http_ms/decoded_to_selected,2700,0.2143877777777778,0.039,0.246,3.765,32.43,0
slots8,backend-summary.json,stages_ms/send_to_first_mempool_enter,1035,168.64231787439613,139.108,449.951,,875.439,0
slots8,backend-summary.json,stages_ms/fast_to_first_mempool_enter,1035,157.11948405797102,121.688,443.43,,873.059,5
slots8,backend-summary.json,stages_ms/send_to_public_delivery,1035,164.25739130434783,134.755,443.167,,874.647,0
slots8,backend-summary.json,stages_ms/public_delivery_to_receive,1035,1.4638743961352656,0.221,5.839,,88.352,0
slots8,backend-summary.json,stages_ms/public_receive_to_mempool_enter,1035,2.9210521739130435,0.819,3.877,,214.39,0
slots8,backend-summary.json,stages_ms/mempool_check,1035,0.0046956521739130435,0.003,0.007,,0.472,0
slots8,backend-summary.json,stages_ms/accepted_to_prepare_enter,1035,289.7370396135266,204.118,612.671,,692.49,0
slots8,backend-summary.json,stages_ms/prepare_block,1035,2.3431739130434783,2.021,3.93,,7.175,0
slots8,backend-summary.json,stages_ms/prepare_done_to_commit_decision,1035,115.19552850241546,112.982,144.215,,191.977,0
slots8,backend-summary.json,stages_ms/decision_to_app_commit_done,1035,268.6691661835749,269.005,353.726,,386.741,0
slots8,backend-summary.json,stages_ms/app_finalize,1035,149.38039903381642,147.679,234.494,,260.561,0
slots8,backend-summary.json,stages_ms/app_commit,1035,111.44703574879227,107.263,183.88,,233.641,0
slots8,backend-summary.json,stages_ms/send_to_app_commit_done,1035,844.6120830917874,843.984,1308.127,,1710.362,0
slots8,backend-summary.json,stages_ms/app_commit_to_wallet_observed,1035,607.1145594202899,612.252,730.407,,778.866,0
slots8,backend-summary.json,stages_ms/app_commit_to_next_header_stored,1035,354.9006896077295,357.320125,434.701083,,512.559708,0
slots8,backend-summary.json,stages_ms/next_header_stored_to_wallet_observed,1035,252.21386981256038,253.442209,345.656083,,430.834,0
slots8,backend-summary.json,committee0_operations_ms/atomic_file_open,309,0.377778857605178,0.10275,2.936834,,6.193083,0
slots8,backend-summary.json,committee0_operations_ms/atomic_file_write_sync,309,0.362293786407767,0.075,2.932458,,4.073292,0
slots8,backend-summary.json,committee0_operations_ms/atomic_file_close,309,0.3214997475728155,0.009416,3.037375,,5.734375,0
slots8,backend-summary.json,committee0_operations_ms/atomic_file_rename,309,0.5803648770226537,0.122292,3.863709,,6.842791,0
slots8,backend-summary.json,committee0_operations_ms/filepv_encode,307,0.016161338762214983,0.015083,0.025625,,0.047958,0
slots8,backend-summary.json,committee0_operations_ms/filepv_save,307,1.6828552084690553,0.37075,7.007792,,11.508166,0
slots8,backend-summary.json,committee0_operations_ms/consensus_state_save,137,0.01562773722627737,0.014167,0.024583,,0.105458,0
slots8,backend-summary.json,committee0_operations_ms/autofile_sync_needed,862,4.587509827146172,3.763833,8.794917,,49.9635,0
slots8,backend-summary.json,committee0_operations_ms/vote_wal_flush,272,5.322787400735294,4.470125,11.177542,,53.945375,0
slots8,backend-summary.json,committee0_operations_ms/vote_sign,272,1.8846613235294118,0.401042,7.086666,,11.6015,0
slots8,backend-summary.json,committee0_operations_ms/internal_message_wal,280,4.873581864285715,3.741042,9.768625,,25.736458,0
slots8,backend-summary.json,committee0_operations_ms/autofile_sync_skipped,47,8.499999999999999e-05,4.2e-05,0.000167,,0.000875,0
slots8,backend-summary.json,committee0_operations_ms/blockstore_save,136,0.2684138455882353,0.170708,0.373042,,5.810541,0
slots8,backend-summary.json,committee0_operations_ms/endheight_wal,136,6.503219661764706,4.63075,17.890375,,37.52025,0
slots8,backend-summary.json,committee0_operations_ms/finalize_history_encode,136,0.006933235294117647,0.006334,0.0125,,0.018375,0
slots8,backend-summary.json,committee0_operations_ms/finalize_history_batch_set,136,0.0006663602941176471,0.000583,0.001042,,0.008375,0
slots8,backend-summary.json,committee0_operations_ms/finalize_recovery_encode,136,0.11895501470588235,0.006459,0.012375,,15.150375,0
slots8,backend-summary.json,committee0_operations_ms/finalize_batch_write_sync,136,0.00574289705882353,0.003959,0.006542,,0.190458,0
slots8,backend-summary.json,committee0_operations_ms/finalize_response_save,136,0.14011855882352942,0.022792,0.046167,,15.3395,0
slots8,backend-summary.json,committee0_operations_ms/commit_mempool_lock,136,0.38053120588235295,0.000334,1.602791,,13.763208,0
slots8,backend-summary.json,committee0_operations_ms/commit_mempool_flush,136,0.0008094632352941176,0.000709,0.001292,,0.006083,0
slots8,backend-summary.json,committee0_operations_ms/proposal_build,34,3.741246382352941,3.274875,5.688708,,8.746042,0
slots8,backend-summary.json,committee0_operations_ms/proposal_parts,34,2.6962365294117645,2.131833,5.363208,,10.094042,0
slots8,backend-summary.json,committee0_operations_ms/proposal_wal_flush,34,4.268455911764706,3.894666,8.100292,,8.816917,0
slots8,backend-summary.json,committee0_operations_ms/proposal_sign,34,0.39236779411764705,0.387208,0.430417,,0.572542,0
slots8,backend-summary.json,committee0_operations_ms/proposal_batch_wal,112,3.5921417410714285,3.344333,4.557583,,18.658875,0
slots8,gateway-summary.json,/stages_ms/ready_to_offer,1017,,0.112,0.834,,43.072,
slots8,gateway-summary.json,/stages_ms/ready_to_task,1017,,74.287,410.067,,853.079,
slots8,gateway-summary.json,/stages_ms/task_database_read,1017,,0.011,0.294,,8.177,
slots8,gateway-summary.json,/stages_ms/task_verify,1017,,0.223,0.992,,63.155,
slots8,gateway-summary.json,/stages_ms/ready_to_submit,1017,,115.642,432.71,,853.395,
slots8,gateway-summary.json,/stages_ms/public_http,1017,,2.17,15.155,,183.543,
slots8,gateway-summary.json,/stages_ms/save_total,1017,,0.234,6.035,,72.237,
slots8,gateway-summary.json,/stages_ms/save_queue,1017,,0.002,2.866,,47.531,
slots8,gateway-summary.json,/stages_ms/payer_get_conn_wait,900,,0.002,0.006,,13.24,
slots8,gateway-summary.json,/stages_ms/payer_write,900,,0.005,0.019,,2.216,
slots8,gateway-summary.json,/stages_ms/payer_written_to_handler,900,,0.287,5.785,,164.518,
