fact,scheduled,sent,received,accepted,fast,commit,wallet,member
8fe95e8a1f91789b1c07876ae843a13d4ff1c79d5e69d369d8328d53d79a94c6,1789808449121716000,1789808449121778000,1789808449139591000,1789808449140639000,1789808449154619000,1789808449519599000,1789808449954855000,1789808449981469000
dee42da373a125282c90600024c8067f5d1deb9c9a37ad425fe5145c04ccfe05,1789808449146716000,1789808449146827000,1789808449185526000,1789808449186327000,1789808449207603000,1789808449993584000,1789808450482831000,1789808450538672000
0231f40d15946e01dca23aeb239ecf5839edc38ec5784f100d1e04f740d1a3c9,1789808449171716000,1789808449171893000,1789808449204503000,1789808449205345000,1789808449237703000,1789808449993584000,1789808450487853000,1789808450539648000
ec98e1442ed0fffa737a64ca30dcd8d5b798fc8bd2f34e17c6c70f6c3bc575ff,1789808449196716000,1789808449197413000,1789808449277526000,1789808449278336000,1789808449311816000,1789808449993584000,1789808450486843000,1789808450538655000
487b60ccdb131eadb58f1bf66adca290aa31b22af4a99ec58489fa9598b354db,1789808449221716000,1789808449222022000,1789808449308502000,1789808449309226000,1789808449336601000,1789808449993584000,1789808450486782000,1789808450538871000
5f6e001cf1b853d1299a4de9b8940b376ab0304c5d1dff43b361a08b33fc040a,1789808449246716000,1789808449248099000,1789808449280493000,1789808449281192000,1789808449336590000,1789808449993584000,1789808450486802000,1789808450538663000
486ce75fa1f64cdd4e0de206d080124963ae190dfc111ebb9f3383ec045f3dbf,1789808449271716000,1789808449271797000,1789808449320475000,1789808449321278000,1789808449353593000,1789808449993584000,1789808450478694000,1789808450538666000
8d9279fc1f18918fc9f1d7b7698b163d8d7637d5a3ec81378b54088d42fedb69,1789808449296716000,1789808449298727000,1789808449357520000,1789808449358337000,1789808449380634000,1789808449993584000,1789808450481220000,1789808450538551000
af8112a7e9d1bb7d6f92f67b0897d151cbd08ca9f49b4b9b7aa858a362ee3d47,1789808449321716000,1789808449322206000,1789808449387700000,1789808449388515000,1789808449406691000,1789808450537568000,1789808451056898000,1789808451155033000
a4a2cc19ce501964e52470aa7fdc2c51c303e8bc2bb722468c7fda1b8785e732,1789808449346716000,1789808449347907000,1789808449403043000,1789808449403805000,1789808449422642000,1789808450537568000,1789808451047804000,1789808451155705000
8f7c78f6fe30e1e53803e697bc7de615c4ac2a53daf89d331ae017c3d970f26c,1789808449371716000,1789808449372370000,1789808449434540000,1789808449451389000,1789808449471744000,1789808450537568000,1789808451046850000,1789808451155717000
15368de245cf354c169b1b4eaa6ed39975eaee7c296d871bc147c01a38638be6,1789808449396716000,1789808449396898000,1789808449506124000,1789808449526875000,1789808449519610000,1789808450537568000,1789808451044848000,1789808451155546000
c18075be56823222d6dbcf8e5b6ba4de0ce23d48126b5631ff26075643a9177c,1789808449421716000,1789808449421804000,1789808449533194000,1789808449534174000,1789808449544647000,1789808450537568000,1789808451044837000,1789808451155058000
711100ea4ade1d7d186974844b2feef5a334bd33f99dbb303716579eca2009d8,1789808449446716000,1789808449446921000,1789808449585284000,1789808449586065000,1789808449619634000,1789808450537568000,1789808451044824000,1789808451155722000
9f6dbf09e383340691720e5bba23a8977493e6b724573f6a3f6bb57abf60143d,1789808449471716000,1789808449471809000,1789808449533965000,1789808449534846000,1789808449569626000,1789808450537568000,1789808451044852000,1789808451155710000
0b634f7b2525443cdb5ee6e680aef2db9b7496196f25e3bdf34b7a9796ae5036,1789808449496716000,1789808449498482000,1789808449608611000,1789808449609484000,1789808449635661000,1789808450537568000,1789808451035915000,1789808451155701000
89e2cacd9a2a98dc52b798d15c55707e7e684027a5f95c2f96a2134cfd28c587,1789808449521716000,1789808449522522000,1789808449646402000,1789808449647223000,1789808449710637000,1789808450537568000,1789808451035901000,1789808451155046000
666f6cfe4542dca14e8caa3ed30ac260a577bdce219d0045683d5f441b383a74,1789808449546716000,1789808449546795000,1789808449668668000,1789808449669476000,1789808449710648000,1789808450537568000,1789808451035887000,1789808451155553000
88174953cbb78ed1b335c7a9108d137b2e22040ab1c1b3f6dcad895a8708ff97,1789808449571716000,1789808449571785000,1789808449641012000,1789808449641829000,1789808449677652000,1789808450537568000,1789808451053019000,1789808451155726000
ee951d887255ef2235895ee7a224e12a4a55152a3182015f0679939a1a7a7942,1789808449596716000,1789808449597099000,1789808449678470000,1789808449679283000,1789808449736790000,1789808450537568000,1789808451036806000,1789808451155038000
47f9cdf5f151d7eb4db62ab1ba6ccb81edb7916d13c77415255e46b8050f1626,1789808449621716000,1789808449622004000,1789808449686457000,1789808449687192000,1789808449736767000,1789808450537568000,1789808451036811000,1789808451155714000
06d3ae9c0b79f75335addbca77cbc7974f6a87731b6208b88c9dd8476e82556e,1789808449646716000,1789808449646928000,1789808449750518000,1789808449751360000,1789808449786674000,1789808450537568000,1789808451036787000,1789808451155089000
65b408e4863b27ca5a0cc707cbb45fee2aec2ea0823396678d0670af69ccc14c,1789808449671716000,1789808449672201000,1789808449785245000,1789808449786049000,1789808449813597000,1789808450537568000,1789808451039082000,1789808451155050000
15883759fbbfeb2821f4db9c2f26f0882aaa28e4db5849558c1f6410b97df34f,1789808449696716000,1789808449696872000,1789808449785244000,1789808449786751000,1789808449813604000,1789808450537568000,1789808451038997000,1789808451155730000
be27c9feb6ea291c509dc16a7a58011ee45d5f458a86ebc0f7b40be35b053912,1789808449721716000,1789808449722079000,1789808449785619000,1789808449787502000,1789808449813600000,1789808450537568000,1789808451039020000,1789808451155057000
9715c6cc768334ff9ac64d23310e1b286325f7c0f0d0b9dc4109431182c5582f,1789808449746716000,1789808449746867000,1789808449818479000,1789808449819270000,1789808449838623000,1789808450537568000,1789808451039057000,1789808451155044000
6658570b1beab54f168cef51d1919ce2115b79f6b2be76a2943ea10eb7b62f8a,1789808449771716000,1789808449771780000,1789808449821447000,1789808449822251000,1789808449865611000,1789808450537568000,1789808451040849000,1789808451155039000
84a0385f2fbdaadb489cd4584cd6615f6a2cc7b66c29419f390426aef7266f79,1789808449796716000,1789808449796831000,1789808449907914000,1789808449908711000,1789808449934617000,1789808451111568000,1789808451623917000,1789808451661541000
5de4702858bac85ac99b020d6c692a867995ee072747306a66769c9760963626,1789808449821716000,1789808449821941000,1789808449925568000,1789808449927595000,1789808449961673000,1789808451111568000,1789808451624088000,1789808451668332000
29d2f417ef7be7315aeeb032ecf27ed924f4623615d956bcd150e9b0bf03c4eb,1789808449846716000,1789808449846813000,1789808449925498000,1789808449926950000,1789808449961661000,1789808451111568000,1789808451624064000,1789808451668392000
9e433f1f9af8c4b1be7f43b907a8e48e09a451874b7076486f13093858d2b41f,1789808449871716000,1789808449872274000,1789808449925420000,1789808449926272000,1789808449961645000,1789808451111568000,1789808451624076000,1789808451668335000
c082fbe93f9cc347d6485c641d8cd1f9cd0d05952d27a3780a5a40e4874896ce,1789808449896716000,1789808449896803000,1789808449952506000,1789808449953271000,1789808449980606000,1789808451111568000,1789808451607362000,1789808451661535000
da72c9beab0321b8f882a6cfcb85b1f9736e44ab0ea0886a9cf15e05b9d0d540,1789808449921716000,1789808449921969000,1789808450038138000,1789808450039599000,1789808450097621000,1789808451111568000,1789808451607317000,1789808451648439000
7696f989d10bfaf9dde628be2d5a2827a15aea4537f8b5f0a86b100f60485dcc,1789808449946716000,1789808449947249000,1789808450038152000,1789808450040344000,1789808450097625000,1789808451111568000,1789808451622666000,1789808451648468000
195cd049a1ea64a0786a41097a999bd02a18634b4c18128a961cff97cae90ff5,1789808449971716000,1789808449972155000,1789808450067422000,1789808450068222000,1789808450097629000,1789808451111568000,1789808451622659000,1789808451648406000
1dc2f02cb9a5a5c89ae0e96877b6ac4afddf5f7a08859ea5aa2a49e8a6254b8a,1789808449996716000,1789808449997048000,1789808450038086000,1789808450038905000,1789808450080611000,1789808451111568000,1789808451607241000,1789808451661413000
c9a51e13f703163de16d87076bc4a00efe16cff6c0e0ec3eaa97389eea7057e1,1789808450021716000,1789808450022031000,1789808450067473000,1789808450068912000,1789808450097619000,1789808451111568000,1789808451607173000,1789808451648449000
790a48b0a7fbaf25712e9c39b03b324dcfc4ca9140f90c60837bcb3f039d863b,1789808450046716000,1789808450047232000,1789808450109439000,1789808450110228000,1789808450145607000,1789808451111568000,1789808451620667000,1789808451700156000
ee96f64545e9d3785a164a7572c9463ea6934e57abdb7bb1d2d4fa56ce3a7b58,1789808450071716000,1789808450071794000,1789808450140780000,1789808450141568000,1789808450168648000,1789808451111568000,1789808451607118000,1789808451700151000
8062412fc86fbfc5d637dfc605e8f29d900607e5a08527bed9dcb8f38a356ebe,1789808450096716000,1789808450096735000,1789808450141146000,1789808450142251000,1789808450188617000,1789808451111568000,1789808451624143000,1789808451668299000
c7c880958c106e40f2b172baea4aaa0608174f91ddfca303805917e8ac855159,1789808450121716000,1789808450128152000,1789808450189539000,1789808450190334000,1789808450215589000,1789808451111568000,1789808451624200000,1789808451668350000
bf511e98a170e8db2c0d7552a5e5d32812bd5a8bf2cd1fd64d52c011fe2c951c,1789808450146715999,1789808450146794000,1789808450224817000,1789808450225620000,1789808450246610000,1789808451111568000,1789808451621798000,1789808451700141000
f73c7478c679c8819b26bf3d64f2381a85c4b4ef7c76462912cc0a2fed7fb7b1,1789808450171716000,1789808450171785000,1789808450266017000,1789808450266849000,1789808450275679000,1789808451111568000,1789808451625926000,1789808451651289000
b8873634ca1d29fd5030e2e7796624d6fca2960470cd936e1c7ef94344952792,1789808450196716000,1789808450196920000,1789808450270548000,1789808450271338000,1789808450309662000,1789808451111568000,1789808451623888000,1789808451661508000
728a51c4a87f09941fe7c40f1ba04730dca737b8266dc4805b034e6a9ea000e0,1789808450221716000,1789808450221745000,1789808450283632000,1789808450284347000,1789808450332640000,1789808451111568000,1789808451623832000,1789808451661425000
aea1a414830d32fc4a8bf0881fc89b720a140a159c95383a58aabbc3c8c167e5,1789808450246716000,1789808450246880000,1789808450310331000,1789808450311119000,1789808450332633000,1789808451111568000,1789808451607657000,1789808451661534000
bc9c517731e9c1abfb45b2a2d22f48396ac7c17b3f75ecf280a4d6d49a2c9a61,1789808450271716000,1789808450271870000,1789808450360437000,1789808450361245000,1789808450383645000,1789808451111568000,1789808451623850000,1789808451661558000
128a3a5062ec6610327205d09a4ddb27968b5198644b2da37bd7abcf2c7c54d9,1789808450296716000,1789808450296710000,1789808450387766000,1789808450388547000,1789808450417702000,1789808451705613000,1789808452242790000,1789808452309046000
69b54e84484e0db16ad576e597842eed9273f4707b1c66b72bf9423253aa98be,1789808450321716000,1789808450321851000,1789808450404499000,1789808450405293000,1789808450452611000,1789808451705613000,1789808452253180000,1789808452308888000
5e557866841b5a3bc5edca6765f44e18e41a5ca50aac61ae8e0c916ac6f26f76,1789808450346716000,1789808450346748000,1789808450393610000,1789808450394411000,1789808450452620000,1789808451705613000,1789808452253162000,1789808452320119000
0864c6a8c7f38d98fa5aad9cf10da0e519b0ee969ea88d4df9fec567a7c84e13,1789808450371716000,1789808450371721000,1789808450444167000,1789808450444996000,1789808450502589000,1789808451705613000,1789808452252647000,1789808452287002000
6f4270728dbef102fb53e881c57d52ab6fecf72ce2cc0d4c7b134f28b8cd734a,1789808450396716000,1789808450396892000,1789808450539498000,1789808450554096000,1789808450585716000,1789808451705613000,1789808452260856000,1789808452309052000
c9636ea064c22477a098ff8c1d455b66eb75a741461257ee0b5bdab3ccd986e7,1789808450421716000,1789808450432977000,1789808450539583000,1789808450554812000,1789808450585700000,1789808451705613000,1789808452260835000,1789808452308918000
74597da5b897490f6f1047de6f700ad54201ab61a729ec3682f3b93f13ff6449,1789808450446716000,1789808450453064000,1789808450556545000,1789808450557938000,1789808450585694000,1789808451705613000,1789808452260851000,1789808452308870000
45883583146cfd4fe5b10e57ffdebdb22221cf0e67ab9e850c5e1043fd780e66,1789808450471716000,1789808450471849000,1789808450539579000,1789808450555488000,1789808450563675000,1789808451705613000,1789808452241753000,1789808452308940000
4c4747ad6705d6b4c2c83683badf52d81bb818bc3e878c13ae5ad91b234a6c44,1789808450496716000,1789808450496834000,1789808450556455000,1789808450557279000,1789808450585712000,1789808451705613000,1789808452260814000,1789808452308933000
85095704ddb353e25fdfe3a1e86a1c7f19ea540264490187d3ca9495a365d0f0,1789808450521716000,1789808450521854000,1789808450595060000,1789808450595882000,1789808450630612000,1789808451705613000,1789808452255670000,1789808452308934000
898500841438f535fec42483afef8776cd1d6b7ca6fb7f584ab4254e365e9f16,1789808450546716000,1789808450546872000,1789808450625512000,1789808450626325000,1789808450657714000,1789808451705613000,1789808452257716000,1789808452308884000
018ae5089f019f1c5c0dfa9382773c0212c4cfdf92b9b070526b8fc6c9500c09,1789808450571716000,1789808450571875000,1789808450665403000,1789808450666199000,1789808450679642000,1789808451705613000,1789808452254774000,1789808452309103000
7a01c242c1768d602a7cc53b6d2f51ccc401b2e3068b4155bb3bdecf76ddb3f7,1789808450596716000,1789808450596774000,1789808450694312000,1789808450695126000,1789808450761643000,1789808451705613000,1789808452261790000,1789808452308912000
f7e765b4b88cb1e46dfee9135426c48122c286f20eca0e46ea65d486fb3c4bb1,1789808450621716000,1789808450621897000,1789808450694448000,1789808450695818000,1789808450720621000,1789808451705613000,1789808452245719000,1789808452271190000
65dcbaa089f3be435c2f3f2d2ddac2b45e2bf8c959d93cf4a4905b383a9c7f40,1789808450646716000,1789808450646747000,1789808450721480000,1789808450722288000,1789808450775725000,1789808451705613000,1789808452251642000,1789808452308877000
df9f61d65a9f252c3a4a80f8296afb3e631cf38250b916e1f042fcee5fd594b9,1789808450671716000,1789808450671736000,1789808450741449000,1789808450748367000,1789808450775715000,1789808451705613000,1789808452251628000,1789808452309023000
7920ee182d529cd70fdcf19d5dd1ff9ce358381339c2e7268fcd02b11c2fdb45,1789808450696716000,1789808450696746000,1789808450802553000,1789808450803373000,1789808450819629000,1789808451705613000,1789808452244738000,1789808452270564000
6b1bd63b94b4823b5ad1579787a34f56f15b0a4f6191fa16bfb92cb3ad775a00,1789808450721716000,1789808450721731000,1789808450843157000,1789808450844647000,1789808450878596000,1789808451705613000,1789808452253654000,1789808452309056000
89fecffe36c7554897834a09e645633f0f377e29bea18d2fd699236de9478981,1789808450746716000,1789808450746817000,1789808450843104000,1789808450843952000,1789808450878599000,1789808451705613000,1789808452253689000,1789808452308919000
194c8ae0cb1cb29dd7f8a556918c5f8d9d57f0503b2cc80449a5f6fd6bc51d85,1789808450771716000,1789808450771868000,1789808450808527000,1789808450809365000,1789808450846598000,1789808451705613000,1789808452246797000,1789808452272297000
4425404e8e82d7772e83a1ea1fb0044ca800c4e5dbf214266f2de5bc09ccf419,1789808450796716000,1789808450796740000,1789808450843169000,1789808450845351000,1789808450878625000,1789808451705613000,1789808452253670000,1789808452308906000
938c62f1fb31431a8daf66f64b2647899b9b7e65b4da550b52905847d6b78d5a,1789808450821716000,1789808450821711000,1789808450895429000,1789808450896240000,1789808450922707000,1789808451705613000,1789808452247806000,1789808452273350000
2faf45a152676440f8cf92f59d22e3f778721b782282058c375b23f0db3acce7,1789808450846716000,1789808450846828000,1789808450952445000,1789808450953269000,1789808450974010000,1789808451705613000,1789808452249006000,1789808452284389000
23f3b4a1bcaa552a8172f364b9b05cc6f3b955e8484a4ba59ced8aec2abcdb1e,1789808450871716000,1789808450871853000,1789808450971548000,1789808450972325000,1789808451000664000,1789808451705613000,1789808452250800000,1789808452308879000
6d8b6310ced79501c431bb7d77ede927633faed190504347c7bc9f0de064fb6f,1789808450896716000,1789808450896874000,1789808451007771000,1789808451008582000,1789808451073713000,1789808451705613000,1789808452248845000,1789808452284462000
1a218b246fbe8907fec0764ea6cc48855de99b811825ccea10b6260fe9ef267c,1789808450921716000,1789808450922716000,1789808451008174000,1789808451009923000,1789808451073682000,1789808451705613000,1789808452248850000,1789808452284531000
de3a9f5cb1bfc76f5033984db04c9ee220e8cb1494bc48d55a03c1c5fe88dc3c,1789808450946716000,1789808450946859000,1789808451007869000,1789808451009258000,1789808451073638000,1789808451705613000,1789808452248827000,1789808452284456000
bb3d8b91af8ff278711d3a6389658b11b98faa7c0172bb29b24663a63c90cf60,1789808450971716000,1789808450971810000,1789808451179942000,1789808451180741000,1789808451222678000,1789808452448626000,1789808452900075000,1789808452929004000
bc26e415fed58c5fbb7433ad3028044798f5dcb3e0d96afdd46967310e7902c0,1789808450996716000,1789808450996724000,1789808451180140000,1789808451182031000,1789808451222666000,1789808452448626000,1789808452900152000,1789808452944381000
06b21c124c40cc297a8b2d9b6660bf0ffae13fcbcf8d959218ed8f7eb15ba630,1789808451021716000,1789808451021801000,1789808451180101000,1789808451181362000,1789808451222708000,1789808452448626000,1789808452900059000,1789808452928999000
4aa8cedc74f293858f06a176a6c130b4f5330836ccd11c82ed585d3c09c141f6,1789808451046716000,1789808451046857000,1789808451197700000,1789808451198562000,1789808451222663000,1789808452448626000,1789808452900093000,1789808452944352000
dafdb26b1533ec88c1e53d8b2b1b5e8eb73677f37264e46f764f6bbc765f2361,1789808451071716000,1789808451073803000,1789808451156244000,1789808451171709000,1789808451197588000,1789808452448626000,1789808452900124000,1789808452933892000
7a383e78fb2d2fe095a82a252e3422b628f16d4af71658269ad74146a017b394,1789808451096716000,1789808451096868000,1789808451210937000,1789808451211905000,1789808451222667000,1789808452448626000,1789808452900141000,1789808452944337000
da8d6a23d1accad45767e4a82d29c2b5aa89d5e31046b25b7bcaa157d8657039,1789808451121716000,1789808451121844000,1789808451198385000,1789808451199221000,1789808451222712000,1789808452448626000,1789808452900099000,1789808452944329000
6487f654af0669ea3fa8563fc9f290aac4538d6fe70ef306944d629954e97c35,1789808451146716000,1789808451146707000,1789808451210973000,1789808451212590000,1789808451249599000,1789808452448626000,1789808452899629000,1789808452918779000
9ce52a8c08c5d8c50b16b7cd794241d8ee2f16505dc4853be9925e2bb7ad13cc,1789808451171715999,1789808451171822000,1789808451267737000,1789808451268544000,1789808451296578000,1789808452448626000,1789808452900014000,1789808452922516000
2633d6dbb512c97901f19a9929eb6f711e72cbb3cc007f2507b825f1944afbf7,1789808451196716000,1789808451196814000,1789808451287627000,1789808451294859000,1789808451320606000,1789808452448626000,1789808452899947000,1789808452922353000
8f7d131a6e5ad53025e8b9d459cbb5f16d6b2e87bce9a08213f683834927bfbd,1789808451221716000,1789808451221874000,1789808451317566000,1789808451319007000,1789808451338579000,1789808452448626000,1789808452913746000,1789808452933874000
e95e15919199403e1c2952d379fd07510422836b4d0a60b385a1cca956d0b1a2,1789808451246716000,1789808451246704000,1789808451317564000,1789808451318362000,1789808451338582000,1789808452448626000,1789808452913762000,1789808452933849000
1e0fcf0081d8c61e9fe65efd7de89a865fc8a5f7f38820e2436594e310314a30,1789808451271716000,1789808451271864000,1789808451351546000,1789808451352240000,1789808451384598000,1789808452448626000,1789808452910044000,1789808452922279000
4a174fec78b788f01a527e30065e73ef747b49df3b4dd9c3c1a372fd69e05576,1789808451296716000,1789808451296747000,1789808451372993000,1789808451373783000,1789808451404580000,1789808452448626000,1789808452904658000,1789808452933968000
332b28b661565f4b7bf88eaf20e65b211f22e28ef52105f9f4717d496406e9e6,1789808451321716000,1789808451321732000,1789808451434772000,1789808451435573000,1789808451475646000,1789808452448626000,1789808452901026000,1789808452929049000
419d1a87d4b74071c709a73875f21eee3022abd9aef787acb2f6ebbbfcd73d42,1789808451346716000,1789808451346824000,1789808451409547000,1789808451410349000,1789808451439634000,1789808452448626000,1789808452914859000,1789808452918804000
a0cbcc5a9bb7033d15e0349871b4140926860c8ebba1a2f04856e5ea7eda907a,1789808451371716000,1789808451371758000,1789808451455535000,1789808451456342000,1789808451500639000,1789808452448626000,1789808452900730000,1789808452928846000
b879745da3422aeb1b80b5fd048ac99f41dc9457e7bc3424953c08610a793af7,1789808451396716000,1789808451396739000,1789808451504952000,1789808451505775000,1789808451518634000,1789808452448626000,1789808452899853000,1789808452918773000
0ca1b4ebea0f4c50c748d2f826dbfb18a51a5668716ec0db45a3cb74317164bb,1789808451421716000,1789808451421828000,1789808451527774000,1789808451528573000,1789808451564653000,1789808452448626000,1789808452914837000,1789808452929061000
540416f558716656d73a5a0dcfa5b0630ae5600d9c57e71179794260df84389d,1789808451446716000,1789808451446842000,1789808451571190000,1789808451571997000,1789808451587641000,1789808452448626000,1789808452912799000,1789808452929059000
80b850a60add1f999cab999322e98131da2741f49cdfcd220ec7eb13ebef93ee,1789808451471716000,1789808451471708000,1789808451571282000,1789808451572664000,1789808451623623000,1789808452448626000,1789808452900172000,1789808452928994000
bfd1e0bd98567f6966c5082d5bc3500946cb8bb0ff659e9e88e6ea86150d28e6,1789808451496716000,1789808451496706000,1789808451598696000,1789808451638138000,1789808451643541000,1789808452448626000,1789808452899842000,1789808452922284000
25812ffe3a8ed8ff92ea8c67a10a1e97ff88c6e88eebc8a9fc2bc4bbe643f43b,1789808451521716000,1789808451521727000,1789808451575358000,1789808451576152000,1789808451623624000,1789808452448626000,1789808452900187000,1789808452928976000
8e833c1ae9646b534b4c48890bced9267cc76aedd094f1d773102f920a754c40,1789808451546716000,1789808451546852000,1789808451631468000,1789808451638811000,1789808451678597000,1789808452448626000,1789808452903717000,1789808452933863000
5465a3d0bf788346f18ef5d36e95863aff911385dcedf95d1720b41a338137e6,1789808451571716000,1789808451571844000,1789808451700796000,1789808451720672000,1789808451747582000,1789808452448626000,1789808452900114000,1789808452933837000
06197dee570d1a714246316e06c586e0f26f3cdc798b85037c4e8397b8e8e206,1789808451596716000,1789808451607015000,1789808451773325000,1789808451775351000,1789808451803617000,1789808453013560000,1789808453478649000,1789808453504788000
577ebb5a0fe2103b90a022d73d1f3703ad0c0f945f2ddb7fa1f9bfe8ecab11c3,1789808451621716000,1789808451624224000,1789808451700825000,1789808451721301000,1789808451726595000,1789808452448626000,1789808452901731000,1789808452922341000
4b837d24ce4e56fb6738103306fd037bd06c1837fa4aa993004f60431027c470,1789808451646716000,1789808451646746000,1789808451773234000,1789808451774029000,1789808451803621000,1789808453013560000,1789808453478624000,1789808453504807000
895d09e4d97f0d323dc1f6fe5394ae8e0499d8b34effbb0a427aad7d8dedf5be,1789808451671716000,1789808451671808000,1789808451752369000,1789808451753156000,1789808451776592000,1789808453013560000,1789808453476659000,1789808453504475000
4450f2b09369a1ce7509aebb8f741ba62ac23e0f935f1f2ced7d919061099561,1789808451696716000,1789808451696773000,1789808451773294000,1789808451774683000,1789808451803619000,1789808453013560000,1789808453478628000,1789808453504819000
ab302a328d7ceb82119586d003e2988f5f25c5edb96a7ba448f466a1d589e53d,1789808451721716000,1789808451721808000,1789808451817438000,1789808451818233000,1789808451840612000,1789808453013560000,1789808453490657000,1789808453516272000
7da64863841dbcbe664f4c952dce29ffef339cb300ab3bb2e310e3e2a5f3b592,1789808451746716000,1789808451746788000,1789808451838659000,1789808451839394000,1789808451866894000,1789808453013560000,1789808453491948000,1789808453517517000
3df6d1549a8377681482dbbaf22aaff166551e32c5bf8afc805785def82cfb91,1789808451771716000,1789808451771718000,1789808451890528000,1789808451891319000,1789808451942583000,1789808453013560000,1789808453492695000,1789808453518111000
adfe30d018298f37b3664299350faf64ce6339847fd21ba804f875c1cd542ac0,1789808451796716000,1789808451796702000,1789808451874393000,1789808451875187000,1789808451919640000,1789808453013560000,1789808453494671000,1789808453520316000
7f20320257f6d09f28fe4a05bb6985fd3636c698473b5497357764c01f12743b,1789808451821716000,1789808451821719000,1789808451894566000,1789808451895361000,1789808451942593000,1789808453013560000,1789808453492670000,1789808453518120000
a4467190f61e4892ce767210c512eee2e6de10d46cde43586c5d340776b00cbd,1789808451846716000,1789808451846714000,1789808451923628000,1789808451924437000,1789808451964702000,1789808453013560000,1789808453489752000,1789808453515258000
6b0610060a13309e31bccb7d6e4c20209ff846d4455125c25c1ec3c1fbabf00b,1789808451871716000,1789808451871811000,1789808451926517000,1789808451943107000,1789808451964698000,1789808453013560000,1789808453489731000,1789808453515254000
43a495b4f9b54b1b16677ae86ac6a9e16cb212f2631ea1aea63f5ace0cf5d5ef,1789808451896716000,1789808451896787000,1789808451980551000,1789808451981343000,1789808451999679000,1789808453013560000,1789808453474689000,1789808453504474000
f3957d824518b4364b8dee94ee9258bd98643848618effa0fcd53624a4cba04f,1789808451921716000,1789808451921770000,1789808451980556000,1789808451982034000,1789808452024582000,1789808453013560000,1789808453499757000,1789808453504464000
21f4e68dcf58b2974caad12bdbabf97311031c7ab5fd9a9d07277a5cd63ce370,1789808451946716000,1789808451946746000,1789808452029478000,1789808452030264000,1789808452079571000,1789808453013560000,1789808453479706000,1789808453505141000
9f6083ecdf3082d135864d5beaba418793e1b888114e3785a194619abfc1780f,1789808451971716000,1789808451971822000,1789808452019649000,1789808452020430000,1789808452049898000,1789808453013560000,1789808453474965000,1789808453504463000
a2d6e46ef4c52d9a6ea7e2ede21d29e7aa6e753510880330e98a05e031cbd6c4,1789808451996716000,1789808451996704000,1789808452070358000,1789808452071154000,1789808452102770000,1789808453013560000,1789808453477793000,1789808453504523000
0acef2e5ed04e6bb6837a695b3860cb3ed63295659b150fa3cd59fbf3b5a323d,1789808452021716000,1789808452021839000,1789808452113252000,1789808452114065000,1789808452134638000,1789808453013560000,1789808453485163000,1789808453510863000
a9c15e3f1afc5c3a177e60088c2a37e69c830aa1bef24c8b779bb3e933c2255d,1789808452046716000,1789808452046737000,1789808452113616000,1789808452114783000,1789808452164613000,1789808453013560000,1789808453489746000,1789808453515252000
6ea1356ba3087339c8aafe5968d9bb4c101fc5a6d606e670279b8a3807163fe9,1789808452071716000,1789808452071706000,1789808452165580000,1789808452166362000,1789808452195612000,1789808453591563000,1789808454170812000,1789808454222415000
175629546a5ebe4ff49d5fb49ffeec67213c4496449853677136e63177af65de,1789808452096716000,1789808452096805000,1789808452196512000,1789808452197252000,1789808452217624000,1789808453591563000,1789808454167800000,1789808454228076000
10784a8714b5504d81bfdee124c1d0ce0db40e1db819562389e74089e2dd6693,1789808452121716000,1789808452134928000,1789808452221440000,1789808452259601000,1789808452273642000,1789808453591563000,1789808454173687000,1789808454227667000
a71844ca3943535f155d098540860d3c78e7599e387c64a3bbf5e99e0e2c4d22,1789808452146716000,1789808452146814000,1789808452196676000,1789808452197888000,1789808452251593000,1789808453591563000,1789808454176639000,1789808454227671000
e81423ba7f961a840c0a883138103ddbb256e975e0f1191fd95bb2e4988a7da1,1789808452171716000,1789808452171783000,1789808452252534000,1789808452260267000,1789808452311622000,1789808453591563000,1789808454161668000,1789808454162248000
81659f173f6abdd499ab16eff85edd7479d1f11ea1007f14f437498590c82720,1789808452196716000,1789808452196716000,1789808452320489000,1789808452465530000,1789808452365596000,1789808453591563000,1789808454165658000,1789808454194871000
4668d574dab60cae1c6356a275e52a76fcb782615a26457eb6fa7ad06572c05b,1789808452221716000,1789808452221754000,1789808452360565000,1789808452466853000,1789808452396631000,1789808453591563000,1789808454171787000,1789808454194861000
1d3e225dfdf6ee8a0ae88fedabdc934d9c5240c19b730692f8555e09435c429b,1789808452246716000,1789808452246786000,1789808452297648000,1789808452298451000,1789808452336702000,1789808453591563000,1789808454161689000,1789808454162258000
b8bcd7282770db78b3c54a811d543fa3aaadbd5cbc50f3cd7a3a13ad0492edd7,1789808452271716000,1789808452271715000,1789808452360561000,1789808452466188000,1789808452396623000,1789808453591563000,1789808454171813000,1789808454201897000
7345c0b47a47f8ff177754b801cb8e59e851f4410b181e592f3957889bece121,1789808452296716000,1789808452296781000,1789808452349829000,1789808452464794000,1789808452396627000,1789808453591563000,1789808454171818000,1789808454194915000
4ca90c30d9849e8ee9f1fc29f18c311c00127c40c6c5ee5b5a247ee7c6a985a5,1789808452321716000,1789808452321820000,1789808452483634000,1789808452484428000,1789808452444667000,1789808453591563000,1789808454169685000,1789808454201942000
85d5986cd5ebbbb6ec349010d513dbd0addad5629f207e8e289c7792f9fcf758,1789808452346716000,1789808452346791000,1789808452483816000,1789808452486461000,1789808452419638000,1789808453591563000,1789808454169680000,1789808454201838000
360e9eb669b2a9129764c1f74700eacc417c6f2f5709df9dd82af2a89f5d4cf6,1789808452371716000,1789808452371689000,1789808452483685000,1789808452485758000,1789808452479627000,1789808453591563000,1789808454179971000,1789808454227793000
685b5891208adef76c74b4eb97125998386339628b2b970a5b8a9fb4351c761c,1789808452396716000,1789808452396815000,1789808452483639000,1789808452485081000,1789808452505610000,1789808453591563000,1789808454155629000,1789808454228040000
c25ff61485b2f5449a894ad3975d8387d359da1e1927e5a204cfd393dffbd737,1789808452421716000,1789808452421817000,1789808452484942000,1789808452487136000,1789808452505588000,1789808453591563000,1789808454155621000,1789808454227621000
f126caf8140d64c9c4353e262dd47915fd643dd3bc68fe6f63e235726f6cf2da,1789808452446716000,1789808452446752000,1789808452499510000,1789808452500279000,1789808452529554000,1789808453591563000,1789808454179736000,1789808454227602000
1583b15a73d8d11f2e35c456717ac4c3599fa827e9b66a5828a36fd40ba1d8f1,1789808452471716000,1789808452472680000,1789808452573817000,1789808452575207000,1789808452606598000,1789808453591563000,1789808454156632000,1789808454201860000
c15862618ea7ed5903b83822b1b690dcd71d9dbf5f6270074980d63f5d91cafb,1789808452496716000,1789808452496775000,1789808452573790000,1789808452574534000,1789808452591689000,1789808453591563000,1789808454166838000,1789808454201875000
89536d78eb99e7eb5cd12372b5d9ff97d15460c4ecd4e26af7680f21a66d5823,1789808452521716000,1789808452521682000,1789808452574131000,1789808452575881000,1789808452606604000,1789808453591563000,1789808454156648000,1789808454228042000
59f66a0e767c94d237ed1e71a9e77554cf7db450ab674628ac2282ee0b2e8b6c,1789808452546716000,1789808452546802000,1789808452589748000,1789808452590531000,1789808452606595000,1789808453591563000,1789808454156613000,1789808454222190000
d08343277f76115be27753f60f463f2698ad533c9a0bdffc152d3455d8617ade,1789808452571716000,1789808452571680000,1789808452610533000,1789808452611311000,1789808452632596000,1789808453591563000,1789808454157633000,1789808454201682000
de981bd8244ab5d5c98d0937f081c76ce27fb6502b20b3263c8a68a0c739f3c3,1789808452596716000,1789808452596716000,1789808452657470000,1789808452658255000,1789808452684581000,1789808453591563000,1789808454159903000,1789808454160522000
5eafffab1cb1f7337423de2ee5f29120ba76d8e4dbe0a3d0bd181b96fc47fd16,1789808452621716000,1789808452621676000,1789808452691536000,1789808452692333000,1789808452740042000,1789808453591563000,1789808454165059000,1789808454194925000
5d318d16da77045d4c5d8e1f51084ea1a0f6f17bf2939c04b6fa29f13c79f019,1789808452646716000,1789808452646795000,1789808452691558000,1789808452692931000,1789808452718736000,1789808453591563000,1789808454168751000,1789808454194851000
c0b423565bd183085c911d8eed96cd6c9469947c2bf6e04b5286844c5cfe05ca,1789808452671716000,1789808452671680000,1789808452715432000,1789808452716189000,1789808452739908000,1789808453591563000,1789808454165074000,1789808454201784000
499f2abec900b988a28a0334d69f4fd724f1d8f8b1b811010d3cc9bc5b3de38e,1789808452696716000,1789808452696676000,1789808452778376000,1789808452779178000,1789808452807562000,1789808453591563000,1789808454157630000,1789808454201844000
7411c08a479f4e97894845314dc4c2a59ea666b72f7477921c55c45a579f71d6,1789808452721716000,1789808452721770000,1789808452821442000,1789808452822234000,1789808452870620000,1789808453591563000,1789808454170791000,1789808454201784000
34db6beb05c69698e77a5c1a715744d6c8f87b2013fc9c4bfffbd2539066ea6c,1789808452746716000,1789808452746831000,1789808452808867000,1789808452809659000,1789808452841574000,1789808453591563000,1789808454166829000,1789808454201860000
d18839bae470109839e0bedf4980c79176d26ec778fa5c9e2aba457f8c45725c,1789808452771716000,1789808452771728000,1789808452833679000,1789808452834470000,1789808452870683000,1789808454258553000,1789808454820718000,1789808454826383000
2c04943e592fccc8467693150949dbb969657c5500a013187b66e0c6f9f624d5,1789808452796716000,1789808452796672000,1789808452854495000,1789808452855285000,1789808452899596000,1789808454258553000,1789808454800249000,1789808454824874000
0264ebe6c7a632bd386e42660917c3fdbbc7c877a3a589276e42e7d08feba042,1789808452821716000,1789808452821672000,1789808452922798000,1789808452938458000,1789808452955603000,1789808454258553000,1789808454805688000,1789808454824976000
c4b0b4e5f96d7f95c81352d2929b4e2c68de2c8a3af2c7f2f0f0362f728636eb,1789808452846716000,1789808452846733000,1789808452956402000,1789808452957896000,1789808453009572000,1789808454258553000,1789808454809759000,1789808454826194000
2de2a895209b9e92c1f0a2e27bd13618d1e4e224dfdb6f99234bba4b1f2087ca,1789808452871716000,1789808452871788000,1789808452956383000,1789808452957206000,1789808452992602000,1789808454258553000,1789808454817666000,1789808454826010000
e327c917a850169e51983bcacebf22a41309aa2984020fcaf46eba7af30b8355,1789808452896716000,1789808452900023000,1789808452981570000,1789808453033341000,1789808453009576000,1789808454258553000,1789808454809739000,1789808454846281000
e30af6ac8f74c9a51acc277add573f93e95e2037d565842cd99ff100b8e7c4c7,1789808452921716000,1789808452921784000,1789808452981592000,1789808453034006000,1789808453009594000,1789808454258553000,1789808454809768000,1789808454825994000
3081fe2c1799964adcbd0d7e23c3ca80fad4f39892a1304f811d8d716e3ae558,1789808452946716000,1789808452946708000,1789808453017809000,1789808453034698000,1789808453032559000,1789808454258553000,1789808454807669000,1789808454826027000
30d03c672a58c2e56a0ae79e6735e8cfbf13153bd0d82a775e4c1391aa3c8417,1789808452971716000,1789808452971711000,1789808453049389000,1789808453050170000,1789808453075621000,1789808454258553000,1789808454800684000,1789808454825404000
892139720c0137b30b1b45a6bbc87e4d3094ef0c28d4ba5a4e66b293b34550dd,1789808452996716000,1789808452996820000,1789808453081154000,1789808453081940000,1789808453102634000,1789808454258553000,1789808454802785000,1789808454824826000
884b2917aa92e655f1836fdca590373ad72fa0104be17c62e10c43cecd87e96f,1789808453021716000,1789808453021837000,1789808453081198000,1789808453082595000,1789808453128810000,1789808454258553000,1789808454803809000,1789808454824843000
0fb2c2a8d2eea30c8463597bad8557bab1df6db6beab6e1163aa9dbd15f16b52,1789808453046716000,1789808453046881000,1789808453094393000,1789808453105959000,1789808453128742000,1789808454258553000,1789808454803754000,1789808454846285000
a438712e17a121f53a1fc23d04d6b67f842fb58f27aee91682bf0759ca3f48b9,1789808453071716000,1789808453071899000,1789808453129516000,1789808453130309000,1789808453153695000,1789808454258553000,1789808454803749000,1789808454824833000
b1b2264ec3aa978cd960c2f01a37f6c502ccd2df776aeefb0f58c3bf4808a899,1789808453096716000,1789808453096734000,1789808453169421000,1789808453170212000,1789808453197550000,1789808454258553000,1789808454822708000,1789808454846212000
70443a7bdc6975645dd1bbe42668a90af516901b5b054b682dd1aaafa28158b5,1789808453121716000,1789808453128903000,1789808453220429000,1789808453221199000,1789808453253571000,1789808454258553000,1789808454803751000,1789808454826220000
83f8fa5a4650bf913fb93ab9796f249a68413df2841b2ac7c4a7c920d97459bb,1789808453146716000,1789808453153714000,1789808453202386000,1789808453203157000,1789808453229671000,1789808454258553000,1789808454804757000,1789808454824868000
925ed1eebca824acc173ad46c0d5e60d6cd4057a2d336d8600a11d9e4d86f949,1789808453171716000,1789808453171688000,1789808453248548000,1789808453249351000,1789808453272609000,1789808454258553000,1789808454822688000,1789808454846282000
821497095da3d3368b44276d46f494647e91212caee4ebbbc35dbbb04fd6ce96,1789808453196716000,1789808453196740000,1789808453253808000,1789808453254557000,1789808453272605000,1789808454258553000,1789808454797632000,1789808454824820000
a0552ef17cf124084268b0ec0b187cf912df3f2e9d66c10072057d234bc3a555,1789808453221715999,1789808453221891000,1789808453300526000,1789808453301906000,1789808453349623000,1789808454258553000,1789808454799813000,1789808454824954000
d436bc0460a26f7900c78158dc016ec09dce5cb7d03d5f13e9bb078b531f08a3,1789808453246716000,1789808453246835000,1789808453300452000,1789808453301245000,1789808453332600000,1789808454258553000,1789808454807686000,1789808454845965000
05b4f7eceda27a096957b6ee35517bd9c0f79432ab4c09c99055b764c0021405,1789808453271716000,1789808453271786000,1789808453340334000,1789808453341177000,1789808453371589000,1789808454258553000,1789808454821780000,1789808454825444000
d32ef933fd00b25b1b713f98078920525d84a72c52270047d51be17c8e4c8a75,1789808453296716000,1789808453296703000,1789808453343547000,1789808453344341000,1789808453371583000,1789808454258553000,1789808454821788000,1789808454846345000
308a7b8091bebf30e108a395adcf237b6305de94c5551fcc590677912cf74690,1789808453321716000,1789808453321729000,1789808453399393000,1789808453400184000,1789808453418580000,1789808454258553000,1789808454818621000,1789808454846327000
4ae1853e0cb54a7d73d32cd06b7785a44b47c70dbead8047ee9084451f2f2138,1789808453346715999,1789808453346824000,1789808453429499000,1789808453430297000,1789808453457574000,1789808454258553000,1789808454807645000,1789808454837514000
2f5ede9b30b9902f2f263e446d98cf4724cebbc0092ab95050edb36ac40ec5bf,1789808453371716000,1789808453371736000,1789808453429520000,1789808453430957000,1789808453494556000,1789808454258553000,1789808454819803000,1789808454825993000
1457386072f640d55dcbe597578f55a26ea1a2b67fcf00f2374b190cda28f461,1789808453396716000,1789808453396875000,1789808453445381000,1789808453446138000,1789808453494562000,1789808454258553000,1789808454819785000,1789808454846591000
fc41591c726f3be162726d56ce5d09591f409574194d6b86eb6e588291d332a9,1789808453421716000,1789808453421834000,1789808453495383000,1789808453514512000,1789808453513558000,1789808454258553000,1789808454813626000,1789808454846158000
3acc07aba6ffc1aa961ac599500f9842465a0717398ec2932d07cbf9c4a8e144,1789808453446716000,1789808453446806000,1789808453555555000,1789808453609128000,1789808453591590000,1789808454258553000,1789808454816736000,1789808454846307000
8531a6ab2e32a7a9694eecf5b6b0d49af5c3e0fc1f38a4110c68e7f64a0c3de2,1789808453471716000,1789808453471812000,1789808453525597000,1789808453526397000,1789808453551563000,1789808454258553000,1789808454801648000,1789808454824841000
68ff96963810668da4be92559f2650bfbff37d1addcc83745f82135fd90194c2,1789808453496716000,1789808453496838000,1789808453588500000,1789808453610456000,1789808453611540000,1789808454258553000,1789808454811577000,1789808454825394000
65c20f383599f7ed33de9e608275c7bdf7db859a4e8a96490da9b794e1fc8697,1789808453521716000,1789808453521664000,1789808453579590000,1789808453609796000,1789808453611544000,1789808454258553000,1789808454811591000,1789808454846598000
7ad6a4365ad62c0d23034e9b28f89b6eb39d6d59f940a012ad9fb7c6ab89df92,1789808453546716000,1789808453546908000,1789808453649243000,1789808453654884000,1789808453670564000,1789808454836537000,1789808455329230000,1789808455342032000
6a2fd3e503773baaca5b592e41c9a3596cc942a324c02ea1750c3bb001624a29,1789808453571716000,1789808453571697000,1789808453649314000,1789808453655545000,1789808453695570000,1789808454836537000,1789808455329175000,1789808455342060000
067e24cdefd066be187728837eee880298634208ec046781a59af63a04778420,1789808453596716000,1789808453596695000,1789808453696537000,1789808453697971000,1789808453724643000,1789808454836537000,1789808455328935000,1789808455350338000
32399347ca7675b3badd5542c089ddc34a632105be460b9f1c5d470bf33a8ba6,1789808453621716000,1789808453621732000,1789808453696516000,1789808453697310000,1789808453759529000,1789808454836537000,1789808455335168000,1789808455342874000
0f19da5a17feaa04d502d30762e8f0067f29c94fa729b959beed82d43953fcf1,1789808453646716000,1789808453646754000,1789808453705427000,1789808453706202000,1789808453759541000,1789808454836537000,1789808455335225000,1789808455342584000
e70fb2516c317913f5320d2d1e49de851dfed0fe86f97c856b8b1290437aedaa,1789808453671716000,1789808453671855000,1789808453754109000,1789808453754922000,1789808453798552000,1789808454836537000,1789808455328893000,1789808455349461000
f525ae97c31e10245e1dacacbad9282598f2135068b51910068e703d9aaf4460,1789808453696716000,1789808453696753000,1789808453787464000,1789808453806543000,1789808453824569000,1789808454836537000,1789808455329262000,1789808455342038000
d4fd1581d98cfc8a5b8432d3cfe6ec8b716602bf6757e584119a90643c3d2fa2,1789808453721716000,1789808453721658000,1789808453802427000,1789808453807187000,1789808453857011000,1789808454836537000,1789808455334977000,1789808455342550000
94f13d621ac656f9499c0e3702128c48beac4ffd839722dc078eba6fcf5bd65d,1789808453746716000,1789808453746683000,1789808453802427000,1789808453807960000,1789808453857081000,1789808454836537000,1789808455334999000,1789808455342173000
ebfe02bd418f277ba1bc5e246eeaa190a7137bb685d40ecc0fe3021fe615a8bd,1789808453771716000,1789808453771743000,1789808453831468000,1789808453832255000,1789808453885602000,1789808454836537000,1789808455336184000,1789808455342624000
b36149c9f2987fc4c1d2a0789834448a17b467ee22ffaa0915879892fc1d6d5f,1789808453796716000,1789808453796825000,1789808453869359000,1789808453870182000,1789808453911700000,1789808454836537000,1789808455328868000,1789808455342940000
477bc2693afb8d097ab91abe98aaff8ec552cce76923a223d7d2bca3b7804073,1789808453821716000,1789808453821806000,1789808453893494000,1789808453894317000,1789808453930555000,1789808454836537000,1789808455334901000,1789808455342066000
80e498b3bb00fc3117b2436dd67a85847a0d1643bcaa1b21633585798cd382ae,1789808453846716000,1789808453856960000,1789808453958761000,1789808453959575000,1789808453987605000,1789808454836537000,1789808455329164000,1789808455342943000
d6e9ff5b2ce00afd668193532b3fd3f42e9687363e924d8ff166d0239c9eea43,1789808453871716000,1789808453885838000,1789808453958857000,1789808453960273000,1789808454013599000,1789808454836537000,1789808455329123000,1789808455342074000
6df09020eba8dd1cdf05d602f675a326e3f9c578e8a2b2aca166f91e205f214c,1789808453896716000,1789808453896711000,1789808453997427000,1789808453998235000,1789808454035543000,1789808454836537000,1789808455335548000,1789808455342552000
941f98815f3565de6db3b4ab769536ddd67f31ac86d2f48678ac31e2c487a674,1789808453921716000,1789808453921659000,1789808453975507000,1789808453976300000,1789808454013664000,1789808454836537000,1789808455328988000,1789808455342983000
b9d528d3baaa6fb252f9a77128145beca2455bd6a7bae2581d3a396d5e0ca8fb,1789808453946716000,1789808453946677000,1789808454000518000,1789808454001314000,1789808454035541000,1789808454836537000,1789808455335569000,1789808455343012000
2959eb300b103790ee0b258b8adc9c3ebc5e03d0e001c1edbdb847c91e7412ff,1789808453971716000,1789808453971663000,1789808454059660000,1789808454060455000,1789808454095661000,1789808454836537000,1789808455329183000,1789808455342508000
c0e61e18ac7e04e5452031bb855f0c90045e62ea9384031587e89c6e02466fce,1789808453996716000,1789808453996772000,1789808454072525000,1789808454073301000,1789808454138564000,1789808455388594000,1789808455963564000,1789808456099286000
7e7d09b241436b473e131166fa143af02ae7dc526ee454285e0c607102cea447,1789808454021716000,1789808454021850000,1789808454090436000,1789808454091223000,1789808454138602000,1789808455388594000,1789808455963600000,1789808456099506000
2ff96838025c89c18a9a216db61e06d48eff57a66775f136084fbfaa165821cd,1789808454046716000,1789808454046844000,1789808454099783000,1789808454101484000,1789808454162543000,1789808455388594000,1789808455962852000,1789808456099061000
e9cf06556ff0d3075a047b1bd5f4353406f6e8ed0d7d09eb6112cf410afc3ca5,1789808454071716000,1789808454071718000,1789808454139505000,1789808454140301000,1789808454182620000,1789808455388594000,1789808455957715000,1789808456076449000
c45d93265f34dd1ee0c0d843d71b8528552183236a35cca62b7273580938738f,1789808454096716000,1789808454096767000,1789808454202035000,1789808454203298000,1789808454227647000,1789808455388594000,1789808455952638000,1789808456098755000
40d40de88ad2317b38393da8a8639e90c0398f20173b7aceb8ab401c7d5da765,1789808454121716000,1789808454121654000,1789808454201751000,1789808454202604000,1789808454283562000,1789808455388594000,1789808455958766000,1789808456098958000
7db88b510ee26a35af941ac2eab69e2fc1a6fb8c4789e1843d2ec82789c45255,1789808454146716000,1789808454146664000,1789808454228495000,1789808454229249000,1789808454302550000,1789808455388594000,1789808455952654000,1789808456076811000
c7c2bc8693a9c53d9ac1982d2e42dff9c106d6cf579bc4350d46d7feeed2a387,1789808454171716000,1789808454171805000,1789808454245501000,1789808454274616000,1789808454302552000,1789808455388594000,1789808455952657000,1789808456076695000
520d299e1206f553b2e0f6c59486ae10e391fd2194de4c2ae5ff25692b27df16,1789808454196716000,1789808454196806000,1789808454255437000,1789808454275324000,1789808454302570000,1789808455388594000,1789808455952673000,1789808456076252000
b4cd7b81c01b9574e21f52732173af56cb696e36669bed0974a166918168c15e,1789808454221716000,1789808454222084000,1789808454288551000,1789808454289364000,1789808454326531000,1789808455388594000,1789808455951745000,1789808456098750000
b8339e21f02f0263938174bde94aafca10182bef6a32a201945d77daaf4d71e1,1789808454246716000,1789808454246867000,1789808454350325000,1789808454351177000,1789808454387548000,1789808455388594000,1789808455962846000,1789808456076820000
c0b6cda928b76bc84aac637fac436afad87263e5c72aa7ba2a389c5649dc819a,1789808454271716000,1789808454271799000,1789808454340772000,1789808454341609000,1789808454368540000,1789808455388594000,1789808455943567000,1789808456044357000
e2af4127fa5b0db56930a8b9a3f9032aa6cbb3256aa35ef79cf0d33f7a838b55,1789808454296716000,1789808454296654000,1789808454363495000,1789808454364304000,1789808454387565000,1789808455388594000,1789808455962808000,1789808456098971000
014292253ca7ce5749469f028b3fe4e9c430bd40fa374533de5b24b204a5609a,1789808454321716000,1789808454321847000,1789808454382503000,1789808454383309000,1789808454413515000,1789808455388594000,1789808455963600000,1789808456099575000
6180a5cc08bce98fd9938a10f2921a45eddc5d1d2d924c3765a05113d7ce1007,1789808454346716000,1789808454346790000,1789808454417606000,1789808454418412000,1789808454442585000,1789808455388594000,1789808455942812000,1789808456077248000
a33c16822b2f1898e59ae994f7983470b0db050d10958e54dca1c1798c441443,1789808454371716000,1789808454371807000,1789808454451354000,1789808454452073000,1789808454478543000,1789808455388594000,1789808455953626000,1789808456076469000
a0f1ec1b7baa0dcd28483a02371aa8a978aa72bfeafe7ca7f2e003fcebbf49e0,1789808454396716000,1789808454396721000,1789808454492678000,1789808454493528000,1789808454522684000,1789808455388594000,1789808455947886000,1789808456048769000
0c722063698ff2a7b9d6af1a598843440619d5fb498a85992a41c57ab3972de3,1789808454421716000,1789808454421655000,1789808454529410000,1789808454530228000,1789808454576548000,1789808455388594000,1789808455951764000,1789808456076630000
472421646d3aeaf1d010daa9b70f7c76b07db4e3fbef75dc7e8c394ee4de493a,1789808454446716000,1789808454446844000,1789808454501521000,1789808454502328000,1789808454555580000,1789808455388594000,1789808455955582000,1789808456098894000
b21076d6f76cade28092ebf3360f12d46a5a62e7dc96bd91a5ce63e04273ac8a,1789808454471716000,1789808454471810000,1789808454529637000,1789808454530903000,1789808454576570000,1789808455388594000,1789808455951773000,1789808456076332000
c1c934ed1104c0be652dfefaae3b76705916f6fe470a5635bbcb132fef802bc1,1789808454496716000,1789808454496755000,1789808454562652000,1789808454563476000,1789808454595635000,1789808455388594000,1789808455945861000,1789808456046467000
68ebf584019c2a9621ef965bf2b4da123de8b60d1f35b62ef8e23716bedbe7b7,1789808454521716000,1789808454521706000,1789808454616477000,1789808454617273000,1789808454632606000,1789808455388594000,1789808455957720000,1789808456076752000
8d710943114dfe929970a18d388c289819169f2adc57bde0ee579025cd133e19,1789808454546716000,1789808454546704000,1789808454619585000,1789808454620361000,1789808454649540000,1789808455388594000,1789808455949913000,1789808456050183000
0e6b0e5303e0ad31a3263e02ef639214a84257d22414d675c39eb7651d33b95a,1789808454571716000,1789808454571817000,1789808454654970000,1789808454656515000,1789808454713134000,1789808455388594000,1789808455963168000,1789808456076985000
70b16a1b3f2e1b2595ce5ebb395a529f4421692bee0180c8a7c580422a57ad74,1789808454596716000,1789808454596732000,1789808454654937000,1789808454655836000,1789808454679567000,1789808455388594000,1789808455954718000,1789808456098739000
76007c6d1f36ad748c88b300bf7289a5c56c08db361913f6909f1d5dc6f46580,1789808454621716000,1789808454621694000,1789808454707525000,1789808454708298000,1789808454740089000,1789808455388594000,1789808455940237000,1789808456099282000
ab4ec9ff86ec2683e712385445c4bafd7ad6fcaad94f510d44af61b964b8e308,1789808454646716000,1789808454646703000,1789808454694376000,1789808454695162000,1789808454740098000,1789808455388594000,1789808455940699000,1789808456077228000
256d372132f711985ef55914bcaa3bd8cc3f73d8a3987ec79336275953b4663c,1789808454671716000,1789808454671647000,1789808454740912000,1789808454741713000,1789808454765445000,1789808455975611000,1789808456465585000,1789808456499248000
02face3d4f28d57765c63d015ea4d336d50cc5b93306ec34de31b250507a935f,1789808454696716000,1789808454696809000,1789808454769414000,1789808454774973000,1789808454845603000,1789808455975611000,1789808456471317000,1789808456507383000
c6a1c113edf0072d32070951694fce28577c49deabfb2f7176bb77e86f002bea,1789808454721716000,1789808454721738000,1789808454801891000,1789808454802708000,1789808454845583000,1789808455975611000,1789808456471333000,1789808456507406000
eb50961f97e98faa2e134f6a4e4caf6d5b119d36782fe3fc0d10ecb2ba05ef3b,1789808454746716000,1789808454746797000,1789808454837805000,1789808454856079000,1789808454900585000,1789808455975611000,1789808456451052000,1789808456484111000
dd5bbfaab0f575b1dac43eb04fe71d5ddcc9faa91ac768622d2f3df4f2f32897,1789808454771716000,1789808454771827000,1789808454869620000,1789808454870451000,1789808454925547000,1789808455975611000,1789808456451031000,1789808456483934000
ba048c9877275c3c9236e66e56d9394380bfb8dbfc84ba70553b3e8e9398e51d,1789808454796716000,1789808454796807000,1789808454868834000,1789808454869764000,1789808454925543000,1789808455975611000,1789808456451070000,1789808456483841000
d6403592e37ff0506beee700fd5b1e055f6f1ef81d7a4f6c17f632fcbbabfff6,1789808454821716000,1789808454821785000,1789808454887582000,1789808454888409000,1789808454925573000,1789808455975611000,1789808456451015000,1789808456484120000
bc27386a3c8886aca4a518ab23ca57dc906b98f17b583c9bf68fa9938cd3d440,1789808454846716000,1789808454846670000,1789808454916600000,1789808454917421000,1789808454954527000,1789808455975611000,1789808456454515000,1789808456483906000
7afabb4bf54def3e92cec23d8b25f7763554e39279d858ac6ee9669fbb38abad,1789808454871716000,1789808454871761000,1789808454984376000,1789808454985191000,1789808455009552000,1789808455975611000,1789808456459778000,1789808456485189000
c589d4384fce4f71cc1d11a4bff6453980864f500a38b7d320e4cdc5256699d9,1789808454896716000,1789808454896735000,1789808455004397000,1789808455005221000,1789808455036546000,1789808455975611000,1789808456461807000,1789808456487275000
07d424e202600de90069eb5a4013dae58f17dfcbda97060a45d0ab8f85ae9f91,1789808454921716000,1789808454921745000,1789808455033541000,1789808455034988000,1789808455058569000,1789808455975611000,1789808456458762000,1789808456484408000
57b0f36fd2f6a044f26a8b3191d18962c37dbe4d28cf6c4ea9f7d2048fea8818,1789808454946716000,1789808454946711000,1789808455004417000,1789808455005899000,1789808455036557000,1789808455975611000,1789808456461791000,1789808456487272000
ce899bd5e145e4206b043bfbf44bd07ac6882f4d434b948950035ececae92e4c,1789808454971716000,1789808454971684000,1789808455033539000,1789808455034302000,1789808455058567000,1789808455975611000,1789808456458771000,1789808456484404000
ef3a263c0dbf4a5d5ea8935e64b73c859d67d7860e98e05d0bb82dd97af321b4,1789808454996716000,1789808454996728000,1789808455062426000,1789808455063159000,1789808455089555000,1789808455975611000,1789808456464566000,1789808456495872000
9a2a1bad01c398828f829fcac7cd0ef614c96d960a2c1cd5f6a29c01a11c46c1,1789808455021716000,1789808455021738000,1789808455093455000,1789808455094276000,1789808455112616000,1789808455975611000,1789808456462627000,1789808456495783000
b85c8b5e3b6828709319062daccea248efb38df81d65b84841da7b3fd00dd422,1789808455046716000,1789808455046737000,1789808455119354000,1789808455120161000,1789808455146512000,1789808455975611000,1789808456471563000,1789808456507432000
41f2b8c3130c5402e5c589e6abf1fa7bf0d267f2f6c9b47de9dc96c99d141d7f,1789808455071716000,1789808455071736000,1789808455151513000,1789808455152338000,1789808455185539000,1789808455975611000,1789808456460594000,1789808456486324000
5d174c97c00da74fc2993696a555662721707a01201ec7f3b9d398af71398cec,1789808455096716000,1789808455096717000,1789808455180457000,1789808455181275000,1789808455212594000,1789808455975611000,1789808456462647000,1789808456495797000
04ad80516fc0a0cb2712dac92a12fad17b6abfba9b786e122c943b505bf68c61,1789808455121716000,1789808455121727000,1789808455213418000,1789808455214228000,1789808455284552000,1789808455975611000,1789808456459784000,1789808456485218000
83925637bbf34f74bd0ef7aa9ae57541691b882c8657fdb75f7ae50564d6d120,1789808455146716000,1789808455146770000,1789808455186453000,1789808455187260000,1789808455243628000,1789808455975611000,1789808456468817000,1789808456507331000
241442740f288b66aa83a628382dc55f75cf73fdbcfa5d5d3689fb1f07a215f9,1789808455171716000,1789808455171692000,1789808455220333000,1789808455221118000,1789808455284581000,1789808455975611000,1789808456459785000,1789808456485162000
e526cb8389ceac5e05b5d82fbf6eb0384d95a40ceea97e5a04d2af82e41f454e,1789808455196716000,1789808455196693000,1789808455276507000,1789808455277296000,1789808455305934000,1789808456506497000,1789808457030963000,1789808457162939000
81ef2810019e6d912419a1f92a6ab7798277199769e9c98d8c4035e3a3b8fd78,1789808455221716000,1789808455221666000,1789808455299631000,1789808455300459000,1789808455334623000,1789808456506497000,1789808457035243000,1789808457163537000
b90baf60b43eca5c84c20e1b84714c648ad85382f0fa4b9f2c4770e77b77278e,1789808455246716000,1789808455246683000,1789808455299714000,1789808455301136000,1789808455334628000,1789808456506497000,1789808457035267000,1789808457135760000
1a3a800a652f595cabf0a29fd7d3aaaa4e06bfc66d7fae1e0e022a0c247f3543,1789808455271716000,1789808455271690000,1789808455323407000,1789808455342162000,1789808455360601000,1789808456506497000,1789808457035616000,1789808457163536000
b4573bd2776c963c0605e2ecc510ba5e9f9ed4e0d571c977a18a4a775d6ddd2a,1789808455296716000,1789808455296679000,1789808455345536000,1789808455346341000,1789808455384711000,1789808456506497000,1789808457034899000,1789808457135452000
1bae98ee5079ebaf268e855c8fce1816fdc4f92b72cf7cbc9f37cddb7a50b0ec,1789808455321716000,1789808455328970000,1789808455398376000,1789808455405557000,1789808455441530000,1789808456506497000,1789808457016601000,1789808457163090000
bb5986ab8e7c3fadee78e299a2a0b0bbd169bc658cde571eaec315d390dada0c,1789808455346716000,1789808455346694000,1789808455435131000,1789808455435935000,1789808455463551000,1789808456506497000,1789808457038597000,1789808457163535000
b37f2df2281a3dde04c7ae21f1a05afa5b8135b6603d1e3bb9e6066543104f64,1789808455371716000,1789808455371660000,1789808455435158000,1789808455436591000,1789808455463586000,1789808456506497000,1789808457038618000,1789808457163521000
1d9011355aaf6913da415612e4d0f3fed8a2a2087b7e50108d62bb60c207cf9a,1789808455396716000,1789808455396658000,1789808455454391000,1789808455455191000,1789808455510517000,1789808456506497000,1789808457035535000,1789808457143305000
c91aa694d152912bd2368db5ab12cd200485650a6ab0da9b376d28211acb6889,1789808455421716000,1789808455421689000,1789808455551363000,1789808455552879000,1789808455581576000,1789808456506497000,1789808457031664000,1789808457155914000
f080b627d97a35ad1dd4719722f1853f48a302e8629a5970060d4bbf74e618e5,1789808455446716000,1789808455446661000,1789808455511456000,1789808455512275000,1789808455544592000,1789808456506497000,1789808457019757000,1789808457163059000
015281078e208e3d2d0408c6a23d17d13eb367e9324eeefea0fd70c6ae145589,1789808455471716000,1789808455471664000,1789808455551362000,1789808455552176000,1789808455581566000,1789808456506497000,1789808457031637000,1789808457133426000
b2c1403bbe62b5441b8b9dc0f00e1c115b006f4328a41bd82d4186c054fe9d3a,1789808455496716000,1789808455496681000,1789808455545549000,1789808455546365000,1789808455564581000,1789808456506497000,1789808457039744000,1789808457163484000
223b719da752b8df8bdb099ec7a114dea540e17a6de4e2f914e17135aaa95322,1789808455521716000,1789808455521689000,1789808455579440000,1789808455580240000,1789808455600547000,1789808456506497000,1789808457025779000,1789808457163532000
1b24d8728f588d28082f1f3a320cf9e428576eae5901709b28fe08c88c8f1e78,1789808455546716000,1789808455546659000,1789808455604379000,1789808455605189000,1789808455625545000,1789808456506497000,1789808457025761000,1789808457162967000
f6754b19eb8e403ab1e9c1ea10d426b2d14a4a2eb5738b51e90b411af6fc806c,1789808455571716000,1789808455571673000,1789808455648606000,1789808455649390000,1789808455677520000,1789808456506497000,1789808457027734000,1789808457163241000
77cb326da9a7f4c09738c2a5a8c83123ae8786b531a1aece3ea787338189aac7,1789808455596716000,1789808455596689000,1789808455695576000,1789808455696412000,1789808455715511000,1789808456506497000,1789808457040672000,1789808457163020000
98c27ac49e0b2da9dfe7e9fe8480992bb66d16cb572a627db61cdbdeaa3775a1,1789808455621716000,1789808455621671000,1789808455678619000,1789808455679428000,1789808455697622000,1789808456506497000,1789808457022716000,1789808457163084000
78fab1fa6f20846410c36e91ffcf54da9fb74003896520be474eedace8e38679,1789808455646716000,1789808455646693000,1789808455698475000,1789808455699277000,1789808455737571000,1789808456506497000,1789808457037995000,1789808457163527000
239775ccfa88cef09a6f3e7ba3d7070f47dc0b60ef29a2f30c67f496815fcfa3,1789808455671716000,1789808455671673000,1789808455716294000,1789808455717179000,1789808455754682000,1789808456506497000,1789808457029743000,1789808457130263000
c480ad051309455e33d88a700efdbce9f812ba85524183150900ac1c39ad98e9,1789808455696716000,1789808455696658000,1789808455759416000,1789808455760210000,1789808455789548000,1789808456506497000,1789808457039766000,1789808457162913000
e3ee2257813f2ea7955a622bcecf19f8704f3a32d04ef459169487289b08dab8,1789808455721716000,1789808455721658000,1789808455785527000,1789808455786347000,1789808455812567000,1789808456506497000,1789808457037964000,1789808457163470000
7aa12da7e0449f280664938509754b46d6217141f4c3141519bad1ec9cdcd1ac,1789808455746716000,1789808455746676000,1789808455785546000,1789808455787041000,1789808455812563000,1789808456506497000,1789808457037993000,1789808457156112000
502d9a3429c593f3e6baf6d4315a1c8d74c5aa20e29432b468851a51028df703,1789808455771716000,1789808455771682000,1789808455832464000,1789808455833188000,1789808455857499000,1789808456506497000,1789808457032566000,1789808457163476000
bb9ecec4063774c2a30484606aef4f7904acb84636a54d7bc485bdeadd56470e,1789808455796716000,1789808455796665000,1789808455876808000,1789808455908464000,1789808455908606000,1789808456506497000,1789808457033848000,1789808457156133000
a74a22117e5ea28241f8ea02e37dd1eeecf48c573e5d9bcce2711148eb568a3a,1789808455821716000,1789808455821681000,1789808455881797000,1789808455909227000,1789808455955553000,1789808456506497000,1789808457030629000,1789808457132560000
a8aec13e8b104e15ab429128b63e01b55fc07ad139cfa92f3ee80ea023d06938,1789808455846716000,1789808455846663000,1789808455902538000,1789808455909887000,1789808455955577000,1789808456506497000,1789808457030611000,1789808457163513000
f25ef7c05bad19e4de90d6378a024e721b412d6835f33c05576c759f876a8593,1789808455871716000,1789808455871673000,1789808456022334000,1789808456027117000,1789808456047525000,1789808457053500000,1789808457572607000,1789808457623861000
233e47bdb0bad75b918fb4d53699576dfc5c39c1655df3a810fba37984fae43b,1789808455896716000,1789808455896659000,1789808455953677000,1789808455992488000,1789808455972557000,1789808456506497000,1789808457022764000,1789808457163478000
1d6c1e8ffe521fbcdc836a5e2c5a14175c79675b81ba57dd650dfcc36ff1f5c8,1789808455921716000,1789808455921672000,1789808456062995000,1789808456064391000,1789808456098658000,1789808457053500000,1789808457573773000,1789808457623847000
3cd9e07a2aed6e892d74514957c822fd7587348af02e94ab62e948c0d251908a,1789808455946716000,1789808455946631000,1789808456063159000,1789808456065071000,1789808456098581000,1789808457053500000,1789808457573588000,1789808457624408000
73069d0f68a94dcd11bbcd4fe8661a59603eb83ea58d7344b6c6c1fb46e96720,1789808455971716000,1789808455971677000,1789808456063236000,1789808456065736000,1789808456098674000,1789808457053500000,1789808457573777000,1789808457623795000
e732a03d22329de649a242668be5a23649e6fd0b3314574b32d9aae1ddb1046c,1789808455996716000,1789808455996664000,1789808456062893000,1789808456063712000,1789808456076122000,1789808457053500000,1789808457576283000,1789808457623833000
ef09459492d15cd8582031b572a59a8ec30d9b5fb46c11c1756ccaccc6f57172,1789808456021716000,1789808456021670000,1789808456076817000,1789808456077647000,1789808456121580000,1789808457053500000,1789808457571653000,1789808457623811000
3e3f26f7ff29fe8f1d06082f0e40f92f29a07670d4d1cec829cfdd7268e14d41,1789808456046716000,1789808456046678000,1789808456102494000,1789808456120047000,1789808456144555000,1789808457053500000,1789808457594736000,1789808457602544000
f37f5a5c3d01874fd57c985f40f49b39fac0cb3d79723426316e25e563ed20f7,1789808456071716000,1789808456076168000,1789808456122405000,1789808456123136000,1789808456173579000,1789808457053500000,1789808457573603000,1789808457623829000
d023f7346d34bd8a73f12505989c2189daaec7e901e7c07c78fdcda7a8ac8035,1789808456096716000,1789808456099209000,1789808456161180000,1789808456161997000,1789808456173576000,1789808457053500000,1789808457573606000,1789808457602549000
2c020a7e2236bd2e40f8eb07513818ed3bedb91b5a81dd1ce17587eeebfaee7e,1789808456121716000,1789808456121625000,1789808456174818000,1789808456175656000,1789808456206518000,1789808457053500000,1789808457581660000,1789808457623850000
169011fe3cffdb4a49b8a97707936c5f7baaf0052cc0e01edaf82f63ce1915cd,1789808456146716000,1789808456146641000,1789808456236537000,1789808456237385000,1789808456270668000,1789808457053500000,1789808457570842000,1789808457602193000
d01321f52296f887294ef281955f013dea034ab95cffb4d3f883012c26a4a708,1789808456171716000,1789808456171633000,1789808456201368000,1789808456202190000,1789808456231561000,1789808457053500000,1789808457581667000,1789808457602648000
7ef1e5d9852a414054a7bc5813ed5e108e34e5e10bbb302933d6a6331edeb287,1789808456196716000,1789808456196645000,1789808456262442000,1789808456263197000,1789808456287513000,1789808457053500000,1789808457587893000,1789808457623802000
f2523a55f48fa4a029977477db80f027b0f0cc811343d25e7b51a18d5c59b0b4,1789808456221716000,1789808456221623000,1789808456282935000,1789808456283826000,1789808456314554000,1789808457053500000,1789808457589545000,1789808457623836000
17682892714c0db5c4ed77c01262033625bc33dacb47d5eaeebd003a83c0615a,1789808456246716000,1789808456246637000,1789808456319421000,1789808456320235000,1789808456346676000,1789808457053500000,1789808457571807000,1789808457602531000
27b96af15299a38b6f10183baa753334ee3ccd26fd176b1ba49c5640af3ea74b,1789808456271716000,1789808456271642000,1789808456332389000,1789808456333214000,1789808456379585000,1789808457053500000,1789808457579650000,1789808457623870000
896a514876a6a4b6a6f98b1f511e196761dee40604fce41c2c15473cd72849e0,1789808456296716000,1789808456296640000,1789808456366624000,1789808456367369000,1789808456418553000,1789808457653534000,1789808458093573000,1789808458119248000
ce2047a02c3ce852d2e9d3980aa7e2b8ee90d666fa2986bb948b9f0c14aa2c62,1789808456321716000,1789808456321642000,1789808456404055000,1789808456404844000,1789808456454524000,1789808457653534000,1789808458079687000,1789808458136683000
31357a0af1552c19a761765358722635a1ff7cca894a97007766fd3c10cadf53,1789808456346716000,1789808456347103000,1789808456419498000,1789808456454559000,1789808456478581000,1789808457653534000,1789808458078754000,1789808458136875000
327730c3d565964f568e1b322be8881dfc0dc9bb94ca6d3d5bd4288a558c59b9,1789808456371716000,1789808456371634000,1789808456483924000,1789808456519438000,1789808456554536000,1789808457653534000,1789808458079672000,1789808458115200000
10bf0db5291cc4066837eae5ff84b48e95c1a474b7070c248887c77bafa22471,1789808456396716000,1789808456396643000,1789808456483599000,1789808456518740000,1789808456506513000,1789808457653534000,1789808458082216000,1789808458136678000
4867b16cac8b664b61da0a5e352e0c82332361776fed56e68d442ba2f5042e00,1789808456421716000,1789808456421632000,1789808456539129000,1789808456540392000,1789808456578532000,1789808457653534000,1789808458078762000,1789808458136822000
8a9b2bb60a662d9f303a9b76d965ab0964dd1305381877b79cb4e5f85f4b02a6,1789808456446716000,1789808456446642000,1789808456539202000,1789808456541088000,1789808456578530000,1789808457653534000,1789808458078744000,1789808458136830000
0b19243faaa6d20c7d38d8cf42b86ad3e0f6a82bc371a1b740336ad4fff12a83,1789808456471716000,1789808456471628000,1789808456538988000,1789808456539772000,1789808456578538000,1789808457653534000,1789808458078751000,1789808458136831000
4aa6a1d58145eac84eb7675368bd4d8dcff35e6fbb18bfe396dba58a0305c750,1789808456496716000,1789808456506852000,1789808456610617000,1789808456611410000,1789808456647679000,1789808457653534000,1789808458072740000,1789808458136875000
a8081d1d753e05b9d986066cd3b6f8ee999ac4867250e1ce811f595241130444,1789808456521716000,1789808456521674000,1789808456610617000,1789808456612099000,1789808456667553000,1789808457653534000,1789808458092775000,1789808458118372000
ad191b0fcfae44e6f7a4b4116f702c9dfed7e8ff24ad19836a161a31a129c73f,1789808456546716000,1789808456546774000,1789808456668350000,1789808456669156000,1789808456718542000,1789808457653534000,1789808458093573000,1789808458119240000
93b9a44e01468a17cfef301827940bc5765198a79ccd16ea5050c82d8d2b290a,1789808456571716000,1789808456571829000,1789808456648681000,1789808456649480000,1789808456697547000,1789808457653534000,1789808458072721000,1789808458136810000
c60d9c21ffafe8bea1d7d860b305dea0dfcecb5060c2294de91f4ee479d6ebdb,1789808456596716000,1789808456596723000,1789808456648787000,1789808456650181000,1789808456697516000,1789808457653534000,1789808458072746000,1789808458136686000
e7be25848afd9bcf7b340157407cc554d73fcc15e561bffc16bc98535ca0e828,1789808456621716000,1789808456621728000,1789808456692488000,1789808456693315000,1789808456718533000,1789808457653534000,1789808458093557000,1789808458119247000
2e2def342694317248f45dc0cff2fef6e0ef904bc18654c6f98b4d289dd6dd06,1789808456646716000,1789808456646694000,1789808456692657000,1789808456694005000,1789808456718547000,1789808457653534000,1789808458093554000,1789808458119221000
72a1ad4b059a7045c982168e2b2c32813d224499d0b1faca0db2eb2a55c86f36,1789808456671716000,1789808456671859000,1789808456741380000,1789808456742179000,1789808456762520000,1789808457653534000,1789808458087785000,1789808458115174000
3018be4dea0abcf0b7577fee05c4987e630797b0159a6be51abc0f02a7c0eca0,1789808456696716000,1789808456696669000,1789808456780651000,1789808456781464000,1789808456812595000,1789808457653534000,1789808458087793000,1789808458115137000
2201f794c8667c930fb573b6c36f08c2fc599664111e2bae7db2327480aa4161,1789808456721716000,1789808456721669000,1789808456767339000,1789808456768172000,1789808456789603000,1789808457653534000,1789808458089620000,1789808458115259000
55d1cee5846bc5012d898e0d8c40d3245dce98a2db8aed632c19bf2cfbf1c47f,1789808456746716000,1789808456746827000,1789808456821259000,1789808456822078000,1789808456844557000,1789808457653534000,1789808458094582000,1789808458120152000
9bb980cfef6799ccdb8e212bb39ffc97e7550bf1b7bb1b884195032f24dacd00,1789808456771716000,1789808456771693000,1789808456849897000,1789808456850724000,1789808456874526000,1789808457653534000,1789808458074584000,1789808458136816000
27f2cc431c35afca461f0e44eb8632f551ba83bc74d898f93a9f37e400fb9ff4,1789808456796716000,1789808456796683000,1789808456891015000,1789808456891809000,1789808456900506000,1789808457653534000,1789808458075617000,1789808458136795000
dce68f18ced47f0eddedbf6caf4b3ebb4f6f63578fb7f4afccec63dd0fabad82,1789808456821716000,1789808456821789000,1789808456907722000,1789808456908483000,1789808456935605000,1789808458166004000,1789808458685758000,1789808458727020000
307b5db8286862db7a0ef5e7385fe2d4330a76a415b842579bb36e0b52167141,1789808456846716000,1789808456846758000,1789808456891513000,1789808456892477000,1789808456921541000,1789808457653534000,1789808458071771000,1789808458122352000
fc0a99780e78a131c27c7e8d8c7f851f8336522967020927946b664355e26b28,1789808456871716000,1789808456871695000,1789808456933498000,1789808456934299000,1789808456953525000,1789808458166004000,1789808458678530000,1789808458737447000
6952c925e543fbfe0748d4f5ba725e898d1234544a8ad343161f573db3fbea51,1789808456896716000,1789808456896698000,1789808456978600000,1789808457003113000,1789808456996573000,1789808458166004000,1789808458671602000,1789808458765732000
406010e14115145fb107cf54652bd5752d0532023fd6e96ca2eb808f07b15fd7,1789808456921716000,1789808456921812000,1789808456993608000,1789808457003829000,1789808457026497000,1789808458166004000,1789808458676516000,1789808458765736000
826b0e4c49a496afaf7cf81d04390d77202282c1258e1e88e72b114758b2aae2,1789808456946716000,1789808456946758000,1789808457042374000,1789808457070335000,1789808457065475000,1789808458166004000,1789808458690545000,1789808458726978000
133f41a0649dc16fe69bd353161dbddac4c574f71397eb967ebc0d3ceea66331,1789808456971716000,1789808456971785000,1789808457089325000,1789808457090131000,1789808457117993000,1789808458166004000,1789808458693060000,1789808458726781000
bad30210943d3ac992ac5f7d52150c1494d8b74d2fb28a92534a83d0cebc4543,1789808456996716000,1789808456996616000,1789808457109275000,1789808457110062000,1789808457155484000,1789808458166004000,1789808458681584000,1789808458765728000
ad573ebfa45a915b463d384bfe5fbb98dff32eb546f028f6665cfca938be7681,1789808457021716000,1789808457021857000,1789808457089326000,1789808457090812000,1789808457155490000,1789808458166004000,1789808458680883000,1789808458737482000
7ea0cd79dfb895d06e739a9620cc6ff28f86cb3bab811d783f63f991d70c77fd,1789808457046716000,1789808457046802000,1789808457143758000,1789808457144571000,1789808457188477000,1789808458166004000,1789808458688515000,1789808458726994000
8cb0128a5bcb2d76f1e8adc56042457bf3dfa04bdace64da8cfd1f26fe303e2d,1789808457071716000,1789808457071627000,1789808457143868000,1789808457145248000,1789808457208572000,1789808458166004000,1789808458683729000,1789808458727000000
5bbc7d883c4a158f9e1768ce7b72a16f3ace34b94987dc726beeb820dad38ba8,1789808457096716000,1789808457096762000,1789808457206410000,1789808457208236000,1789808457227506000,1789808458166004000,1789808458677530000,1789808458737280000
8de59204547c3b94327a0589978de36b6b4daf872daa0e442903b6810e562071,1789808457121716000,1789808457121647000,1789808457206350000,1789808457207544000,1789808457227501000,1789808458166004000,1789808458677510000,1789808458737375000
a10f41f36d696cf85215c72e88810b8185e08ca1adae53c5b717032992d4f652,1789808457146716000,1789808457156030000,1789808457232492000,1789808457233887000,1789808457265473000,1789808458166004000,1789808458690551000,1789808458726989000
0e9d5101d04ed542149d45cf825d128901e90c306ee0c23c449ee0b90e124793,1789808457171716000,1789808457171813000,1789808457232436000,1789808457233220000,1789808457246562000,1789808458166004000,1789808458671664000,1789808458737174000
78f5732cec6e89be46cc2fa0ff5c1bac029d3e97be8dee30cbd7dac71d518ea5,1789808457196715999,1789808457196618000,1789808457235421000,1789808457236214000,1789808457265469000,1789808458166004000,1789808458690526000,1789808458727031000
e42c0855179590e08bfc652037f4ef080576f9818e54a2458d7b743b3459bab8,1789808457221716000,1789808457221613000,1789808457300354000,1789808457301192000,1789808457330497000,1789808458166004000,1789808458680904000,1789808458737316000
da19d75da70a2c8eba216c1f0507786d17b6261501edabfe69d51752eb6c32dd,1789808457246716000,1789808457246606000,1789808457351624000,1789808457352436000,1789808457382489000,1789808458166004000,1789808458682509000,1789808458726907000
6710a338b93a520479a396ccf6fc6031c538c2bf8acb6f6299d0423604d9105d,1789808457271716000,1789808457271663000,1789808457331459000,1789808457332296000,1789808457355541000,1789808458166004000,1789808458680905000,1789808458737351000
9538bc318bfe0beedbe0716bcec8afc2d3ce0cd6eddfc2c4822d203a3797de47,1789808457296716000,1789808457296701000,1789808457352566000,1789808457353361000,1789808457382481000,1789808458166004000,1789808458682534000,1789808458726917000
d5165945db5cea6fa1273c43fcde0aa1a240075590eaeebd43408e413866f91b,1789808457321715999,1789808457321649000,1789808457383372000,1789808457384098000,1789808457398562000,1789808458166004000,1789808458673965000,1789808458765706000
43bf3a8c42ba0c1b88690e81d949dcb7db7c8766b7563c2b568d329d824cbaab,1789808457346716000,1789808457346688000,1789808457414718000,1789808457416199000,1789808457446573000,1789808458166004000,1789808458671853000,1789808458765721000
fea3999968376c96d4e465f2d176f548b9ce0be2f3a2e3a6ae2ce4fa2b1a22b9,1789808457371716000,1789808457371605000,1789808457414698000,1789808457415524000,1789808457481483000,1789808458166004000,1789808458681576000,1789808458737237000
8f1971081b2a8e2f925474746ac6ab0f9965b6e0a4b6614fe93260076e81560c,1789808457396716000,1789808457396727000,1789808457444435000,1789808457445242000,1789808457499606000,1789808458166004000,1789808458674694000,1789808458737440000
48b35352f289bb9bee60b3cf1db615c3db047eaec07f937279ba1de95b6ffe78,1789808457421716000,1789808457430877000,1789808457541541000,1789808457557046000,1789808457589527000,1789808458803469000,1789808459264691000,1789808459266917000
dc1056091fe86ac33e9b1b19b44da3a390c11cd59145e68dbff197af2836f9f9,1789808457446715999,1789808457446836000,1789808457521750000,1789808457556353000,1789808457544474000,1789808458803469000,1789808459269545000,1789808459278783000
3c231c1e36b7f5e081e1f8d3554368721b978cb90fc08a64549d4dc6a4ef7d58,1789808457471716000,1789808457471782000,1789808457571356000,1789808457572145000,1789808457601523000,1789808458803469000,1789808459276649000,1789808459282248000
c2ca236100b0533614b5b92772d9dc7c0bb52f6a92483f7eb59a1ca75c07cbc4,1789808457496716000,1789808457496784000,1789808457545246000,1789808457557716000,1789808457601536000,1789808458803469000,1789808459276644000,1789808459282263000
bad010e5e9039433a337a3df685f570b26305e4480925e02439b40125ee7376b,1789808457521716000,1789808457522142000,1789808457618505000,1789808457671248000,1789808457644567000,1789808458803469000,1789808459269636000,1789808459278742000
85070bd2f4e1278ae229a7c11698b98fff1e00cba0b9d00365b37707796e1233,1789808457546716000,1789808457546754000,1789808457641335000,1789808457671935000,1789808457689685000,1789808458803469000,1789808459264703000,1789808459266846000
2248371c5888656b11d21adbf35cbd3525f6b52923a9771d59aa10cc20a865e6,1789808457571715999,1789808457571637000,1789808457690523000,1789808457691288000,1789808457717496000,1789808458803469000,1789808459267514000,1789808459278736000
d7018b05ac0e71e2e74117dd1d9fe2614ffc0938775990f6a89aea079be89a9b,1789808457596716000,1789808457596654000,1789808457690712000,1789808457691966000,1789808457745514000,1789808458803469000,1789808459270631000,1789808459278749000
d4696332d05410cf73b07e3702e279f8c14f576d6b9b26f03bf9f5b534612eb4,1789808457621716000,1789808457621990000,1789808457718600000,1789808457719395000,1789808457761600000,1789808458803469000,1789808459261760000,1789808459266869000
102ceec9144f2521dc65e00e8417ce2294afaafa55dba9f1345cefae438ec984,1789808457646716000,1789808457647019000,1789808457746291000,1789808457747081000,1789808457786554000,1789808458803469000,1789808459261757000,1789808459266860000
3183d840788da99147db0818ec21bac2298dc04409ca084caee116581db1b929,1789808457671716000,1789808457671684000,1789808457746371000,1789808457747764000,1789808457786530000,1789808458803469000,1789808459261742000,1789808459266833000
63200b7571410c08c1b6a4a5634b2c227b7a3486a5463e1201068c272c9110dc,1789808457696715999,1789808457696750000,1789808457787026000,1789808457787889000,1789808457806680000,1789808458803469000,1789808459281711000,1789808459282440000
4791ead7bcb4b88fff5d14632ffaadc22dbef9c580353bd2f219c29e7386fbc4,1789808457721716000,1789808457721994000,1789808457797442000,1789808457798232000,1789808457837513000,1789808458803469000,1789808459262528000,1789808459266862000
26ea3834ab2721c5f372b734b4d770899abf8269ae8fa690fac4717624763d9b,1789808457746716000,1789808457746755000,1789808457832399000,1789808457833172000,1789808457862574000,1789808458803469000,1789808459262569000,1789808459266767000
b57ac55f639d7ce939f5999a2ec02e10b43bef7dfc8e4adac9f4f527b9e176de,1789808457771716000,1789808457771693000,1789808457819492000,1789808457820317000,1789808457862576000,1789808458803469000,1789808459262566000,1789808459266840000
30f300c54a41b6112ae1a15299a789f06654652948c0e8ab59168de4ddad1a28,1789808457796716000,1789808457796790000,1789808457867324000,1789808457868118000,1789808457892481000,1789808458803469000,1789808459267496000,1789808459278686000
25bac512a0ef4c5f274a3d79a03780264e12447d53a82e3d26ee7fe785caa9dd,1789808457821716000,1789808457821742000,1789808457905374000,1789808457906184000,1789808457934481000,1789808458803469000,1789808459259640000,1789808459260398000
328d6059d91472e0c6e881f9f3aeb9cca238055a4ac71471afe1bad92d0248be,1789808457846716000,1789808457846612000,1789808457928326000,1789808457929093000,1789808457966517000,1789808458803469000,1789808459266538000,1789808459267366000
fdeeb5d0221dea5e062a50be588caaf5b53db527a538f2ebd40e9cc285e4593b,1789808457871716000,1789808457871602000,1789808457957879000,1789808457958686000,1789808457981479000,1789808458803469000,1789808459281648000,1789808459282396000
c9a732574f2da84f2142b9939ff80799fb104906f190d010e154c23deb39de2e,1789808457896716000,1789808457896756000,1789808457935307000,1789808457936091000,1789808457981481000,1789808458803469000,1789808459281623000,1789808459282327000
9b989b622bb22d5ca3f6d63b66b279ee550ea4b87655d5d13c847bd886d218d1,1789808457921716000,1789808457921635000,1789808457992633000,1789808457993458000,1789808458027610000,1789808458803469000,1789808459277687000,1789808459282202000
22710cbec063f184700701d33bcd4094ca5c8dfd5dd4459c6241b98312bca68b,1789808457946716000,1789808457946628000,1789808458032564000,1789808458033294000,1789808458052521000,1789808458803469000,1789808459277702000,1789808459282187000
e1db9539b821a6bae35126be717e745ea6b57584b42b8abd753bf3344c458428,1789808457971716000,1789808457971790000,1789808458035300000,1789808458036074000,1789808458093534000,1789808458803469000,1789808459268600000,1789808459269280000
b54d3983a4ed4202658650c4d484b597df338c3e9500975ba6529e240c9c5383,1789808457996716000,1789808457996757000,1789808458068685000,1789808458070162000,1789808458136467000,1789808458803469000,1789808459261754000,1789808459266774000
704888162257c2604163365dc8b2b062b0209d3ff40e1ff461fbb7c01dd3d9fc,1789808458021716000,1789808458027670000,1789808458068682000,1789808458069490000,1789808458136468000,1789808458803469000,1789808459261722000,1789808459266851000
c4a41e7618a5cf76b35292176c735d8097fa83d13e7739c36b45657da697300a,1789808458046716000,1789808458046684000,1789808458282614000,1789808458283946000,1789808458333479000,1789808459275582000,1789808459783951000,1789808459794721000
6ba5fb008f6a673791ce5ada8fc75ae55bd405bded925e886bd3f5cdc6d69dae,1789808458071716000,1789808458071794000,1789808458282637000,1789808458284647000,1789808458310515000,1789808459275582000,1789808459785536000,1789808459794616000
f12827df4b80379a3a47a429ed58f92fb3c98ceaa14c699c401a77e9f796535b,1789808458096716000,1789808458096593000,1789808458282448000,1789808458283244000,1789808458333484000,1789808459275582000,1789808459783929000,1789808459794664000
bc4f340233d15674c72fbbb2389fa4ae6247a05bd8d81b4cd4be2b6554aa8ecc,1789808458121716000,1789808458121813000,1789808458202249000,1789808458214535000,1789808458180475000,1789808459275582000,1789808459780699000,1789808459806208000
5473c5c75e360148bb00201cf83d2b046981721ea50cba32225ebf22a005681f,1789808458146716000,1789808458146791000,1789808458202738000,1789808458215205000,1789808458234504000,1789808459275582000,1789808459784604000,1789808459794673000
9d0b0a4be78ca463bd904bf56191661ca02966e8a945bde0153c6124a2c58b52,1789808458171716000,1789808458171805000,1789808458307675000,1789808458309140000,1789808458333508000,1789808459275582000,1789808459783934000,1789808459794656000
17be0435c045820b4d18a92fa666a54f62b2b1990a58dc58aa007052106db5bb,1789808458196716000,1789808458196778000,1789808458229723000,1789808458230566000,1789808458251526000,1789808459275582000,1789808459776519000,1789808459819678000
1ca858236871533078170356b240038d9e5de13e95c7465d2eb82759fe382d39,1789808458221716000,1789808458221794000,1789808458307667000,1789808458308477000,1789808458333490000,1789808459275582000,1789808459783942000,1789808459795183000
79c17e5c2a7fc844defbdebb8237b421b53530fea17d1badeccd38baf49d1992,1789808458246716000,1789808458246606000,1789808458315433000,1789808458316798000,1789808458366456000,1789808459275582000,1789808459791691000,1789808459794728000
8200439d6ac23defd1e6b30c54c2cb216cf9ee64b9aed2dd67d88457538ba8dd,1789808458271716000,1789808458271615000,1789808458315319000,1789808458316124000,1789808458366457000,1789808459275582000,1789808459791711000,1789808459794599000
9c3b1fa7fd2a1fa672cafbf35a4db071b7e013c5122d84948555037be91ca7af,1789808458296716000,1789808458296635000,1789808458383293000,1789808458389928000,1789808458402511000,1789808459275582000,1789808459777759000,1789808459815921000
fef9ddb9cb666c2a082cf5451fe24e6619e89cf7371ca55651dcb6bad05dca57,1789808458321716000,1789808458321806000,1789808458403987000,1789808458404715000,1789808458441513000,1789808459275582000,1789808459791725000,1789808459795131000
0a3acc40d27a386f59aa13ceed30724448abc9fa0287f214dd2dea8501ae4823,1789808458346716000,1789808458346661000,1789808458406335000,1789808458407715000,1789808458458470000,1789808459275582000,1789808459783950000,1789808459794664000
af568a1992b38ffcf3cc6e1fd91115c26eee059de758128e59cec7fc60b05d3c,1789808458371716000,1789808458371818000,1789808458406301000,1789808458407070000,1789808458458481000,1789808459275582000,1789808459783944000,1789808459794606000
15e916288b9ab11cccafed2644ef0e0bc87041b0f252aa2f8bdfe9332f55429b,1789808458396716000,1789808458396696000,1789808458453522000,1789808458454303000,1789808458478551000,1789808459275582000,1789808459778659000,1789808459819726000
bc5edf86dc7ff0c11bbf902d8379c0a169a003eb2e09720d81819139e02037e0,1789808458421716000,1789808458421779000,1789808458533317000,1789808458534124000,1789808458581586000,1789808459275582000,1789808459781643000,1789808459819721000
24ae24ae4a119568c101ecde7e81e9934ebe2292ab4d45864d7c47f0b4c6166c,1789808458446716000,1789808458446814000,1789808458558434000,1789808458559224000,1789808458621475000,1789808459275582000,1789808459771719000,1789808459819782000
65e6eff1895ce870d376923c87f3bff360ce1d1c82b42ea8bd1e4990e2878f4d,1789808458471716000,1789808458471796000,1789808458571478000,1789808458572290000,1789808458621479000,1789808459275582000,1789808459771705000,1789808459797421000
46ea9ed518dbf5e1366355775d4fd5d77964551806e227b5220ec58aa6897cc1,1789808458496716000,1789808458496811000,1789808458558447000,1789808458559893000,1789808458621485000,1789808459275582000,1789808459771686000,1789808459797415000
5f8e7ba8b9fe1ae423e837f87223e0656750f601521236ee7e6f575ee3d8f246,1789808458521716000,1789808458521711000,1789808458576413000,1789808458577203000,1789808458621496000,1789808459275582000,1789808459771716000,1789808459815931000
fdf11c82a20aa7ce02dde1a7faddaa8ae30b6c0ec81e0a36fa6f88345f714849,1789808458546716000,1789808458546819000,1789808458605178000,1789808458605996000,1789808458643503000,1789808459275582000,1789808459793581000,1789808459795217000
ea68e2366241ab8920527451464f67b4a68f22b2fd0bd6a9f6cc527b6b7c16ea,1789808458571716000,1789808458571755000,1789808458693479000,1789808458694284000,1789808458726505000,1789808459833474000,1789808460376610000,1789808460432089000
a04eaee3edcf695a3c9bc2c7aef8cd8f1f268ccb9d320f373c40088f9c2ef453,1789808458596716000,1789808458596804000,1789808458705529000,1789808458736065000,1789808458761496000,1789808459833474000,1789808460386707000,1789808460432198000
2670533e0cb9f3c0c05b00289699ba81576365a6289bba22bbcdbbbd4a7fdd02,1789808458621716000,1789808458621753000,1789808458715361000,1789808458736733000,1789808458761519000,1789808459833474000,1789808460386719000,1789808460431878000
2a4c75a211e1c2af5bfd332af0983009fec747eb958c9627150d4a7c182bc0e3,1789808458646716000,1789808458646699000,1789808458715362000,1789808458737449000,1789808458761500000,1789808459833474000,1789808460386703000,1789808460409675000
702b543f1259342950e462315e857def703c544bbc63ab94fbc477e13136e623,1789808458671716000,1789808458671646000,1789808458744464000,1789808458745291000,1789808458783779000,1789808459833474000,1789808460383810000,1789808460432094000
34708d0a068eb1a8cf2846261d6f82b664f5062f3dcf149c9c02adb49fed732b,1789808458696716000,1789808458696597000,1789808458781458000,1789808458818949000,1789808458809488000,1789808459833474000,1789808460384660000,1789808460431946000
a902a0e21045259ca35feb586af64e842e1796a603139b123988f9e920868fae,1789808458721716000,1789808458721704000,1789808458804258000,1789808458819617000,1789808458827563000,1789808459833474000,1789808460377653000,1789808460409738000
3cc8250ec94a6f79f20ccbafc4eb6df5e5f9a5628bddd31cfee82967b9530326,1789808458746716000,1789808458746763000,1789808458854473000,1789808458855264000,1789808458901497000,1789808459833474000,1789808460376517000,1789808460432109000
d3a346801d3e9709feb286d52e389f4b65f5c9a10074ce437f284b7ef1b0c682,1789808458771716000,1789808458771580000,1789808458832312000,1789808458833094000,1789808458875529000,1789808459833474000,1789808460375537000,1789808460409818000
d87ff421f6146c2d9e8e5955da6b83b7eb11bcea6434ed0045b8fce6ff15060d,1789808458796716000,1789808458796735000,1789808458858371000,1789808458859158000,1789808458901510000,1789808459833474000,1789808460376570000,1789808460432097000
b2b42c52f267222b9f5f573ed25148963367196c9c3f9d9f4191e0d3ae71b470,1789808458821716000,1789808458821592000,1789808458880443000,1789808458881236000,1789808458919469000,1789808459833474000,1789808460394661000,1789808460431950000
09bf094db110723303548f11c0513e119a21ede4c6f3ba25a0f68267d7ca3727,1789808458846716000,1789808458846693000,1789808458913328000,1789808458914145000,1789808458945476000,1789808459833474000,1789808460395715000,1789808460432103000
9ab2e1ba0ba5efb2537b635f46350b557534cf2380155356ecc4dbb4cddf1391,1789808458871716000,1789808458871584000,1789808458950982000,1789808458951810000,1789808458967583000,1789808459833474000,1789808460392638000,1789808460432210000
90a9397dace5fa1970f7568258ec43a802c6d75aaa35c6eef58b5cdd4c8e940e,1789808458896716000,1789808458896699000,1789808458962462000,1789808458976721000,1789808458984547000,1789808459833474000,1789808460384642000,1789808460409833000
4d06caff50a7e24b1fbf425bc3e90a320f61621335e61d95c43f1ccd10fbb3f2,1789808458921716000,1789808458921579000,1789808458982355000,1789808458983122000,1789808459005479000,1789808459833474000,1789808460380557000,1789808460409749000
54150d47e834a2d72b47115d04e540f3932c2b261e77bb63e77c47c54f2e3540,1789808458946716000,1789808458946744000,1789808458971507000,1789808458977366000,1789808459005475000,1789808459833474000,1789808460380539000,1789808460432231000
96b24032fb91c3d87b91d642ee0d473491266fbe44c36b6fbe355d1cf0c6088f,1789808458971716000,1789808458971595000,1789808459037474000,1789808459038305000,1789808459066482000,1789808459833474000,1789808460391961000,1789808460432159000
da778d6903ac5ba84d2c198bac8c66dcf7193a7da278c074c381b631932bd8f6,1789808458996716000,1789808458996692000,1789808459056503000,1789808459057242000,1789808459087489000,1789808459833474000,1789808460387506000,1789808460409813000
0fb15111da9f8b857092d4eb6da583d0e5b7eafbc86a00e476d1c63eb60d582c,1789808459021716000,1789808459021641000,1789808459075417000,1789808459076231000,1789808459112509000,1789808459833474000,1789808460387510000,1789808460409745000
1d90d742cde99df660f20c9129669414125da47a2b9c2ec9b216ce7575682dc0,1789808459046716000,1789808459046730000,1789808459107349000,1789808459108128000,1789808459153477000,1789808459833474000,1789808460378512000,1789808460432113000
599fdadb7dcf631bbe5bbe8d21408ebc029a9532a2f0919aaf4e39bed5181c3b,1789808459071716000,1789808459071687000,1789808459144375000,1789808459145179000,1789808459176461000,1789808459833474000,1789808460376530000,1789808460432286000
cfc5d5c6125e117690d61d04b87764edbf35b00f011b2cab1b75677b79e8d78e,1789808459096716000,1789808459096686000,1789808459187562000,1789808459188378000,1789808459225486000,1789808460453514000,1789808461075807000,1789808461130244000
d472759f260bf146861127533b6e35564e07637d73ffbaace568d1780fb8dca0,1789808459121716000,1789808459121746000,1789808459203123000,1789808459226084000,1789808459266563000,1789808460453514000,1789808461066545000,1789808461152722000
a0931ae31490b0246f906e8ec5d0be8e73710a43f255a0b498f9aefc6d29581d,1789808459146716000,1789808459146658000,1789808459236324000,1789808459237117000,1789808459291488000,1789808460453514000,1789808461066493000,1789808461152708000
0fb2767474564edae4d79044540cb849a377ca6b1abd66358f3e5d1723136ed1,1789808459171716000,1789808459171737000,1789808459222352000,1789808459226767000,1789808459291461000,1789808460453514000,1789808461066553000,1789808461152763000
39692fbb8ced0dd91a22f8c350c2fc83314c393b4cf70ccf6bad9ab2a115cf89,1789808459196716000,1789808459196672000,1789808459288232000,1789808459292033000,1789808459319457000,1789808460453514000,1789808461069497000,1789808461152754000
440e63d2d80796c8c27bc9550265f0dc3abd3a221e6aece896a67f73e5a0bbeb,1789808459221716000,1789808459225736000,1789808459270283000,1789808459291302000,1789808459319459000,1789808460453514000,1789808461069539000,1789808461152718000
2462ba44ba6168441b148f3b101a681c122ae6c68230a517eaeac8ac2ba69582,1789808459246716000,1789808459246723000,1789808459320337000,1789808459321130000,1789808459349539000,1789808460453514000,1789808461074802000,1789808461130295000
20fd990b334f38bc4e400a2a6c5f3bfe623448f4c2df974a12d8d414475845aa,1789808459271716000,1789808459271641000,1789808459347269000,1789808459348065000,1789808459371542000,1789808460453514000,1789808461071631000,1789808461152754000
0720aad5c4b49d4661afcdb3577c1976885cb27300b61471f23bb88b56b3aebf,1789808459296716000,1789808459296748000,1789808459366479000,1789808459367265000,1789808459411509000,1789808460453514000,1789808461086650000,1789808461145208000
61d7c21f4528aae67f6ee36264ad4c33d990cf1b07622c20da0ea487dc2e3eb2,1789808459321716000,1789808459321718000,1789808459391497000,1789808459392308000,1789808459447506000,1789808460453514000,1789808461072505000,1789808461130239000
c5f24acb09cf8866649e5951cb62a737a232d4ac612cdbd77b60b222bb044306,1789808459346716000,1789808459346615000,1789808459391677000,1789808459392985000,1789808459447500000,1789808460453514000,1789808461072500000,1789808461130264000
a3ca2ec79922e4af90ec65b3fed2408853f49e7146397079fd3911a3b1618155,1789808459371716000,1789808459371572000,1789808459448319000,1789808459449115000,1789808459488570000,1789808460453514000,1789808461088727000,1789808461139489000
c170c6b5ae13cfe3e8cb9af6adf869c69af905bc8630cc7d712629d39c819140,1789808459396716000,1789808459396627000,1789808459479706000,1789808459493588000,1789808459516472000,1789808460453514000,1789808461066479000,1789808461142388000
ed2cfcf2e4aaf0972264841cfb5ba66823812a812790fe8213fbf1cb9d084451,1789808459421716000,1789808459421572000,1789808459489465000,1789808459494260000,1789808459556444000,1789808460453514000,1789808461081475000,1789808461132263000
3b0a37ae05f664e24af0f3643f033d2f93a3b6f03de026aadbefb1057fb2b880,1789808459446716000,1789808459446576000,1789808459513356000,1789808459514200000,1789808459576481000,1789808460453514000,1789808461076609000,1789808461130261000
fdb8eb2ab2f5f407b97615816898e98efdbc3ffe0f27f726cff6853bbe11495f,1789808459471716000,1789808459488633000,1789808459551296000,1789808459552141000,1789808459576474000,1789808460453514000,1789808461076600000,1789808461130242000
78698d62f185996a36ca588f865a04cb43d7a864803205ddbecc329af59e19a1,1789808459496716000,1789808459516732000,1789808459582984000,1789808459584489000,1789808459619497000,1789808460453514000,1789808461069536000,1789808461152724000
0ff6b3ec7056185ec6277d33ed255452e40930e52f94a6568beb5a0518e7b0fb,1789808459521716000,1789808459521588000,1789808459616419000,1789808459617228000,1789808459641499000,1789808460453514000,1789808461066559000,1789808461142346000
5875580f9388e81de1431c31ba094a6b7bef6ba17dc414a0fc63c4befe29f835,1789808459546716000,1789808459546572000,1789808459593872000,1789808459594684000,1789808459641467000,1789808460453514000,1789808461066474000,1789808461142352000
8a00c8d2c2c00eb05b6026789bd862f5e35a590b2d551357090c7cba0eabd42c,1789808459571716000,1789808459571671000,1789808459638237000,1789808459639027000,1789808459670491000,1789808460453514000,1789808461070660000,1789808461152761000
170d2f6462a3dd1f8599bf68529c56b5e65334015f665a6c03fc8f62cb74cb02,1789808459596716000,1789808459596662000,1789808459708324000,1789808459709155000,1789808459729455000,1789808461148265000,1789808461729474000,1789808461780200000
8efa1a3b9847d53fd89c9f695e12a1459fef235f2d66a0d97bac77b453178053,1789808459621716000,1789808459621715000,1789808459718366000,1789808459719161000,1789808459748509000,1789808461148265000,1789808461723650000,1789808461774027000
2e7688678adb20cca401baa765762ed8dc15b858c92eb35b2b61783f198684c8,1789808459646716000,1789808459646748000,1789808459734182000,1789808459734993000,1789808459748523000,1789808461148265000,1789808461723638000,1789808461774101000
adb0a35929adc08fd57cbff03235fa7861e4685619cd7d1ff0d6b6f596a4aab0,1789808459671716000,1789808459671717000,1789808459734277000,1789808459735671000,1789808459748512000,1789808461148265000,1789808461723613000,1789808461774106000
7b393deeecbd6c437e7174e51d0e99adedccf5dd9e19b6494358a77b3667cc97,1789808459696716000,1789808459696720000,1789808459734514000,1789808459736357000,1789808459776462000,1789808461148265000,1789808461726539000,1789808461777175000
f70b369cb7700bcc47e7016779980c113f61c1b80ee29e399e40a08e520edab9,1789808459721716000,1789808459721586000,1789808459810973000,1789808459848842000,1789808459847551000,1789808461148265000,1789808461722689000,1789808461773168000
41542333084553ef8839976b69652b1318c1542211ddda60059585d174967d79,1789808459746716000,1789808459746599000,1789808459838414000,1789808459849547000,1789808459866498000,1789808461148265000,1789808461741671000,1789808461767313000
1f4ebb99ce3d660ca58d2ae78e24200ea1c1546174c53169fb5ee3341cb67681,1789808459771716000,1789808459771695000,1789808459838441000,1789808459850231000,1789808459866524000,1789808461148265000,1789808461741651000,1789808461767303000
56b09bb1bd514f6802c889bf9335a4cd880765171225db421a527c218aa6c7a1,1789808459796716000,1789808459796735000,1789808459861380000,1789808459862179000,1789808459893515000,1789808461148265000,1789808461718723000,1789808461769169000
20a471e27ea020535e1a0ec90f07fd5112ffcea7ea90e851e77788828fe69055,1789808459821716000,1789808459821706000,1789808459894363000,1789808459895174000,1789808459921554000,1789808461148265000,1789808461721565000,1789808461772314000
c4cae08ec9081377b47994d4918da1d48b34529ba2b06fd1d5745d6a951d97b9,1789808459846716000,1789808459846566000,1789808459926508000,1789808459927325000,1789808459962452000,1789808461148265000,1789808461737764000,1789808461763196000
c4f15b6fc72322bc8d98a674118c5b49f718af1fa5c3b2f04c44b00e106e251f,1789808459871716000,1789808459871801000,1789808459951318000,1789808459952116000,1789808460001473000,1789808461148265000,1789808461726521000,1789808461777204000
3e0811a7c9375893e2d3b5f6640d3fb69d62a2289b1a298ae66a415ae495c4e8,1789808459896716000,1789808459896853000,1789808459976649000,1789808459978143000,1789808460033477000,1789808461148265000,1789808461733647000,1789808461784072000
1ad9d4185918f371a0ef2ecde42108472c4cd5dc9b628e607fb9a11d4b440f4f,1789808459921716000,1789808459921580000,1789808459976649000,1789808459977454000,1789808460033559000,1789808461148265000,1789808461733670000,1789808461784148000
a12bad6f2baaec98a4586fee8820d56fa7d5428bbe09226b09ecf04c6a171c54,1789808459946716000,1789808459946637000,1789808460012446000,1789808460013274000,1789808460058464000,1789808461148265000,1789808461733664000,1789808461784082000
eddf5a2927c266b84c0a09be0e713e1348850ac21608e4e71b13f2a20de5a7f1,1789808459971716000,1789808459971749000,1789808460053485000,1789808460054314000,1789808460085445000,1789808461148265000,1789808461735678000,1789808461786152000
4b4f593eefd2abf504f9869f1e2ddc5914bc71b13da159ca2ec5a611ed2c3b8c,1789808459996716000,1789808459996817000,1789808460076073000,1789808460076857000,1789808460113503000,1789808461148265000,1789808461738568000,1789808461764130000
f2506a295995734e3a5646566dcee511596a32d9fb876c02ac9ba925bca837cd,1789808460021716000,1789808460021750000,1789808460093355000,1789808460094131000,1789808460148434000,1789808461148265000,1789808461723631000,1789808461774057000
2443f195a53adb45e8bfe5005b55cf40d3c3697e54ecea5889f78c08b5e743d4,1789808460046716000,1789808460046802000,1789808460093524000,1789808460094782000,1789808460148432000,1789808461148265000,1789808461723655000,1789808461774049000
f1184eb29b9cbbebc2961ef32bb94e0a38ec490cc332b5aab01547d0de262f1b,1789808460071716000,1789808460071729000,1789808460160480000,1789808460161318000,1789808460207519000,1789808461148265000,1789808461732548000,1789808461783184000
9095ea85d7d1199bd4ab1e81ef0ba643d7ae639b7fe68d19da59519acdf0e171,1789808460096716000,1789808460096797000,1789808460199660000,1789808460200474000,1789808460247503000,1789808461148265000,1789808461722697000,1789808461773152000
d777167feeb5bbd2c1ad0a7e105cda16f410ebf97bf15ddb861b835cec33d92a,1789808460121716000,1789808460121618000,1789808460230154000,1789808460231425000,1789808460267466000,1789808461148265000,1789808461717492000,1789808461768090000
ea634df44bfdb1b67058a6982a37b579a889e014aa37e6a32787ebd5d75d97b8,1789808460146716000,1789808460146586000,1789808460229935000,1789808460230738000,1789808460267476000,1789808461148265000,1789808461717498000,1789808461768091000
ddc7dfc53c2e041f280e701295ebdf81b270c1cacda349ff576b86c2478b0ae4,1789808460171716000,1789808460171641000,1789808460248311000,1789808460249054000,1789808460293513000,1789808461148265000,1789808461718729000,1789808461769163000
a38d3cee63eba7b34939817bf51486ed7797ac120569dc27e6bb73084748aa97,1789808460196716000,1789808460196795000,1789808460252350000,1789808460253127000,1789808460293511000,1789808461148265000,1789808461718754000,1789808461769192000
538f633d9992bb560ec83140b23b78684cdbc50540df03071c8f13c19c237ea9,1789808460221716000,1789808460221779000,1789808460330878000,1789808460361756000,1789808460350466000,1789808461148265000,1789808461725526000,1789808461776420000
7842e46ef0a4a2cce6a104cffb0519bebe736c86286dbbae7062651a32cee068,1789808460246716000,1789808460246782000,1789808460330903000,1789808460362490000,1789808460385509000,1789808461148265000,1789808461735634000,1789808461786151000
3176a4f7f969ed2dc904be6129c5236a1e817cd46feafd0069482a0b0ed21aec,1789808460271716000,1789808460271841000,1789808460381576000,1789808460382348000,1789808460419506000,1789808461148265000,1789808461719673000,1789808461770154000
38c18805430912c2aa27411ea228a6523dcc255708f12fc2717a9682da23fdb7,1789808460296716000,1789808460296605000,1789808460381577000,1789808460383048000,1789808460419502000,1789808461148265000,1789808461719694000,1789808461770167000
05fa38f3cadfcf2a970bcd366ff08161021ea7c3fd7342436d2af40a7a2561a0,1789808460321716000,1789808460321629000,1789808460381818000,1789808460383761000,1789808460419500000,1789808461148265000,1789808461719698000,1789808461770161000
21921e675fc4bf8ea95ba25a11bbe9751e66182618c300bf44a74b8bcd692a49,1789808460346716000,1789808460346777000,1789808460445498000,1789808460474229000,1789808460497486000,1789808461148265000,1789808461722686000,1789808461773219000
b1d1fddc8eb890c7d618b2559c718b93a48efcddf9de22f107786be365b7238a,1789808460371716000,1789808460371652000,1789808460445544000,1789808460473541000,1789808460471452000,1789808461148265000,1789808461721592000,1789808461772307000
95cbd2a992f2c9d07e2749dafca267e3f87bdb44a4dbd8b4dded1eb0ffc3c5a7,1789808460396716000,1789808460396794000,1789808460468305000,1789808460475592000,1789808460497485000,1789808461148265000,1789808461722670000,1789808461773148000
e0a7636af0d80a53b8aadd652a80c83b8ea572d300bce0ae20bf434679f92319,1789808460421716000,1789808460421596000,1789808460468335000,1789808460474917000,1789808460497491000,1789808461148265000,1789808461722710000,1789808461773146000
2656fdc232d53a9db27a3d643101506f7f54e4f58a9a0572e6f1ef09b185db7a,1789808460446716000,1789808460446646000,1789808460511262000,1789808460522191000,1789808460550589000,1789808461798531000,1789808462400574000,1789808462406895000
4c05e2e6d202bc0f699e70c756d6b5a37d239a4e929b2eec48aa0692678de126,1789808460471716000,1789808460471682000,1789808460551396000,1789808460552214000,1789808460571679000,1789808461798531000,1789808462421851000,1789808462422370000
a3cdaf06375697efa509d74e68782b9762fa0d03e6cb51e7a88cbaae737f8a98,1789808460496716000,1789808460496681000,1789808460545327000,1789808460546143000,1789808460602456000,1789808461798531000,1789808462402494000,1789808462406892000
5ea7941b5a5593e7a041f5573c56927d66665191feebc36a8bd67d5ec47294d0,1789808460521716000,1789808460521647000,1789808460582407000,1789808460583212000,1789808460628472000,1789808461798531000,1789808462403514000,1789808462406899000
08219df307c5df6bb13911d59d168c6598b899998199f0e6070a25e1ac34707a,1789808460546716000,1789808460550624000,1789808460623475000,1789808460624317000,1789808460648476000,1789808461798531000,1789808462398532000,1789808462406849000
27557ec6a36554738e4634fbae6d00732739063c4f53ef6f9c0c99557cb7fb06,1789808460571716000,1789808460571703000,1789808460649412000,1789808460670747000,1789808460675501000,1789808461798531000,1789808462400548000,1789808462407021000
cf6dbc7e31b1e0edd697a270dc69f459edbc3e875cfbe2e3544fc648462345e7,1789808460596716000,1789808460596703000,1789808460676360000,1789808460677836000,1789808460706468000,1789808461798531000,1789808462406517000,1789808462407231000
ddf4e84c595df3c5f8c4d518838303b61c78280b0bd813b7666e4d510d919073,1789808460621716000,1789808460621730000,1789808460676337000,1789808460677140000,1789808460727602000,1789808461798531000,1789808462402660000,1789808462406874000
0610b0827722552322034ae459d59deb581baf11d22c106eadf6d914f81e2b90,1789808460646716000,1789808460646691000,1789808460711396000,1789808460712130000,1789808460761505000,1789808461798531000,1789808462411665000,1789808462412282000
c5c4e0b89a3347b3f42aa8a6f2b3c0af7104f8d142a0ab43862cf23305f45e8b,1789808460671716000,1789808460671740000,1789808460737263000,1789808460738076000,1789808460784461000,1789808461798531000,1789808462409463000,1789808462410120000
9c6b5ec874c17ab73d0b0ef696985636e2da754c4e654d001b1a5680d7e8d12f,1789808460696716000,1789808460696661000,1789808460780584000,1789808460781390000,1789808460803444000,1789808461798531000,1789808462403482000,1789808462406861000
a765a960994a2e862c6e2539fc8fbf048eb0686ed9144eccf9785137ce434165,1789808460721716000,1789808460721701000,1789808460836301000,1789808460837240000,1789808460866473000,1789808461798531000,1789808462416656000,1789808462417372000
c7423a214d8087497015459e0eb7e35c7517bac6fe3a29c8868a6b4a2ab9f384,1789808460746716000,1789808460746572000,1789808460855288000,1789808460856105000,1789808460896499000,1789808461798531000,1789808462421847000,1789808462422315000
4395ef9a23583cf4abff05ccbbc58a92da9aedc530a1f3b506ad8896e55e06f1,1789808460771716000,1789808460771660000,1789808460852445000,1789808460853273000,1789808460896454000,1789808461798531000,1789808462421836000,1789808462422313000
a53fca9b1f964bc145fc583911018ab9a9e3360b65d15f7f2c6af072ca962f44,1789808460796716000,1789808460796683000,1789808460885939000,1789808460887205000,1789808460938934000,1789808461798531000,1789808462413983000,1789808462414679000
fcc9322d48b5575f6a72808a335235e400c743af618bac0dd2695139186dee19,1789808460821716000,1789808460821597000,1789808460885732000,1789808460886541000,1789808460938925000,1789808461798531000,1789808462413961000,1789808462414685000
d431f7e8799d2deca3523eba293649997eb1a139e4412e75be46c6e612c6172b,1789808460846716000,1789808460846566000,1789808460910419000,1789808460911179000,1789808460967454000,1789808461798531000,1789808462417484000,1789808462418029000
48dd20733282ab0a508369d68b9b8e5ecd8bd47d79e7e076f0071d7a50cb63ec,1789808460871716000,1789808460871730000,1789808460952426000,1789808460953251000,1789808460991454000,1789808461798531000,1789808462416674000,1789808462417372000
a6087264a6281b564906fb17fe4560530545eba929b9b96f9efc880c2074c71d,1789808460896716000,1789808460896567000,1789808460992963000,1789808460993825000,1789808461017450000,1789808461798531000,1789808462417500000,1789808462418028000
198cffaf18e308bbd9396edd3af35b0608a7c1bb248b189198bf99512909d79d,1789808460921716000,1789808460938921000,1789808461012396000,1789808461013172000,1789808461039757000,1789808462448460000,1789808462939762000,1789808462992154000
4e20253b1b65f435ca50963f6f6a649005e1557a92d6d7596e2012f7a2e370f6,1789808460946716000,1789808460946636000,1789808461002557000,1789808461003329000,1789808461039742000,1789808462448460000,1789808462939746000,1789808462992134000
fb5b2ce26ed2ac715ab1724aac7cad32ddde762d48c3d6f1812f55e470f33aa7,1789808460971716000,1789808460971667000,1789808461073278000,1789808461099515000,1789808461072512000,1789808462448460000,1789808462947699000,1789808462973308000
a230e9c0fe3314b58bfffbba747c52fbd4f72c3ea082608e6aaffefc47a449e9,1789808460996716000,1789808460996615000,1789808461085250000,1789808461100194000,1789808461115521000,1789808462448460000,1789808462940655000,1789808462966282000
2bfdc39c9cb0cf7d35ed9769b251d2d80882832a6df47abb281a3ae37b0b1fff,1789808461021716000,1789808461021711000,1789808461101337000,1789808461102113000,1789808461129527000,1789808462448460000,1789808462929827000,1789808462980259000
e4c55cd5f56ecfee93c3a2575b6ffb6b8318d49efdfe2f0c0a3fd30816300ef8,1789808461046716000,1789808461046689000,1789808461162419000,1789808461163960000,1789808461181514000,1789808462448460000,1789808462931567000,1789808462982227000
4f3651dbfbe2664599a512aef41c40ee3c4853fb204d4266121e7f5df200cda5,1789808461071716000,1789808461071616000,1789808461130649000,1789808461163259000,1789808461164502000,1789808462448460000,1789808462939646000,1789808462992213000
bb0c7ca119916c00df8c87ce2e4d992ff2a7d0a8c5ee61aa2c7cead62e539e04,1789808461096716000,1789808461096583000,1789808461182551000,1789808461184018000,1789808461227443000,1789808462448460000,1789808462927543000,1789808462978159000
8b6f9166584903b329c3e14ee6cf089e10531f532bc158e3ad2e6d35cff79ba4,1789808461121716000,1789808461121603000,1789808461182551000,1789808461183338000,1789808461206524000,1789808462448460000,1789808462931563000,1789808462982229000
22aaea91062a3e2c3a3a5c3746bede4a4f3a66f84a147dd3e7b60838d4abb224,1789808461146716000,1789808461146557000,1789808461222252000,1789808461223066000,1789808461257504000,1789808462448460000,1789808462932502000,1789808462983040000
1d9efbde630fd8080728771a479867912b4203bbc694bf5314d1d28464a9b7e9,1789808461171716000,1789808461171560000,1789808461249365000,1789808461250207000,1789808461291458000,1789808462448460000,1789808462941758000,1789808462967106000
20cc04a3c7bcac0a7ff8018971032421aad3f9e36db574e252706d20540ac6dd,1789808461196716000,1789808461196750000,1789808461283363000,1789808461284784000,1789808461317447000,1789808462448460000,1789808462942464000,1789808462968093000
6eb3ffd0885209a834541dd6d67b8e9abe29ee54883dfa8b2a67c1a6f1e0e5c7,1789808461221716000,1789808461221574000,1789808461283299000,1789808461284105000,1789808461317451000,1789808462448460000,1789808462942494000,1789808462968132000
c453e7944ce1e4dd61d180cad8bf3431cff1f9d3d79c1488b06a7f6ccb4111f3,1789808461246716000,1789808461246689000,1789808461318364000,1789808461319183000,1789808461337450000,1789808462448460000,1789808462937600000,1789808462988025000
818ec49179c0c4c13ee27a4a3b4e1d1315cb25ae8ca382439e39b63aaeffaf61,1789808461271716000,1789808461271628000,1789808461348523000,1789808461349318000,1789808461364431000,1789808462448460000,1789808462939663000,1789808462992156000
44b8c586a96105b8772faa0af1fc8f307f0a1cc7023df76d1d5392bd30fd8c2a,1789808461296716000,1789808461296926000,1789808461375594000,1789808461376522000,1789808461406554000,1789808462448460000,1789808462931556000,1789808462982233000
caaa7f58b55985bc278796149bc462c30237cca93fdaa7851b1c9c1e69d74329,1789808461321716000,1789808461321923000,1789808461417375000,1789808461418185000,1789808461467630000,1789808462448460000,1789808462942693000,1789808462968256000
99950f2f5eb5f72072daeeb6be6a3f4a49f6b5b50f3fd43d7287609ec41464d8,1789808461346716000,1789808461346940000,1789808461386255000,1789808461387403000,1789808461429963000,1789808462448460000,1789808462929965000,1789808462980461000
efd3613aed5a088c7ab5b0d42360e151a3c3f1d5f1d693134375d44b22658c43,1789808461371716000,1789808461371565000,1789808461436462000,1789808461437261000,1789808461492505000,1789808462448460000,1789808462942495000,1789808462968122000
17b505100725bc714df2a76eeec6c1464e93fedfce19c7019472b811eded46f2,1789808461396716000,1789808461396554000,1789808461476357000,1789808461477169000,1789808461532365000,1789808462448460000,1789808462932489000,1789808462982924000
8402aea1c34c29d36fa534bb202d4ed185184e63129f195cfdc0952b962e1aa0,1789808461421716000,1789808461429556000,1789808461509402000,1789808461510222000,1789808461566439000,1789808462448460000,1789808462941710000,1789808462967107000
5607f489e75102b971cd8bfceac49986d6599b72abd827df52cabc79f3563068,1789808461446716000,1789808461468110000,1789808461515437000,1789808461516245000,1789808461566449000,1789808462448460000,1789808462941755000,1789808462967081000
83eb9076bd8a1b83cf56aacb1048d78bab924b2784b03d7d8608b2b8a6c4d03d,1789808461471716000,1789808461471898000,1789808461551431000,1789808461552199000,1789808461586432000,1789808462448460000,1789808462936594000,1789808462987169000
ecf0d9639fc5a54a540ee3f7e572bfc2f6e951f154184a745a3bc9338548a645,1789808461496716000,1789808461496553000,1789808461567520000,1789808461568309000,1789808461609453000,1789808462448460000,1789808462934876000,1789808462985357000
36a85e5ee4b55c532581adbdd9b725f53a51721ffabec9e2df538463cfb09c89,1789808461521716000,1789808461521558000,1789808461639544000,1789808461640350000,1789808461679501000,1789808462448460000,1789808462929828000,1789808462980312000
ab95e2dd6e29beb78b5df6e700f14d10992e17c1256e45be455c49b046a090d0,1789808461546716000,1789808461546557000,1789808461621366000,1789808461622173000,1789808461654413000,1789808462448460000,1789808462929788000,1789808462980305000
fd1fe2b650944da6c8e61d3db58b4fd2378437af57661b80f16fe583ee063243,1789808461571716000,1789808461571902000,1789808461675124000,1789808461676442000,1789808461694858000,1789808463033428000,1789808463519860000,1789808463600687000
a407c8d0be0a3967feece69bbc390ae16151092c6279d48661888c032ed9eefa,1789808461596716000,1789808461596906000,1789808461674865000,1789808461675792000,1789808461694807000,1789808463033428000,1789808463519925000,1789808463596831000
d18e89840856d0b93a089651281a2ed31559a84ef9a99b39473b6518b959fb51,1789808461621716000,1789808461621554000,1789808461736431000,1789808461737215000,1789808461762571000,1789808463033428000,1789808463537634000,1789808463600675000
34fc36df9c06796c06a8085cfaf095eabbf1e6642bf9f4e33dabff268e702848,1789808461646716000,1789808461646681000,1789808461767390000,1789808461816540000,1789808461812442000,1789808463033428000,1789808463537618000,1789808463600746000
801e7e81762c3bb9f944d722323f88d3933fb22f004a1ee91f47b23c24367606,1789808461671716000,1789808461671571000,1789808461760358000,1789808461761154000,1789808461792481000,1789808463033428000,1789808463517598000,1789808463600682000
8ef732bcc3e151958c1402f1e6542b05519d9b5091caa593144913aa8fe03cbc,1789808461696716000,1789808461696852000,1789808461777440000,1789808461817864000,1789808461812456000,1789808463033428000,1789808463537630000,1789808463596725000
b29aed28438146f3b7f80e3cfd6b97173c2dc80ae6cb5c62e8da3188e8f96596,1789808461721716000,1789808461721587000,1789808461777439000,1789808461817201000,1789808461812431000,1789808463033428000,1789808463537625000,1789808463600757000
9f6a5b7718b94b41121f158a9b9e3cf6fb4270db0d95ff988e9a5a9ea6f78606,1789808461746716000,1789808461746566000,1789808461827324000,1789808461828137000,1789808461855512000,1789808463033428000,1789808463530515000,1789808463605986000
3b0bc4fccb9a1e740557e4c556c42f47b5d902c3ce227e3cb130d7873948e29e,1789808461771716000,1789808461771768000,1789808461883188000,1789808461883986000,1789808461909466000,1789808463033428000,1789808463534561000,1789808463585282000
e16434b9a5e73b3627bf31b4623c3d51cea13c9f8b58e29c6a29b174558e315a,1789808461796716000,1789808461796733000,1789808461852400000,1789808461853447000,1789808461885506000,1789808463033428000,1789808463535585000,1789808463586106000
797881d7388fac14bb538df0fbe314bf60c85b0fdcf9af159fcc4e95534b063b,1789808461821716000,1789808461821698000,1789808461883222000,1789808461884657000,1789808461909471000,1789808463033428000,1789808463534544000,1789808463585256000
7e252da3a13e57d323aad07f0e014eec4bbf7ee95cdeab55204c2fd2a35bb735,1789808461846716000,1789808461846732000,1789808461910320000,1789808461911143000,1789808461938412000,1789808463033428000,1789808463538437000,1789808463600671000
e8110f8ec869aee0fb7a8858894efe6f726e4a9e8d4d38aabd1993ba96ea35e1,1789808461871716000,1789808461871731000,1789808461962505000,1789808461963404000,1789808461980408000,1789808463033428000,1789808463530506000,1789808463605918000
4d8188f2799dfb119cd960321c0f58a8d570c36589a74e9f782d13ebc9663125,1789808461896716000,1789808461896541000,1789808461994725000,1789808461996115000,1789808462044448000,1789808463033428000,1789808463519660000,1789808463600693000
b5bc4637eebc471b186b0efe9152d85722a26d64b5ab3fac3625a3e068e0d347,1789808461921716000,1789808461921716000,1789808461994881000,1789808461996798000,1789808462013473000,1789808463033428000,1789808463538481000,1789808463600647000
bab8dc3e227e16a868884acd6bba740d8028cc570fed42e4fe54c2eefab433b6,1789808461946716000,1789808461946612000,1789808461994625000,1789808461995431000,1789808462044429000,1789808463033428000,1789808463519627000,1789808463600657000
ee6feb8dbcfd3b4649a741e8b37d6385d82416a72016c5554b6a03c5b1a2d9e0,1789808461971716000,1789808461971736000,1789808462027348000,1789808462040617000,1789808462069535000,1789808463033428000,1789808463519635000,1789808463600653000
1bdf99b5d877fc8e9e3f1b6705898ab1f347665ec8345dc7c56854af1af4961c,1789808461996716000,1789808461996537000,1789808462106483000,1789808462107282000,1789808462132426000,1789808463033428000,1789808463532564000,1789808463583338000
f82b7cabade89515d364f51a17410ace8139b1d25984f00ce4952102f78d1712,1789808462021716000,1789808462021557000,1789808462080403000,1789808462081233000,1789808462111412000,1789808463033428000,1789808463536571000,1789808463587058000
09f284635e7a9fa62efca06daa1939dd77c895fc0cbf85701631b73948ee3e55,1789808462046716000,1789808462046540000,1789808462122403000,1789808462123220000,1789808462154404000,1789808463033428000,1789808463529869000,1789808463605081000
073c7d10e15d90316c74c3a457f4930430da1dcf211dd903d76e8aa9592aab24,1789808462071716000,1789808462071884000,1789808462106776000,1789808462107954000,1789808462132456000,1789808463033428000,1789808463532586000,1789808463583226000
63ef5b00564247d8005d73d59c6c46a9f50753d4efd04ce6770687af2b630329,1789808462096716000,1789808462096873000,1789808462168338000,1789808462169115000,1789808462213447000,1789808463033428000,1789808463538437000,1789808463600659000
6d9d0ad0e63bb82b3308c8fc9e97c06bd53beec0107f0630cce1eee5795f31a9,1789808462121716000,1789808462121641000,1789808462202272000,1789808462203081000,1789808462246522000,1789808463033428000,1789808463521671000,1789808463600675000
277b14d7aba0a4ffc159f1c384970113a46fd0d71dd40ed7bc051520893c530e,1789808462146716000,1789808462146540000,1789808462227507000,1789808462228229000,1789808462281417000,1789808463033428000,1789808463531614000,1789808463607051000
12a7f365f434fa54eb20490cbc341ae121717c98f9b13b4ed8867623fa21bc5d,1789808462171716000,1789808462171875000,1789808462253296000,1789808462254092000,1789808462307489000,1789808463033428000,1789808463532583000,1789808463583286000
5f22a98e6a1beb11e58fb62cc44c3788d5b1b9293bff581017370fee66655b2f,1789808462196716000,1789808462196850000,1789808462247621000,1789808462248475000,1789808462307467000,1789808463033428000,1789808463532568000,1789808463583287000
154f079bb1ea740ede5b0a592587a63b75cbe67b32cbd4e45925523e7006cc4a,1789808462221716000,1789808462221862000,1789808462286296000,1789808462287045000,1789808462329474000,1789808463702461000,1789808464129469000,1789808464202104000
25ade39b6b0f8ddc0f34e7548d625c5c757aeceb52380df6b7e0a422900778d2,1789808462246716000,1789808462246627000,1789808462330768000,1789808462332032000,1789808462380487000,1789808463702461000,1789808464130698000,1789808464202365000
c518acc9ccbdcb4b938aaa2245a808a19fbb6efd0c53979c0fd596bf31cedf28,1789808462271716000,1789808462271585000,1789808462372549000,1789808462389692000,1789808462409453000,1789808463702461000,1789808464140783000,1789808464202095000
9756cab4afef83344182b0a0c4cc64f552c057b74b21af43c2f90030cdaf9fae,1789808462296716000,1789808462296871000,1789808462403462000,1789808462404227000,1789808462432419000,1789808463702461000,1789808464132842000,1789808464202198000
eea5c51ebb3e3f3e8135057403d1037d549d18e5ce86572c7323973d41a1c195,1789808462321716000,1789808462321814000,1789808462385679000,1789808462390402000,1789808462432406000,1789808463702461000,1789808464132794000,1789808464201995000
459e96138d70b990acbc259aa3d8153df3b4baf7ddb998bdce1b4cced13c071f,1789808462346716000,1789808462346550000,1789808462406771000,1789808462407595000,1789808462432434000,1789808463702461000,1789808464132814000,1789808464202244000
577176d6c8c047a9c9fd688a71c0bc594b9d9873c900f98a7acd02bc47fc1685,1789808462371716000,1789808462371648000,1789808462426971000,1789808462467455000,1789808462452413000,1789808463702461000,1789808464170543000,1789808464202054000
0e36ae36fd8a62c14101419cd31e957a39dbe3c74d53c7050c4219a4d43f52b5,1789808462396716000,1789808462396873000,1789808462473298000,1789808462474123000,1789808462515484000,1789808463702461000,1789808464140742000,1789808464202063000
a429de14c0c311a40e8f9c2fdea285c4fb2baa5ed4e65b039607569630fb6c0a,1789808462421716000,1789808462421813000,1789808462553302000,1789808462554078000,1789808462596420000,1789808463702461000,1789808464170180000,1789808464201985000
a0d09e41e9f42de7675385b2d71603794099d7363fbe5ff58e4d15eb35a12ed8,1789808462446716000,1789808462446949000,1789808462523231000,1789808462523974000,1789808462542408000,1789808463702461000,1789808464142628000,1789808464170436000
12e73c9f5ff1b715dd28cfa6403d41519b53978492ceac667b50d50c5a129951,1789808462471716000,1789808462471932000,1789808462539450000,1789808462540249000,1789808462571442000,1789808463702461000,1789808464170194000,1789808464202010000
8d5ed6b846358dae3b6096cad2149a6d561647d462a5031b6061b8b6ed7769f0,1789808462496716000,1789808462496575000,1789808462584269000,1789808462585056000,1789808462617390000,1789808463702461000,1789808464142648000,1789808464202085000
cb899214d21889a849caa6d0091a5472b9da6f2df9af81011c35326fdc407fd0,1789808462521716000,1789808462521710000,1789808462622288000,1789808462623076000,1789808462643447000,1789808463702461000,1789808464162486000,1789808464202049000
8d6ec465991a5451732c02d8015d2059e1a050267b376093ca51f743c519d230,1789808462546716000,1789808462546928000,1789808462647162000,1789808462647954000,1789808462679397000,1789808463702461000,1789808464170603000,1789808464202067000
acc0da3035e9519a8711e8aead5d7a62158c9286c3e21fb5b6f95a734734975b,1789808462571716000,1789808462571972000,1789808462647206000,1789808462648624000,1789808462679408000,1789808463702461000,1789808464129464000,1789808464202006000
55f0ad1079deb3034f2debdaa860937175345bdc3d953c4bb4345633205eaa0e,1789808462596716000,1789808462596742000,1789808462660305000,1789808462670200000,1789808462694615000,1789808463702461000,1789808464170115000,1789808464202044000
bd9249704971c59444ab19f44845e997cc072522b9e77238d45a1e9ac0bdf6d0,1789808462621716000,1789808462621598000,1789808462660425000,1789808462670901000,1789808462694612000,1789808463702461000,1789808464169826000,1789808464202099000
310b392d762e9397e6b8cc2f061d7beaf09189608e5645a8e1f46234b3e2c29a,1789808462646716000,1789808462646599000,1789808462762763000,1789808462764209000,1789808462834444000,1789808463702461000,1789808464140766000,1789808464202058000
6b52a1bf2b648958777122c4ae2621958d6572cd56895e9a221b41de95097b3e,1789808462671716000,1789808462671664000,1789808462762741000,1789808462763533000,1789808462804507000,1789808463702461000,1789808464129502000,1789808464202310000
6f0b20aa41be5e90b1a28f34f920549a837d42c8196bcf8615faf72fb3af1567,1789808462696716000,1789808462696900000,1789808462762908000,1789808462765554000,1789808462834434000,1789808463702461000,1789808464140805000,1789808464202020000
2c59a480ec068db681cdc4f5b4ac395a395f7011e0bff8f0a7a1666ff8894239,1789808462721716000,1789808462721568000,1789808462762845000,1789808462764888000,1789808462834437000,1789808463702461000,1789808464140624000,1789808464202014000
6f3b675946935b8ead751883e6fcb4efdbd0a559f0173c500cdaeb805ef61863,1789808462746716000,1789808462746578000,1789808462801347000,1789808462802073000,1789808462834432000,1789808463702461000,1789808464140778000,1789808464202255000
bf075c4c309cabd647e09b73fa3422e67b90d2892b4c78b1b5fc9737c11b8c65,1789808462771716000,1789808462771602000,1789808462868360000,1789808462869149000,1789808462895307000,1789808463702461000,1789808464170145000,1789808464202072000
4e0d625fa1489b24db7d44ed1f3f00d88ac6a459b03332a9f947a15720bb239b,1789808462796716000,1789808462796660000,1789808462885810000,1789808462887848000,1789808462935378000,1789808463702461000,1789808464140699000,1789808464202253000
df16a872f2ac1133f3e758821951490d0d0e7d8981e867d182a8110af4ff11bf,1789808462821716000,1789808462821663000,1789808462885703000,1789808462886520000,1789808462935385000,1789808463702461000,1789808464140714000,1789808464202113000
0c572cfdd29f319872a3c5e3dc9e4a46edd14a3d9f32790be99fa8374f30ef65,1789808462846716000,1789808462846577000,1789808462885703000,1789808462887182000,1789808462935390000,1789808463702461000,1789808464140475000,1789808464202307000
ad43831644d7d699221ee2e4a514f2f26d1b6fe47199a2ce064096cd0dbe5cb7,1789808462871716000,1789808462871847000,1789808462969915000,1789808462970735000,1789808463009422000,1789808463702461000,1789808464140698000,1789808464202000000
ccafa63594ef2e4ab97a4bb776fe2548b211aa7535fa0d5f758d7b33b6116807,1789808462896716000,1789808462896568000,1789808462998897000,1789808463050089000,1789808463037418000,1789808463702461000,1789808464140682000,1789808464202077000
a597cc095874c29287e6a19bdcb3555007189a97efbbec4fa64365b946790351,1789808462921716000,1789808462921716000,1789808463004254000,1789808463051369000,1789808463037421000,1789808463702461000,1789808464140739000,1789808464202115000
31f7b69f1dfa0cf67d3892990961de8bc30c0e30ff4f658424586348cc477688,1789808462946716000,1789808462946729000,1789808463004232000,1789808463050744000,1789808463037416000,1789808463702461000,1789808464140797000,1789808464202442000
fd71f0d672c53ddf4afb950921a95441caf5200edc6f6722400960660a12a5ab,1789808462971716000,1789808462971704000,1789808463065320000,1789808463066117000,1789808463114379000,1789808463702461000,1789808464140476000,1789808464202240000
c9923d8fe1459c47b55d1dd655fbca2d30e22e141100e07778799c78550509e2,1789808462996716000,1789808462996556000,1789808463059281000,1789808463060077000,1789808463097416000,1789808463702461000,1789808464170203000,1789808464202090000
43a729e534b282ac09a5f040324e2a1d86220141cb29d5be4723549c0284f244,1789808463021716000,1789808463021572000,1789808463168483000,1789808463169858000,1789808463226437000,1789808464222463000,1789808464726500000,1789808464736808000
fd7b09947194d5831e13c323d356ae9b7cd7bb5debf1172c7e225491fa138fdb,1789808463046716000,1789808463046718000,1789808463152312000,1789808463153116000,1789808463197416000,1789808464222463000,1789808464747709000,1789808464748241000
efcf1cdcf7f770a4d0ee67ae2ad71ecd0ff302268ede3c014614aded20a2c953,1789808463071716000,1789808463071697000,1789808463186327000,1789808463187116000,1789808463244404000,1789808464222463000,1789808464744596000,1789808464745319000
7d7f63864bec65e779c4d12a947eac4d60c5f930bb38d6ac61933c5493176adb,1789808463096716000,1789808463096631000,1789808463186324000,1789808463187783000,1789808463244412000,1789808464222463000,1789808464744575000,1789808464745322000
ec77100f089e4afe728b193d2e4f225d923898a75641a9434ec17cbecb77e0b6,1789808463121716000,1789808463121585000,1789808463168410000,1789808463169197000,1789808463226422000,1789808464222463000,1789808464726521000,1789808464736743000
b15ffbc065c12d3c4c1bc765609a49afbc13e0f820297f94bbdc529bdc4fa8ad,1789808463146716000,1789808463146685000,1789808463186337000,1789808463188431000,1789808463244418000,1789808464222463000,1789808464744578000,1789808464745297000
e0636ea3735af256b32c767e5b4129c37b2a66013eea650706f63a72f82c24ac,1789808463171716000,1789808463171557000,1789808463277272000,1789808463278741000,1789808463307471000,1789808464222463000,1789808464732674000,1789808464736733000
32a2271cf684e4a7c566502cdd5799ffeeffe5566c6d36bdbb4d4a0868b45c85,1789808463196716000,1789808463197743000,1789808463254316000,1789808463255132000,1789808463283464000,1789808464222463000,1789808464733456000,1789808464736763000
becf3a265642c9b71b6e6009b3369dc69fda12165fa73560e11cc773b59a395a,1789808463221716000,1789808463221701000,1789808463277271000,1789808463278079000,1789808463307442000,1789808464222463000,1789808464732632000,1789808464736770000
29a174ff338b312c82b0df91cd7c1ffb26be5de557497ee9544a93fd42825612,1789808463246716000,1789808463246558000,1789808463292322000,1789808463293098000,1789808463327468000,1789808464222463000,1789808464727482000,1789808464736703000
6e0ecd880ffd1abed70f9d1432c7c6148e0afb427224d732d4b942713d041557,1789808463271716000,1789808463271524000,1789808463323926000,1789808463324713000,1789808463340410000,1789808464222463000,1789808464740460000,1789808464741037000
449dfd2c416614ff9f65cab5b357551fe284ffcf7ae2aceda3eaed90d28cb962,1789808463296716000,1789808463296539000,1789808463392336000,1789808463393093000,1789808463419495000,1789808464222463000,1789808464744555000,1789808464745288000
da9c0b2c272d7850c6f9028e27e3d7c2481ebec7257bde544b21731f94744f26,1789808463321716000,1789808463321530000,1789808463364341000,1789808463365089000,1789808463394491000,1789808464222463000,1789808464744594000,1789808464745361000
323b1321a99d13a0877fcb1437c53097e7a6d3655c268a507370e76ed3d60bcb,1789808463346716000,1789808463346725000,1789808463417406000,1789808463418208000,1789808463441396000,1789808464222463000,1789808464741513000,1789808464742043000
98ac475d59f36b00f020bd3b73096c9a6cceb39d1e96982c154be44bca500454,1789808463371716000,1789808463371712000,1789808463453254000,1789808463454034000,1789808463484391000,1789808464222463000,1789808464734651000,1789808464736673000
3ac2337cea8f911eaf8428dfe98dd3530698dff4e9f15124a447f65983ef46fd,1789808463396716000,1789808463396524000,1789808463479205000,1789808463480033000,1789808463500480000,1789808464806888000,1789808465375504000,1789808465401052000
06bbbd108b0f3a40f4aa7579c44e66d0c150765fef4836d1b15b25b3f6898887,1789808463421716000,1789808463421538000,1789808463546702000,1789808463566492000,1789808463564464000,1789808464806888000,1789808465389478000,1789808465390106000
014297a023aa1daf029f5e8cebf1c029f57ae0834e80aa87c6fdbd40d9590bba,1789808463446716000,1789808463446684000,1789808463510338000,1789808463511161000,1789808463545461000,1789808464806888000,1789808465395537000,1789808465396122000
970901bba75d02227d97e1d79c3a2e82ec808cce38d9c663c19f5972ed4c1a84,1789808463471716000,1789808463471721000,1789808463562276000,1789808463567177000,1789808463582502000,1789808464806888000,1789808465382603000,1789808465383241000
f2d531f16194773a68627a1a37e9d1a624798ebe652f556a0791b24a0ef1b850,1789808463496716000,1789808463496888000,1789808463607991000,1789808463608789000,1789808463626498000,1789808464806888000,1789808465376485000,1789808465382922000
a2a82de9ed1a84ac5b7dc927bf19ae7dd1e03e45e1130031f0fedfc8f1a163a5,1789808463521716000,1789808463521665000,1789808463608092000,1789808463609452000,1789808463626517000,1789808464806888000,1789808465376498000,1789808465402024000
4163b684fa8a56f3c445d890f76d159b8989b10037eacd35ae286ffdf82a3fa6,1789808463546716000,1789808463546515000,1789808463608512000,1789808463610150000,1789808463648422000,1789808464806888000,1789808465398671000,1789808465399206000
7186bb7d7f1889e6c43fbc8ba46c19b82606008b87b87abe7b0d62b9bd22e585,1789808463571716000,1789808463571675000,1789808463661228000,1789808463717941000,1789808463675963000,1789808464806888000,1789808465375974000,1789808465401429000
292459bedd2f992223a23620bffda54d25883ad3b846a27ddc4e828eb6fa80c8,1789808463596716000,1789808463596526000,1789808463689017000,1789808463718622000,1789808463732627000,1789808464806888000,1789808465382614000,1789808465383269000
93cbc729bce2a253e80dfdd4ca64aac92fb4d8877b40c577a98a39bda35109f1,1789808463621716000,1789808463621646000,1789808463688976000,1789808463716596000,1789808463713418000,1789808464806888000,1789808465388563000,1789808465389213000
04cede590fd3ff3b1d8b5027ff18d867bf2e66b4792fc77cef1e18840797dda0,1789808463646716000,1789808463646659000,1789808463689010000,1789808463717254000,1789808463732531000,1789808464806888000,1789808465382558000,1789808465383242000
dc934bbab526ea48bc49199de0612f5f2dc5c867ab5f3f91b7d99e25de50c25f,1789808463671716000,1789808463671659000,1789808463722215000,1789808463722991000,1789808463779414000,1789808464806888000,1789808465379571000,1789808465404970000
163533aba16e217141f23438f02cf491c26b93f6cc27e60ef5ebb5c1cf1c1d51,1789808463696716000,1789808463696700000,1789808463813273000,1789808463814074000,1789808463845422000,1789808464806888000,1789808465395553000,1789808465396120000
e41de4eb7af7f79a4ac1a5d9c303542c007ab416734af22804bfc50a84e88abf,1789808463721716000,1789808463721672000,1789808463813314000,1789808463814745000,1789808463866441000,1789808464806888000,1789808465391617000,1789808465392311000
64d0d69eee1d91db6b9efabe9b2fa54fc208a1571c7ea046ecdacef050e3d3ea,1789808463746716000,1789808463746674000,1789808463843413000,1789808463844827000,1789808463866458000,1789808464806888000,1789808465391606000,1789808465392256000
3ccbf989b0bdb871583b053109585b8c375cb0c0c4462b871154047ce4cbc822,1789808463771716000,1789808463771543000,1789808463819226000,1789808463820014000,1789808463866434000,1789808464806888000,1789808465391568000,1789808465392231000
4e3467f5a246f5c96f080339da16b1eb4b33ae9c64cacf8c51a58fae33cdb9fc,1789808463796716000,1789808463796663000,1789808463843342000,1789808463844132000,1789808463866432000,1789808464806888000,1789808465391587000,1789808465392260000
6b4e33f591b0b2bd8568ed774aedbd76eaa57bde5c6b2a01a1a6dafbf7dc39a5,1789808463821716000,1789808463821616000,1789808463906328000,1789808463907148000,1789808463942418000,1789808464806888000,1789808465392449000,1789808465393090000
88869bccea66ccef38a3449570edcd51aef98b4b2e70738603bcb69d10bb32e0,1789808463846716000,1789808463846574000,1789808463933692000,1789808463935080000,1789808463973425000,1789808464806888000,1789808465398662000,1789808465399187000
afb2d1ad6033a9ece790f68ab84fff79efca814605e2092861c9208a6d662ed5,1789808463871716000,1789808463871517000,1789808463933620000,1789808463934404000,1789808463973429000,1789808464806888000,1789808465398629000,1789808465399196000
89caec72eeae2f837f6b27e6542a1febf5d31fa1dd31fdd0157793ea41ed15b9,1789808463896716000,1789808463896541000,1789808463940348000,1789808463941141000,1789808463973422000,1789808464806888000,1789808465398649000,1789808465399163000
80642f313844347cd9343c40fde7b1a2565043f0829f104d01ad68874e11ad2c,1789808463921716000,1789808463921594000,1789808463996404000,1789808463997186000,1789808464018425000,1789808464806888000,1789808465393514000,1789808465394138000
2f4ef4764f313d636d9bffe31b9ae093e78c309b5b2ada1d890edd11703586fa,1789808463946716000,1789808463946522000,1789808464048842000,1789808464049628000,1789808464075600000,1789808464806888000,1789808465375639000,1789808465401115000
be6f7617c308d80016e68ac5a46d72e1a64e6e3855c195a444c41c2b4f24b716,1789808463971716000,1789808463971504000,1789808464022712000,1789808464023511000,1789808464053435000,1789808464806888000,1789808465378581000,1789808465404219000
bbfc1a68b2fe169279bea036889d07fd7ef487b3626327aff6e22aa600c8ee18,1789808463996716000,1789808463996636000,1789808464110149000,1789808464111109000,1789808464140886000,1789808465432360000,1789808466040959000,1789808466041511000
a9a1529c699e5710a76826974c9600ad8e4ca33151fae372c0ca0c9a249f9bbf,1789808464021716000,1789808464021504000,1789808464109593000,1789808464110418000,1789808464112411000,1789808465432360000,1789808466037637000,1789808466038262000
665a855ecd72c323227921ecc3641838fae18e124ee767d2163bc39e3bd4964a,1789808464046716000,1789808464053722000,1789808464123707000,1789808464145757000,1789808464169460000,1789808465432360000,1789808466045208000,1789808466045838000
19a3f35b721418b72529afbfffeb7419828752a5c3ed836d73425b6b140ec173,1789808464071716000,1789808464071666000,1789808464151205000,1789808464152010000,1789808464207453000,1789808465432360000,1789808466032452000,1789808466035139000
05b19bb2c40ce80684d52cf4a3b449138b0793dcc88ed51a3ffb699b3e1befed,1789808464096716000,1789808464096548000,1789808464192894000,1789808464193790000,1789808464235469000,1789808465432360000,1789808466035503000,1789808466036115000
526b12e050ff4485f813b54fcad1e37c9be868116c9933d79d5d8adf4ab5015a,1789808464121716000,1789808464121684000,1789808464227265000,1789808464240336000,1789808464258432000,1789808465432360000,1789808466033579000,1789808466035054000
29c8373abb86d7b40fbba7ca9b8d31096f3b76af2e4453c59e80168597fbe92e,1789808464146716000,1789808464169726000,1789808464290580000,1789808464291384000,1789808464296459000,1789808465432360000,1789808466046456000,1789808466047234000
97ba8d138755d853d405b84361ae2cb909d847cf61056217a950171d2d327cd1,1789808464171716000,1789808464171594000,1789808464291095000,1789808464292043000,1789808464326404000,1789808465432360000,1789808466026447000,1789808466061162000
4c9630a7730bf6d0e10204d653525dc9f80af98b517054cd6eac1d1f8c13347f,1789808464196716000,1789808464196565000,1789808464294251000,1789808464295034000,1789808464326435000,1789808465432360000,1789808466026443000,1789808466061205000
bd9025ab4b4ce6f654aeae44aabe0307f6d79f8f84c5879bf41c6cfaa22356a2,1789808464221716000,1789808464221744000,1789808464291459000,1789808464292691000,1789808464326408000,1789808465432360000,1789808466026426000,1789808466061191000
b9d8f6ddb5934c32b27bfc2b5e6297cc47bd4ed6e079260b3d682f2cbf386636,1789808464246716000,1789808464246566000,1789808464304193000,1789808464304982000,1789808464346392000,1789808465432360000,1789808466046422000,1789808466047235000
2ce2f4e3f2de873ee8cbe563eecad042885553e5b86a5352d6ba58d1d5ecf10c,1789808464271716000,1789808464271659000,1789808464337103000,1789808464337873000,1789808464371359000,1789808465432360000,1789808466046458000,1789808466047319000
bd938c4a91ee9e99c1361c565ffcbf2440008d9dad837a7caaf60060c7c75ce0,1789808464296716000,1789808464296620000,1789808464379263000,1789808464380058000,1789808464402464000,1789808465432360000,1789808466027450000,1789808466061168000
e7dc8cad1992affbe7b9f4ddebef51b57d8619f36f6147fd67158d71938fa205,1789808464321716000,1789808464321736000,1789808464397542000,1789808464398328000,1789808464426816000,1789808465432360000,1789808466026806000,1789808466061200000
bd3c8259a1715acb4a8177bc51225156474f73ae1fd08fc9f4b5362803fab660,1789808464346716000,1789808464346658000,1789808464451274000,1789808464452064000,1789808464477408000,1789808465432360000,1789808466027425000,1789808466061148000
0af6e955b4d5254cf6804d07662ab8f4aa6b82a93836f9833efdf33c2667f728,1789808464371716000,1789808464371515000,1789808464421290000,1789808464427485000,1789808464450459000,1789808465432360000,1789808466025682000,1789808466061208000
d674a3ea7cb698b54de9fda269044ee3ca539c3dd9d4dfc2ffa8207ece8fcbf0,1789808464396716000,1789808464396663000,1789808464504860000,1789808464505648000,1789808464514409000,1789808465432360000,1789808466039435000,1789808466040048000
899e158f4b681c8e10753e2d79d7a1f8e56eb5ceca81fd3eced5b32bb302cf82,1789808464421716000,1789808464426517000,1789808464505436000,1789808464506315000,1789808464533407000,1789808465432360000,1789808466033606000,1789808466035075000
384244c4bd9b8cb87ed5dacd5c17b40aacfdd613dee1a544696daed956b4bfa3,1789808464446716000,1789808464446532000,1789808464508474000,1789808464509256000,1789808464533404000,1789808465432360000,1789808466033595000,1789808466035075000
9debb99ecbb1ff797afc2365341a89cd6043969676214a78a285e8b39ac688ab,1789808464471716000,1789808464471607000,1789808464534445000,1789808464535226000,1789808464563376000,1789808465432360000,1789808466038395000,1789808466039014000
4bbd11b08248c4fc965ac31a247ed578658ab1c2de5c0c663e40f68e35088649,1789808464496716000,1789808464496612000,1789808464568543000,1789808464569324000,1789808464596421000,1789808465432360000,1789808466046419000,1789808466047231000
cc0f00f073ca7ef5fee23469b89c4ef86641626e6122f09b6602c5e4c1f06b9f,1789808464521716000,1789808464521604000,1789808464575610000,1789808464576427000,1789808464623393000,1789808465432360000,1789808466023417000,1789808466061103000
266a95020784beb0f4d06b8b22bb20c044eebf78b01b7252a2271388222dd133,1789808464546716000,1789808464546598000,1789808464607582000,1789808464608369000,1789808464647404000,1789808465432360000,1789808466022600000,1789808466047977000
2e4f71ac5e0b5e11413ba102e8aa69eb8871ea8ffa37157b93da06010a6e2256,1789808464571716000,1789808464571526000,1789808464662349000,1789808464663150000,1789808464691539000,1789808466075483000,1789808466666578000,1789808466898676000
3fc043088d0e8cf7506614e78b6eefb7cdbd4d9b09d07943053dcaaa519189a3,1789808464596716000,1789808464596556000,1789808464718462000,1789808464738911000,1789808464763393000,1789808466075483000,1789808466663586000,1789808466898874000
eb1894d508e360c03e4a4dde96aae5165541a5d8ce0e5cd79127521a050020af,1789808464621716000,1789808464621639000,1789808464719077000,1789808464740284000,1789808464787389000,1789808466075483000,1789808466662554000,1789808466898686000
c7647dccdacbeaa6c0ae0244cdee22274fd84096aad015f2e9ab439ba0d6b5d9,1789808464646716000,1789808464646502000,1789808464718470000,1789808464739615000,1789808464763396000,1789808466075483000,1789808466663580000,1789808466898857000
0623489c97e6fb4939a6068bb9eb23e95a8c4ed2d56b4efaae0b7ac17f8a1897,1789808464671716000,1789808464671585000,1789808464789055000,1789808464823687000,1789808464843373000,1789808466075483000,1789808466668574000,1789808466898848000
bff84cec6d47f845ae2bcb763dc3d996d9739d6bf3be86d7789e105a5bc2bda7,1789808464696716000,1789808464696526000,1789808464788738000,1789808464823024000,1789808464820470000,1789808466075483000,1789808466645472000,1789808466898700000
c8c07815add71e6fbb79afa2ecd26bf40f208d37aca5047f96bb32f1666aa32a,1789808464721716000,1789808464735766000,1789808464856340000,1789808464857124000,1789808464907425000,1789808466075483000,1789808466657424000,1789808466943345000
ec79561803926c4b1eff945cf924e9cda760ef7e6fab36a5156693ec7956d61d,1789808464746716000,1789808464746634000,1789808464856377000,1789808464857794000,1789808464907448000,1789808466075483000,1789808466657442000,1789808466943353000
f78e6ed8a1627f7e9ab17b83583972ef6366edd4a7ea815437de99db8025a37e,1789808464771716000,1789808464771515000,1789808464850440000,1789808464851334000,1789808464879445000,1789808466075483000,1789808466656846000,1789808466905011000
5ece7984968623d94ede8b7afdaf68e3061e4987e684297f2cd554f0d389e8c6,1789808464796716000,1789808464796606000,1789808464889460000,1789808464890243000,1789808464946462000,1789808466075483000,1789808466646485000,1789808466898748000
74e9492279ee7e796f8f5b77fed86f54b8d1a0441603aab47072a3a417a899cb,1789808464821716000,1789808464821658000,1789808464872305000,1789808464873082000,1789808464907468000,1789808466075483000,1789808466657452000,1789808466942909000
3f6154352f58ae567855f0343530d0aa1ddc92877e4750ecca059b6c7a01451a,1789808464846716000,1789808464846513000,1789808464914254000,1789808464915037000,1789808464982403000,1789808466075483000,1789808466657421000,1789808466943120000
fcc954079b6cbed23eae62c957432f3804ebc53399a3db08dbb15c9361a9e3f2,1789808464871716000,1789808464871504000,1789808464960984000,1789808464961775000,1789808465002393000,1789808466075483000,1789808466656732000,1789808466902894000
a344d716d9e6e996d2f056bf7497ed7e5d83d0a4d12436969543b2a9dafee26c,1789808464896716000,1789808464896525000,1789808464983618000,1789808464984402000,1789808465023397000,1789808466075483000,1789808466648478000,1789808466899473000
60e315747a058c1d44239777bde69ff3a16add16c8b4bd3c96dbe3cf0b878746,1789808464921716000,1789808464921544000,1789808465012207000,1789808465012992000,1789808465046418000,1789808466075483000,1789808466646520000,1789808466898682000
75e114bd9d791bdffab8fe625a9735f88d96f036212718f3614c305c82329a1e,1789808464946716000,1789808464946492000,1789808465003511000,1789808465004317000,1789808465046379000,1789808466075483000,1789808466646521000,1789808466898853000
e807606aa001dfe00785146e2c946d3a32c092c84396b158ee3d7cce2f0a9189,1789808464971716000,1789808464971497000,1789808465037442000,1789808465038226000,1789808465071474000,1789808466075483000,1789808466646508000,1789808466898960000
8eb12c80b889683c74ef7640f1bef80d38d0f0852d80fbae88dd0701da430a41,1789808464996716000,1789808464996579000,1789808465061046000,1789808465068229000,1789808465090455000,1789808466075483000,1789808466665740000,1789808466898709000
ddae5f41be0864a7cae0696824b0bd9bbff0e0cbd6d81f0305feacb2e514c276,1789808465021716000,1789808465021560000,1789808465085355000,1789808465086129000,1789808465117460000,1789808466075483000,1789808466667474000,1789808466898742000
95d306bf4e584646d6d7e6530e6260d6d953abf39f79b559f36d371cc75512b3,1789808465046716000,1789808465046668000,1789808465126277000,1789808465127066000,1789808465159353000,1789808466075483000,1789808466659826000,1789808466898518000
4881d437f8b2caf532ae228fd7799863ac9040591e473bf9106fa042d52e9a60,1789808465071716000,1789808465071489000,1789808465148394000,1789808465149181000,1789808465185446000,1789808466075483000,1789808466660439000,1789808466898669000
64ed1c71bad72fe2b1073c69d127fc20854d6e2fc52f15e576b221d1ef2812a6,1789808465096716000,1789808465096574000,1789808465190209000,1789808465191035000,1789808465251407000,1789808466075483000,1789808466651575000,1789808466901942000
e8d379c1dbbb54854e27c269d91303a2818843ed3056a8182316dcda41298fd9,1789808465121716000,1789808465121490000,1789808465183730000,1789808465184527000,1789808465226383000,1789808466075483000,1789808466651579000,1789808466901920000
d64f4a7744e2ba12a89f07fa26cdf66a13a9be5988a6596a2b8182b451c03d80,1789808465146715999,1789808465146571000,1789808465218244000,1789808465219036000,1789808465251437000,1789808466075483000,1789808466651549000,1789808466901941000
c2c99475cfad2ebe5fd2c28975c498da66a054bad4fd15975f644747fc2d0e1b,1789808465171716000,1789808465171547000,1789808465243195000,1789808465243996000,1789808465267439000,1789808466075483000,1789808466667454000,1789808466898861000
4be12004ffcf1b59b927005acaebff26bf6877d7d7665a442b5730a8a951571e,1789808465196716000,1789808465196586000,1789808465272189000,1789808465272998000,1789808465293441000,1789808466075483000,1789808466668561000,1789808466898705000
a688294169c07807cb6266adfb574c87b41b6a5d9fd35698470cb9d7d9570714,1789808465221716000,1789808465221578000,1789808465291339000,1789808465292132000,1789808465318460000,1789808466075483000,1789808466668558000,1789808466898754000
90b9c5ad81f75e6b01a6e51c62fde97da944ce77a87fa159dd5cccce560fd5d6,1789808465246716000,1789808465246509000,1789808465325123000,1789808465325894000,1789808465386392000,1789808466075483000,1789808466661601000,1789808466898973000
8ece4d91a87d7aabb6510fb846023b96c9c021bdb811e6ec1ad582fc5f58b67f,1789808465271715999,1789808465271577000,1789808465313245000,1789808465314022000,1789808465357230000,1789808466075483000,1789808466657273000,1789808466943115000
bea73b82983d05f5a5c9e8330cdb2399fb0f099256f3d35252e0a792fc9b0569,1789808465296716000,1789808465296493000,1789808465397363000,1789808465398140000,1789808465420445000,1789808466075483000,1789808466645472000,1789808466898868000
d7c0c7fe05f32ab09cdca604f51ad9f320f34842fb871c1e06f951e30078bf31,1789808465321716000,1789808465321592000,1789808465424605000,1789808465452135000,1789808465450409000,1789808466075483000,1789808466650512000,1789808466901052000
f9410a3bd97e7e4486b8c0c578bb67b19cd7b6db180bc4760ca3a94d65f7f8ae,1789808465346716000,1789808465346593000,1789808465424609000,1789808465453351000,1789808465450405000,1789808466075483000,1789808466650495000,1789808466901059000
1929ba19ccb71adf09515104accbabcbd62ede4b0c259abdd2b1a30bc408f372,1789808465371716000,1789808465371641000,1789808465424608000,1789808465451500000,1789808465450420000,1789808466075483000,1789808466650533000,1789808466901053000
434d9714d3f75cc2f5743232188fafed6057d826db8c77ecb4b538ec5dea846e,1789808465396715999,1789808465396505000,1789808465439430000,1789808465452752000,1789808465478440000,1789808466075483000,1789808466656802000,1789808466903996000
78dd676292b409dbe7614761dbfb1bb37c45e54cbac6620ea532f3f1bd93572b,1789808465421716000,1789808465421604000,1789808465469428000,1789808465470223000,1789808465506386000,1789808466075483000,1789808466656706000,1789808466943109000
02d658658fc812bd51c9a610c194d0abb332977fed6abfe2e094a7ada634694c,1789808465446716000,1789808465446617000,1789808465534243000,1789808465535061000,1789808465565399000,1789808466728068000,1789808467315609000,1789808467316186000
a5882ab949bfcaff39b3d6342e6ef15a634dbad52aae2410b4886fbb5a9d1b02,1789808465471716000,1789808465471563000,1789808465572245000,1789808465573729000,1789808465605433000,1789808466728068000,1789808467330528000,1789808467331155000
65484413da502ad44a036e1fb62bd94a88418fbecd5fda62d9494a142a10e96a,1789808465496716000,1789808465496485000,1789808465562155000,1789808465562971000,1789808465584417000,1789808466728068000,1789808467334529000,1789808467335093000
92ca03406e708d796bdc24569eb124005992801280baf24ea5bff9a364550882,1789808465521715999,1789808465521609000,1789808465572244000,1789808465573055000,1789808465605453000,1789808466728068000,1789808467330518000,1789808467331114000
9cb81e3811d1f71d6348a0da3b617bf30daf3550a4d279eecee123dec6128d6b,1789808465546716000,1789808465546502000,1789808465597909000,1789808465598696000,1789808465636472000,1789808466728068000,1789808467311712000,1789808467312480000
c95ac4a6d1a061ccdf5136f196e1f0e45707e4f8dabe4dddf076540a5808d2b1,1789808465571716000,1789808465571521000,1789808465628325000,1789808465629132000,1789808465666417000,1789808466728068000,1789808467316422000,1789808467317017000
a5f7161d1f91a909b7903b6ad061fedec828365bf95909b0b41344303794abdd,1789808465596716000,1789808465596578000,1789808465657469000,1789808465658277000,1789808465682392000,1789808466728068000,1789808467332504000,1789808467333055000
14377b202b7461842a196ea4681a4cee00f814b97d199e3fbd33ab39a097b5b5,1789808465621716000,1789808465621571000,1789808465687334000,1789808465688106000,1789808465713422000,1789808466728068000,1789808467313506000,1789808467314076000
55c3370a5efc7ab0df37f758336d318dd4ff9b9cc687ca264244b7c3110f1496,1789808465646715999,1789808465646478000,1789808465714217000,1789808465715045000,1789808465745364000,1789808466728068000,1789808467320579000,1789808467321201000
76d5c5126bc5441f603ea1fcbde5777774aeb8aa5fe30ec3bc6cc372c7688787,1789808465671716000,1789808465671578000,1789808465746182000,1789808465746972000,1789808465778459000,1789808466728068000,1789808467328636000,1789808467329241000
79ecf84307b8e48b0deaf4b3261566b180e33e98353906a392dd69ea9cf99046,1789808465696716000,1789808465696610000,1789808465771269000,1789808465772088000,1789808465799401000,1789808466728068000,1789808467324893000,1789808467325539000
5f3dd54f78db33fff7bae8e4b181d6b62d0f6dfd152db29a5e9d8321b937763c,1789808465721716000,1789808465721549000,1789808465810329000,1789808465811099000,1789808465856427000,1789808466728068000,1789808467331426000,1789808467331978000
7fd78c3b346888568e9e410ee9d5c234c6d177351dd52b1d3a76d11162828552,1789808465746716000,1789808465746540000,1789808465833331000,1789808465834081000,1789808465879427000,1789808466728068000,1789808467329448000,1789808467330037000
43ea64ef6aac58f7fd7baa0dcc20cdd89e9194a2e7adaa408815ae75ee7af2e3,1789808465771715999,1789808465771554000,1789808465857294000,1789808465858683000,1789808465901471000,1789808466728068000,1789808467326605000,1789808467327156000
b9d443ee378b611faf3b17130a680f8733669e26b6ef5b9b4bfb14ad00acfb8d,1789808465796716000,1789808465796532000,1789808465857267000,1789808465858042000,1789808465901526000,1789808466728068000,1789808467326622000,1789808467327167000
5127a93d6d4b92825f407416e9b91b77ad17348153be2f737e5e711e2a9d8a32,1789808465821716000,1789808465821627000,1789808465884187000,1789808465884957000,1789808465928489000,1789808466728068000,1789808467328617000,1789808467329251000
d84ff61d1a8e89965f4bd416d6a9fb601ffeaa2cd7537c40e9baa2c3e4c2e2c0,1789808465846716000,1789808465846613000,1789808465923371000,1789808465924187000,1789808465962468000,1789808466728068000,1789808467312488000,1789808467313150000
787024a15c23154f67cdae8d21eafb1f9a423f370dc4194671ddc8c6e1f26888,1789808465871716000,1789808465871597000,1789808465957370000,1789808465999095000,1789808465995403000,1789808466728068000,1789808467320612000,1789808467321212000
ad35a6873475f352a5ec53a1b95bfc466f02b0d17e2d80102133f8ccc549f118,1789808465896715999,1789808465896606000,1789808465991974000,1789808465999701000,1789808466034345000,1789808466728068000,1789808467334546000,1789808467335095000
c98f7cb026d4f8ec15f3fcf66cc3f05ff88d64d054bc3a65d30926454bd099ea,1789808465921716000,1789808465928746000,1789808466035714000,1789808466036517000,1789808466053396000,1789808466728068000,1789808467328636000,1789808467329286000
44393d24adafe275a3f62367b29111bd90d4bcdc4e03ba0c5856d5a1ee8dea83,1789808465946716000,1789808465962792000,1789808466035842000,1789808466037208000,1789808466071315000,1789808466728068000,1789808467321332000,1789808467321868000
d564082a50c5c3e70145728de78538fa45f9dc8cf586a121119b51b7120517ae,1789808465971716000,1789808465971632000,1789808466085173000,1789808466089253000,1789808466105410000,1789808466728068000,1789808467330521000,1789808467331130000
05ab1d12bdcbe3e1ed931aeedcfb4e7ab315b973ebdc26a108626b9dc3f0d6ad,1789808465996716000,1789808465996607000,1789808466085173000,1789808466089902000,1789808466105408000,1789808466728068000,1789808467330511000,1789808467331113000
8a7ad80e1033cda9097e03ff09dd02a607c7d2f78162bda867e5733871b64ca4,1789808466021715999,1789808466021625000,1789808466061388000,1789808466088594000,1789808466088422000,1789808466728068000,1789808467313491000,1789808467314104000
fd8ea0193a90d11ea22dd683531f658510d20b5ee25e2403a63132f7fde74138,1789808466046716000,1789808466046477000,1789808466127195000,1789808466127995000,1789808466155453000,1789808467340432000,1789808467859570000,1789808467881037000
1d0fcfa395641ea61b3636cc4b1d1c9a3cee9336593e9fa98334f9fd3f8ebccb,1789808466071716000,1789808466071628000,1789808466174330000,1789808466175116000,1789808466259409000,1789808467340432000,1789808467859809000,1789808467885103000
6d9c03f29465a0ea66d523e852210565c61a43bafc6eac7f9a1e9c7a9720c78c,1789808466096716000,1789808466096492000,1789808466155833000,1789808466156589000,1789808466179573000,1789808467340432000,1789808467859656000,1789808467880281000
59509a8c0cbfe564874660100ed1171491c2455b2c91e41d5af34369eac234c9,1789808466121716000,1789808466121478000,1789808466177405000,1789808466178168000,1789808466206354000,1789808467340432000,1789808467859513000,1789808467881955000
26296385b678c3654c30b9ed8d00b43856a121fdca8d3735a735ba8a23462601,1789808466146715999,1789808466146548000,1789808466201211000,1789808466202017000,1789808466259408000,1789808467340432000,1789808467859737000,1789808467885126000
3f14809e7b7f9b4e0d8855e7e2151c9df1b374a6cd85bf48602e0f894ef6d73d,1789808466171716000,1789808466179678000,1789808466291695000,1789808466293207000,1789808466327400000,1789808467340432000,1789808467852431000,1789808467877964000
b6c824d815207d12a1b63f9349676e9870824d1d9e14bb51dddeca4aee755942,1789808466196716000,1789808466196525000,1789808466264332000,1789808466265156000,1789808466290414000,1789808467340432000,1789808467865417000,1789808467891069000
c8e66c3aa1623912a4650f690da27bea9804ab9f3482a265762586c263279883,1789808466221716000,1789808466221546000,1789808466291958000,1789808466293875000,1789808466327433000,1789808467340432000,1789808467852437000,1789808467877952000
bd57c8eb7c30d600a84776655b1cf6580695128934426e346c13b008c22ccc77,1789808466246716000,1789808466246532000,1789808466291650000,1789808466292521000,1789808466310370000,1789808467340432000,1789808467860428000,1789808467886066000
6dfc68ba1efad6cc70e5309438888bb76591ca837a5ad6963dafda29e491da70,1789808466271715999,1789808466271498000,1789808466318929000,1789808466319750000,1789808466357373000,1789808467340432000,1789808467859861000,1789808467883019000
1540b85d203da605415a9415b576aa6237ca1321424b8cce684c9cc0dd5f2fa2,1789808466296716000,1789808466296489000,1789808466362294000,1789808466363117000,1789808466387364000,1789808467340432000,1789808467862700000,1789808467888249000
cd5a68501583766b0bc10ba34ff5e33f822f9de342f67434dbcd9806ea42644d,1789808466321716000,1789808466321563000,1789808466392176000,1789808466393597000,1789808466422457000,1789808467340432000,1789808467872584000,1789808467898169000
68fddd2790be226b28dcf9a5e1e66f0366f025524cb0de19a4739b2fa9cad439,1789808466346716000,1789808466346583000,1789808466392158000,1789808466392951000,1789808466459496000,1789808467340432000,1789808467859519000,1789808467885080000
7df4bc5494dab25ab1d00e2c270f413c80f1088d387b70d4a8bce4e5990cb6e2,1789808466371716000,1789808466371471000,1789808466432505000,1789808466433308000,1789808466499512000,1789808467340432000,1789808467874693000,1789808467900362000
ea5c2299141f0b1b9b68aea72337d03617a10a37ea0c462c94b03cecaea0145f,1789808466396716000,1789808466396515000,1789808466472982000,1789808466474325000,1789808466520490000,1789808467340432000,1789808467870586000,1789808467896215000
efae3b48ccb671e83ce2f23884266e2644bcf9766212d6fcbd219fdab2d2721c,1789808466421716000,1789808466421468000,1789808466472839000,1789808466473657000,1789808466520483000,1789808467340432000,1789808467870610000,1789808467896216000
26eb1f0115321f86dc787de6c2b4162ae363383a5555ca8f12e807e574cc7ce1,1789808466446716000,1789808466446544000,1789808466525319000,1789808466526093000,1789808466560350000,1789808467340432000,1789808467860408000,1789808467886040000
3080ad7a439bf977299ad80d4fd15d4737284fc0511a70fb102bd55cafa58a96,1789808466471716000,1789808466486675000,1789808466561536000,1789808466562943000,1789808466599551000,1789808467340432000,1789808467874596000,1789808467900359000
d5f628edd42a16b9f057a23d5276212e9a5a6bc3964793b3c704a3a68b231814,1789808466496716000,1789808466496519000,1789808466561457000,1789808466562271000,1789808466626376000,1789808467340432000,1789808467876471000,1789808467877116000
051097111db5d12d834721aecdcfc5c83a9cfc976407286c8217f373d1c9b8b9,1789808466521716000,1789808466521574000,1789808466567262000,1789808466568064000,1789808466626395000,1789808467340432000,1789808467876491000,1789808467877119000
0344a7cb633d7c070f0f21aff30fdde9c860661934ffe21e340d5a04759aae0b,1789808466546716000,1789808466546483000,1789808466600287000,1789808466601068000,1789808466656430000,1789808467909423000,1789808468431928000,1789808468611385000
fec060ed693745dabbd3f497677af7e3b465dd7a0e14f3a98af33ae32ec0ee96,1789808466571716000,1789808466571539000,1789808466670262000,1789808466671060000,1789808466715409000,1789808467909423000,1789808468415436000,1789808468630913000
1d1751d66c619f057a2735ba5abd913703ecbe404b139298b91c3c0b209851c8,1789808466596716000,1789808466596482000,1789808466642496000,1789808466654685000,1789808466690472000,1789808467909423000,1789808468415460000,1789808468631032000
23957aa0cc9cc441814aa979a4397b5a683452914f3b4944652410426463eeb1,1789808466621716000,1789808466621470000,1789808466716386000,1789808466742802000,1789808466734375000,1789808467909423000,1789808468434610000,1789808468634931000
307100b08a515c466707bc5fe5d5df766ad673a0bc8e6782368bfb41310593d6,1789808466646716000,1789808466646502000,1789808466743383000,1789808466744225000,1789808466774373000,1789808467909423000,1789808468424463000,1789808468631257000
d03f6d17a862f9384e12279dc2594b39084a66499ba3f01cd2753742d192a4f8,1789808466671716000,1789808466671464000,1789808466759163000,1789808466760589000,1789808466793399000,1789808467909423000,1789808468418608000,1789808468611564000
9508baba2f6d74dd974619d03f314b7c019e57da50d621ebbf44c7f069422fcb,1789808466696716000,1789808466696471000,1789808466759145000,1789808466759944000,1789808466793404000,1789808467909423000,1789808468418623000,1789808468631036000
089d6421a37e801b262a7b9f308e562077a94cc76b6dda65d07341c0e2b03523,1789808466721716000,1789808466721461000,1789808466804125000,1789808466804927000,1789808466841360000,1789808467909423000,1789808468416634000,1789808468631023000
e668c48f057bd600d0caa559aa190bb94eb0ab69f5a64bc25b93f5a4fb8b4f14,1789808466746716000,1789808466746527000,1789808466845227000,1789808466846033000,1789808466877404000,1789808467909423000,1789808468427482000,1789808468631035000
2cd0a361323e801bce45df7c9406b268a7798bb67a6dd75852afc9ea041b19ef,1789808466771716000,1789808466771472000,1789808466893713000,1789808466894531000,1789808466942363000,1789808467909423000,1789808468417522000,1789808468631266000
a2d5b758477160f31657822efb16f6d3a7564dac406a8574174fb485ef425639,1789808466796716000,1789808466796462000,1789808466866179000,1789808466866967000,1789808466904350000,1789808467909423000,1789808468429385000,1789808468611561000
27e2210499ed7b779ff54b48b442b9cfdf070b9a64ab549398830ff7a325a777,1789808466821716000,1789808466821469000,1789808466899673000,1789808466900466000,1789808466942359000,1789808467909423000,1789808468417500000,1789808468631043000
f1c62fd7e51416862d7b41e1a893aa35fd9c19d98012f1e089188e4e027ba7a3,1789808466846716000,1789808466846460000,1789808466930283000,1789808466931071000,1789808466977369000,1789808467909423000,1789808468427506000,1789808468611501000
5a54be0fc593946ad95b357beb8e7367613fdf957da454ef7cca5e2565cae7cb,1789808466871716000,1789808466871461000,1789808466958385000,1789808466962431000,1789808466994417000,1789808467909423000,1789808468419542000,1789808468631230000
ed433bdb8a0b220112c7bf65a9f42f514caaf6038818949ddc9172604e09ff32,1789808466896716000,1789808466896460000,1789808466982620000,1789808466984005000,1789808467024377000,1789808467909423000,1789808468424503000,1789808468630900000
e1ec6e1e761f52ab824f2cc3b5dce3db07edbe60e33a481124226b345f4345db,1789808466921716000,1789808466942384000,1789808466982581000,1789808466983365000,1789808467024380000,1789808467909423000,1789808468424487000,1789808468631124000
487dd823fc27d42254cb33c2569ac035fd8ccea5b8086703db426fc3038fda8b,1789808466946716000,1789808466946462000,1789808467029433000,1789808467030225000,1789808467059370000,1789808467909423000,1789808468434623000,1789808468634906000
7e3f6ed1e388161e9bf0dcdc47e080e77fa8e95382666601984ac742a56c6a68,1789808466971716000,1789808466971515000,1789808467052166000,1789808467052970000,1789808467103362000,1789808467909423000,1789808468428558000,1789808468611473000
afbb616cefd738a0d1ea1ad2937e1ae6dc8ad6c189b8d5f0fab8b4de75ab4827,1789808466996716000,1789808466996478000,1789808467100229000,1789808467101336000,1789808467120341000,1789808467909423000,1789808468420455000,1789808468631032000
5e56febaf818ce152c297591def820c2831dae87b027e8044f75d19b29fcd6a1,1789808467021716000,1789808467021546000,1789808467099883000,1789808467100673000,1789808467120338000,1789808467909423000,1789808468420491000,1789808468631175000
256a40f9eb1edf3ebc69eb055e8d23b8a93c120ef418e8c5a1d65d60cba77e88,1789808467046716000,1789808467046517000,1789808467125222000,1789808467126026000,1789808467157389000,1789808467909423000,1789808468432432000,1789808468633134000
aeaea49f1eda6e4845731a107598ed56cc3c8ab925f8dd6a13dd5a51523ab21a,1789808467071716000,1789808467071532000,1789808467148149000,1789808467148926000,1789808467187345000,1789808467909423000,1789808468437529000,1789808468631025000
6602bf1d08ec17443068a1546d48dd415aba7eeed53bb2ebbad086b45c33c0b7,1789808467096716000,1789808467096549000,1789808467182235000,1789808467183647000,1789808467200359000,1789808467909423000,1789808468425406000,1789808468631165000
808d37fe2cdbbe12aa30fc873059602d4f95531b54aa51e8c5fee00972469eaa,1789808467121716000,1789808467121535000,1789808467182174000,1789808467182959000,1789808467200362000,1789808467909423000,1789808468425408000,1789808468611551000
682c20fa6da118b732e692c86f1fc85ba8b77599ac236d2a50a1e5d0dc9d201a,1789808467146716000,1789808467146592000,1789808467209191000,1789808467209978000,1789808467239516000,1789808467909423000,1789808468414689000,1789808468630908000
cc03ff05f3fcd398f51513c8a9edd6fb35dedd519104b7199e887fdda06bfc6a,1789808467171716000,1789808467171493000,1789808467222347000,1789808467223126000,1789808467279192000,1789808467909423000,1789808468429553000,1789808468611590000
d079ce34e6909d027a6bce2cf02aacfff0dc1ce798781ed7216c197922798129,1789808467196716000,1789808467196549000,1789808467306203000,1789808467306958000,1789808467356479000,1789808467909423000,1789808468431775000,1789808468630909000
6a4834cc232003cbe57e42a83f5dd6124a9a6e10b825c713fa74dadd79656ee2,1789808467221716000,1789808467221529000,1789808467306203000,1789808467307609000,1789808467356444000,1789808467909423000,1789808468431759000,1789808468611564000
173899e743c5cf9c8726d3bd02d2e9f7708f2ad2cb830b285e2e5608778b0968,1789808467246716000,1789808467246474000,1789808467338290000,1789808467357964000,1789808467387395000,1789808467909423000,1789808468437551000,1789808468631126000
3244312b2bb70546ff5293a1b827ee5322a8f52df056a6fee9720649904e9bfb,1789808467271716000,1789808467279506000,1789808467341456000,1789808467358655000,1789808467387408000,1789808467909423000,1789808468437545000,1789808468631107000
7f3db0adf9ed3cc3e2d5cf05bb60e9baade8c0f7d54d7a6ffab787d4ed1bfa19,1789808467296716000,1789808467296520000,1789808467357306000,1789808467359334000,1789808467422376000,1789808467909423000,1789808468422388000,1789808468630900000
ff3736e14f20640c06a9d37dcc1ade7bc9ed367d1bcbcd7bf6bd4973954ae53d,1789808467321716000,1789808467321488000,1789808467404163000,1789808467404959000,1789808467449352000,1789808468501370000,1789808468924534000,1789808468941085000
060f2f486209f974805bb2177b30a4b91092bc15854b3197ea2c3660d17e415d,1789808467346716000,1789808467346695000,1789808467460342000,1789808467461755000,1789808467526354000,1789808468501370000,1789808468926626000,1789808468941263000
7865f834e0c9ca5863ac6ae93afefc17de27934fd9e9bb92eb6f6516edb6a94a,1789808467371716000,1789808467371472000,1789808467460279000,1789808467461094000,1789808467526357000,1789808468501370000,1789808468926641000,1789808468941021000
555d4e8191e2fdb5d2d9a8492e6dbea06f9d74769fa300dc7d623886fb5a224f,1789808467396716000,1789808467396702000,1789808467454232000,1789808467454972000,1789808467504349000,1789808468501370000,1789808468929911000,1789808468941005000
bd55a05de1b51e2bef5bfffb037cfe46e0b40961c5b33475cdd9f50d38b3e2ab,1789808467421716000,1789808467421535000,1789808467497281000,1789808467498102000,1789808467526353000,1789808468501370000,1789808468926642000,1789808468941129000
97899801dc9470b98657b4db5e63c50de75935dea679f0df0c97ef3fc19e84f7,1789808467446716000,1789808467446490000,1789808467497370000,1789808467498761000,1789808467526360000,1789808468501370000,1789808468926630000,1789808468941240000
02ef435704e7c2e3fb75cfc8f00a9ea390fd2aa1e148ad934b1d870ae71df070,1789808467471716000,1789808467471659000,1789808467583182000,1789808467585433000,1789808467620423000,1789808468501370000,1789808468920532000,1789808468946122000
21972e0d77752ff7a0c1c5be9049c57ef21bbb0990a1ef8eb741a2cef5d560bd,1789808467496716000,1789808467496578000,1789808467564327000,1789808467584136000,1789808467591422000,1789808468501370000,1789808468916495000,1789808468941990000
217ffde53dd52d23ab022c47c2117ca183a8c7674ecae5d2ddee99ed6bcc2e78,1789808467521716000,1789808467521638000,1789808467583182000,1789808467584766000,1789808467620415000,1789808468501370000,1789808468920592000,1789808468946146000
6a633fe19c4deb9619b4d496567385962c9587ff1dceaa67e0b23df0ac3049f3,1789808467546716000,1789808467546528000,1789808467589353000,1789808467590165000,1789808467620411000,1789808468501370000,1789808468920560000,1789808468946133000
dd077a4abb03f96ab94490929299f0efc2fd0b0d0e7cb733ce7f1db90ba765df,1789808467571716000,1789808467571677000,1789808467624188000,1789808467625012000,1789808467658371000,1789808468501370000,1789808468933564000,1789808468941139000
627fafb57480bd680b3e467fdf11042dc593c0494a3700f8fb5fff9ae0ac1f79,1789808467596716000,1789808467596634000,1789808467695162000,1789808467695953000,1789808467723347000,1789808468501370000,1789808468923548000,1789808468941008000
c1d689786ae3ad3bc1eabd4cd5b0c35a4ca4edc6b5084d263599434597fcec82,1789808467621716000,1789808467621524000,1789808467659317000,1789808467660116000,1789808467690304000,1789808468501370000,1789808468915555000,1789808468941563000
ae5f8a09e11a838774f7f01561bb10de0d5daa653be14d6667ea4b6c8cf1ae72,1789808467646716000,1789808467646909000,1789808467724569000,1789808467725383000,1789808467757334000,1789808468501370000,1789808468932346000,1789808468941226000
a4659e6bf02eef131c360919a813c09c7a73b9e42e16a19ce593b38d9df57b4a,1789808467671716000,1789808467671678000,1789808467768196000,1789808467769001000,1789808467799365000,1789808468501370000,1789808468924541000,1789808468941224000
6f4f22205e7c8829d9b667786c662871be39c00fa17682b88a2c19e5fc39b612,1789808467696716000,1789808467696698000,1789808467790215000,1789808467791005000,1789808467829229000,1789808468501370000,1789808468929931000,1789808468941135000
aaa1b53d3b62b81fbaef73b5397fd39ce959427e11455268aaf4b310eed0228b,1789808467721716000,1789808467721692000,1789808467778197000,1789808467778978000,1789808467829219000,1789808468501370000,1789808468929934000,1789808468935588000
f30dbf44e3fb887b6afefbc03c15ebf946216d4644ac16a01560fcbe8a8bad6e,1789808467746716000,1789808467746627000,1789808467819723000,1789808467865067000,1789808467859598000,1789808468501370000,1789808468934790000,1789808468950496000
6e20a1e996008a30b2216a5b1dd7225bf53d7a7f3fa2395f65d5582f993a5ebb,1789808467771716000,1789808467771702000,1789808467880224000,1789808467881032000,1789808467913324000,1789808468501370000,1789808468938522000,1789808468941222000
8b7bf0283e6df72a981e46849f493aca437b401efd238d9ce83a7b1efa7362e4,1789808467796716000,1789808467796708000,1789808467962903000,1789808467964248000,1789808467968420000,1789808469012349000,1789808469393894000,1789808469421599000
bd92a446a73fcb13c298f8ffab4ee07243e6209ebd970e99a9f828e63acb3311,1789808467821716000,1789808467821527000,1789808467962695000,1789808467963491000,1789808467968388000,1789808469012349000,1789808469393898000,1789808469421602000
a558452748f83de70280ea88ef3f1d3c799821710492d3faf9d2321a19bf18a4,1789808467846716000,1789808467846698000,1789808467963041000,1789808467964907000,1789808467950454000,1789808469012349000,1789808469375446000,1789808469401148000
3afa98286dcc66c802fab74dfeb6769d85c509d6276ca8effc41388a926956bc,1789808467871716000,1789808467871587000,1789808467963296000,1789808467965576000,1789808467994356000,1789808469012349000,1789808469394352000,1789808469421603000
189fd2e68fc4ab5a1e6c37e6f2b069c7c39a91fc1ec78aecfcd710b13db5a953,1789808467896716000,1789808467896528000,1789808467964106000,1789808467966232000,1789808467994368000,1789808469012349000,1789808469394372000,1789808469421740000
2db0785a6b094456bafe42054c71097f15ec2de20c498927c2585bae331d9acf,1789808467921716000,1789808467921590000,1789808467991157000,1789808467991955000,1789808468011426000,1789808469012349000,1789808469386448000,1789808469412038000
28ae85166d4d432d692249ae2effed17d719e8514409931f454c3b8e5df5375e,1789808467946716000,1789808467946703000,1789808468056609000,1789808468057966000,1789808468081354000,1789808469012349000,1789808469381601000,1789808469406998000
f6c3d2bbfc4ebdf092fb1815cdb7ee61f0377292103d0ba36720ce0bece7b3ac,1789808467971716000,1789808467971694000,1789808468056499000,1789808468057299000,1789808468100327000,1789808469012349000,1789808469375468000,1789808469401150000
2d77796f4a82f8d0254c5f2d9aae1581bb679cefbbf49d9270dc9d2de56bca5e,1789808467996716000,1789808467996668000,1789808468086338000,1789808468087131000,1789808468122403000,1789808469012349000,1789808469372601000,1789808469398153000
c58a189aeec754014dada3b349022701ac4948a51cbff2a43637aa35f44216c3,1789808468021716000,1789808468021526000,1789808468086542000,1789808468088465000,1789808468122410000,1789808469012349000,1789808469372555000,1789808469398196000
4f02bea11cb4a48258c5fe0ea9a3c035ae2d84d3285fece65d43889553be6638,1789808468046716000,1789808468046466000,1789808468086424000,1789808468087797000,1789808468122402000,1789808469012349000,1789808469372589000,1789808469398172000
cf6cbec7fac7e905d3a10cc0083d1dd1866e81f576ee834ee6ffbef00d882abe,1789808468071716000,1789808468071697000,1789808468137115000,1789808468137943000,1789808468164353000,1789808469012349000,1789808469389653000,1789808469421601000
a2e3dd9412e9666cc19b0b41201a4b9a2aa63adddc04f53771cdf4b591fc16f4,1789808468096716000,1789808468096526000,1789808468200062000,1789808468200858000,1789808468229755000,1789808469012349000,1789808469379861000,1789808469405395000
db6c4befedc1e88914d78f05ccaad761966d0c79cabf42fa31e6d684d6461df1,1789808468121716000,1789808468121593000,1789808468200118000,1789808468201530000,1789808468254399000,1789808469012349000,1789808469379849000,1789808469405404000
92ac8a899d9b53528a366dace6c3ffbeb07e5192f74f16c1e457bd488bd76406,1789808468146716000,1789808468146713000,1789808468249385000,1789808468250714000,1789808468318434000,1789808469012349000,1789808469393879000,1789808469421653000
e0a2c12aa6440f98b872030fc4e60d45f55c6dac0b248ff41e4936e87816faab,1789808468171716000,1789808468171581000,1789808468249214000,1789808468249991000,1789808468287368000,1789808469012349000,1789808469387564000,1789808469413049000
c10e628692ce30cbf07aeea18c4faa8580750d6c8d6c08709ec324aac0bc0bf5,1789808468196716000,1789808468196502000,1789808468249470000,1789808468251394000,1789808468318412000,1789808469012349000,1789808469393870000,1789808469421644000
f0d9cd3b81023e30e06bded98ec22c7d18c515490665c4f413c9b6ead59cb7ad,1789808468221716000,1789808468229806000,1789808468319158000,1789808468319986000,1789808468361347000,1789808469012349000,1789808469386458000,1789808469412022000
e85fe64e7a12cd168eaaba296f0dfa3bb736c7c39637735b123878e0c2797f66,1789808468246716000,1789808468246555000,1789808468356322000,1789808468357808000,1789808468395378000,1789808469441364000,1789808469745390000,1789808469821050000
9407ff82c42c978686aa4ac61cf980ec05fe8dd5cdf5341637794afd10596728,1789808468271716000,1789808468271678000,1789808468356291000,1789808468357112000,1789808468395366000,1789808469441364000,1789808469745388000,1789808469821026000
a31deb6dc9c3b61e0b1a66b8e0f00f6f4acffa3272b91c5a9a39585a57dad1dd,1789808468296716000,1789808468296695000,1789808468356329000,1789808468358455000,1789808468395362000,1789808469441364000,1789808469745388000,1789808469820987000
bc7b7c1d8f71f625f6c99e0ec15287bca644011c2887eec06c598a386b9d84e0,1789808468321716000,1789808468321715000,1789808468417300000,1789808468433758000,1789808468451340000,1789808469441364000,1789808469751441000,1789808469802149000
e1633a1ff87bd578fcf7e4804c7a37080909be4bbf1f34aca64a60182edec0a6,1789808468346716000,1789808468346667000,1789808468406225000,1789808468433052000,1789808468451480000,1789808469441364000,1789808469751601000,1789808469802199000
34662d02c3ddb43efe623bbeb4424404ec3ca64a49ca75835937c1bf7f9a194c,1789808468371716000,1789808468371821000,1789808468472132000,1789808468519562000,1789808468504352000,1789808469441364000,1789808469754543000,1789808469804902000
907da243ec86932f4e0bbdb48c46b9a4f27be959db8745f993a362e741e767a0,1789808468396716000,1789808468396464000,1789808468482203000,1789808468520278000,1789808468530349000,1789808469441364000,1789808469755422000,1789808469806013000
0ae41b7b24b105805648ecdb25d9726bab94de42e3650bb4e7954d512b7bb92e,1789808468421716000,1789808468421653000,1789808468546123000,1789808468546946000,1789808468576374000,1789808469441364000,1789808469751423000,1789808469802158000
a922ea132f487287c705a72e9382b9abb00f6fc2c99f801f86e3ea3ce0e3b333,1789808468446716000,1789808468451716000,1789808468505144000,1789808468520942000,1789808468549341000,1789808469441364000,1789808469749437000,1789808469800095000
10ae8a606a39f8ceca5cb7b82dbb162fa4d39be48f94b98ea8103b1cca835525,1789808468471716000,1789808468471634000,1789808468546171000,1789808468547632000,1789808468576339000,1789808469441364000,1789808469751404000,1789808469802142000
72625300173e7e7da285fad403d24375266c4e0535e3a721cb1b1c4f7ee2963d,1789808468496716000,1789808468496672000,1789808468563131000,1789808468563941000,1789808468594349000,1789808469441364000,1789808469745013000,1789808469819869000
e8db075458f476ec78c4f9fbc770b368a4c6568a92c78d7d8dfa038b6d1f6b9e,1789808468521716000,1789808468521694000,1789808468595247000,1789808468596061000,1789808468620334000,1789808469441364000,1789808469745375000,1789808469821050000
006656d501f40722e987c966ace9a17c009cd1b434bce606a4bef342fa7b94d5,1789808468546716000,1789808468546610000,1789808468631732000,1789808468632553000,1789808468654343000,1789808469441364000,1789808469754565000,1789808469804898000
7014ce41bd284c6b5e0114fb9a790e8f0b19168fbb0c8c680c77fb37b94b5e29,1789808468571716000,1789808468571570000,1789808468649652000,1789808468650450000,1789808468676371000,1789808469441364000,1789808469751435000,1789808469802116000
13828b0a823a0e5f0222c36ec49a6da3c8a3fd85ce00c093eedc92cac325a968,1789808468596716000,1789808468596596000,1789808468686773000,1789808468688146000,1789808468716333000,1789808469441364000,1789808469741513000,1789808469816829000
20919e0735377d4912bae0a16a70b101c15ac0420a8ce8d91986531f7f12a2fd,1789808468621716000,1789808468621673000,1789808468686656000,1789808468687455000,1789808468746346000,1789808469441364000,1789808469746505000,1789808469821883000
5207b10b3d5c60b25216715ba5d00dae955ae765fe779ce9b9c70d5d2416fbb1,1789808468646716000,1789808468646707000,1789808468717113000,1789808468717918000,1789808468770314000,1789808469441364000,1789808469745370000,1789808469821088000
b72762216f7f81f72c36c0d9cd09bf2b264f6d80c5a0725b828f3df39edd5631,1789808468671716000,1789808468671712000,1789808468721092000,1789808468721907000,1789808468770312000,1789808469441364000,1789808469745350000,1789808469821076000
980431a50bf69d4f3f9c47eb851330615ad413df58ec6b8c25ceb981b6a4bd1d,1789808468696716000,1789808468696491000,1789808468782166000,1789808468782971000,1789808468807312000,1789808469441364000,1789808469732755000,1789808469807929000
dd19a8620159bc73ab3a81d94cabb51797b5c3518402ba4892e5c159205f80c4,1789808468721716000,1789808468721707000,1789808468813018000,1789808468813809000,1789808468848362000,1789808469441364000,1789808469748617000,1789808469824015000
137dfae521b8ecda23b9f50cc853cc0757deb24a59fe11bcd631aed7d814e145,1789808468746716000,1789808468746597000,1789808468813419000,1789808468814521000,1789808468874299000,1789808469441364000,1789808469749428000,1789808469800102000
d706136e889434195136e81eca1f0a8482ac005d1abe2a4c4d37204c95811b3e,1789808468771716000,1789808468771614000,1789808468836318000,1789808468837111000,1789808468874321000,1789808469441364000,1789808469749410000,1789808469800098000
8401f7c9dd2586100b29432aeb3b202148e39b987cf2c13fc07e82aca440aa2f,1789808468796716000,1789808468796596000,1789808468852098000,1789808468852906000,1789808468901386000,1789808469441364000,1789808469751441000,1789808469802174000
7450ffe848d29c7b0a1f3d2981df60bb20a212917c86746068b9263bd5f42e09,1789808468821716000,1789808468821439000,1789808468935869000,1789808468942956000,1789808468991394000,1789808469441364000,1789808469741545000,1789808469816865000
0d3e89337478cd2a1d5f5b01d7fb7c434a5b30fcf00b64da6b150d1c6515ba36,1789808468846716000,1789808468846598000,1789808468935678000,1789808468942281000,1789808468961347000,1789808469441364000,1789808469736640000,1789808469811986000
5809d8a6a1e384810a2351ce1e2f98044d247f3482a40c6fdac61e449c73b558,1789808468871716000,1789808468871618000,1789808468971101000,1789808468971873000,1789808469012363000,1789808469441364000,1789808469737513000,1789808469812909000
46ee60c9a13304115425cff1a900df69a5e6c74c99bd87241847604350c3fc40,1789808468896716000,1789808468896470000,1789808468941429000,1789808468943604000,1789808468991428000,1789808469441364000,1789808469741521000,1789808469816905000
a804a33ceba1efe7d8e6515a3a99889e5147ad77a6853befc28145e07df0aba0,1789808468921716000,1789808468921498000,1789808468992226000,1789808469028518000,1789808469035321000,1789808469790372000,1789808469986516000,1789808469987307000
af5ebda3a9d47a02f8bf1e3e2f6deea23da026f439197cf5e1144abe00a60b3e,1789808468946716000,1789808468946453000,1789808469046178000,1789808469046968000,1789808469080413000,1789808469790372000,1789808469980474000,1789808470006006000
3e3e7a5d3133ed702ab619d968524c47aea9c28f0b80c4cb579c85d0612417a6,1789808468971716000,1789808468971441000,1789808469083709000,1789808469098119000,1789808469099455000,1789808469790372000,1789808469999552000,1789808470000155000
52bd1b641cb2218d35b022fc1602baa84196b8061a39a49ca4272f28d500bbd6,1789808468996716000,1789808468996574000,1789808469096544000,1789808469098822000,1789808469122321000,1789808469790372000,1789808469997575000,1789808469998240000
d6976aef62612921d2c3ac0094de275a88c1fd6a59fe3df43bdaea9ab28c7c6e,1789808469021716000,1789808469021584000,1789808469083604000,1789808469097422000,1789808469099423000,1789808469790372000,1789808469999533000,1789808470000141000
0dc433bfbe3a89bca9db65d467d5f2c121785d9a0bc07463f289adad10ee70c2,1789808469046716000,1789808469046517000,1789808469139217000,1789808469140110000,1789808469175427000,1789808469790372000,1789808470000519000,1789808470001352000
e46ff73f2e030ee068abe2c0747b4aaa1d8bc8ae1b02ccded4a265b9663ad57e,1789808469071716000,1789808469071617000,1789808469113365000,1789808469114161000,1789808469148378000,1789808469790372000,1789808469998430000,1789808469999040000
928d8efe49c7b031e2f494ef7013d9d60294f8a58a5e43e41b7ed66e7312706a,1789808469096716000,1789808469096598000,1789808469173180000,1789808469173964000,1789808469190318000,1789808469790372000,1789808469991135000,1789808469991818000
